ISO-10303-21;
HEADER;
/* Generated by software containing ST-Developer
 * from STEP Tools, Inc. (www.steptools.com) 
 */

FILE_DESCRIPTION(
/* description */ (''),
/* implementation_level */ '2;1');

FILE_NAME(
/* name */ 'ManyStripes_CV11.step',
/* time_stamp */ '2026-03-17T10:45:54-04:00',
/* author */ (''),
/* organization */ (''),
/* preprocessor_version */ 'ST-DEVELOPER v20.1',
/* originating_system */ 'Autodesk Translation Framework v14.24.0.0',
/* authorisation */ '');

FILE_SCHEMA (('AUTOMOTIVE_DESIGN { 1 0 10303 214 3 1 1 }'));
ENDSEC;

DATA;
#10=MECHANICAL_DESIGN_GEOMETRIC_PRESENTATION_REPRESENTATION('',(#13),#3333);
#11=SHAPE_REPRESENTATION_RELATIONSHIP('SRR','None',#3340,#12);
#12=ADVANCED_BREP_SHAPE_REPRESENTATION('',(#2081),#3332);
#13=STYLED_ITEM('',(#3349),#2081);
#14=ORIENTED_CLOSED_SHELL('',*,#2060,.F.);
#15=ORIENTED_CLOSED_SHELL('',*,#2061,.F.);
#16=ORIENTED_CLOSED_SHELL('',*,#2062,.F.);
#17=ORIENTED_CLOSED_SHELL('',*,#2063,.F.);
#18=ORIENTED_CLOSED_SHELL('',*,#2064,.F.);
#19=ORIENTED_CLOSED_SHELL('',*,#2065,.F.);
#20=ORIENTED_CLOSED_SHELL('',*,#2066,.F.);
#21=ORIENTED_CLOSED_SHELL('',*,#2067,.F.);
#22=ORIENTED_CLOSED_SHELL('',*,#2068,.F.);
#23=ORIENTED_CLOSED_SHELL('',*,#2069,.F.);
#24=ORIENTED_CLOSED_SHELL('',*,#2070,.F.);
#25=ORIENTED_CLOSED_SHELL('',*,#2071,.F.);
#26=ORIENTED_CLOSED_SHELL('',*,#2072,.F.);
#27=ORIENTED_CLOSED_SHELL('',*,#2073,.F.);
#28=ORIENTED_CLOSED_SHELL('',*,#2074,.F.);
#29=ORIENTED_CLOSED_SHELL('',*,#2075,.F.);
#30=ORIENTED_CLOSED_SHELL('',*,#2076,.F.);
#31=ORIENTED_CLOSED_SHELL('',*,#2077,.F.);
#32=ORIENTED_CLOSED_SHELL('',*,#2078,.F.);
#33=ORIENTED_CLOSED_SHELL('',*,#2079,.F.);
#34=ORIENTED_CLOSED_SHELL('',*,#2080,.F.);
#35=FACE_OUTER_BOUND('',#167,.T.);
#36=FACE_OUTER_BOUND('',#168,.T.);
#37=FACE_OUTER_BOUND('',#169,.T.);
#38=FACE_OUTER_BOUND('',#170,.T.);
#39=FACE_OUTER_BOUND('',#171,.T.);
#40=FACE_OUTER_BOUND('',#172,.T.);
#41=FACE_OUTER_BOUND('',#173,.T.);
#42=FACE_OUTER_BOUND('',#174,.T.);
#43=FACE_OUTER_BOUND('',#175,.T.);
#44=FACE_OUTER_BOUND('',#176,.T.);
#45=FACE_OUTER_BOUND('',#177,.T.);
#46=FACE_OUTER_BOUND('',#178,.T.);
#47=FACE_OUTER_BOUND('',#179,.T.);
#48=FACE_OUTER_BOUND('',#180,.T.);
#49=FACE_OUTER_BOUND('',#181,.T.);
#50=FACE_OUTER_BOUND('',#182,.T.);
#51=FACE_OUTER_BOUND('',#183,.T.);
#52=FACE_OUTER_BOUND('',#184,.T.);
#53=FACE_OUTER_BOUND('',#185,.T.);
#54=FACE_OUTER_BOUND('',#186,.T.);
#55=FACE_OUTER_BOUND('',#187,.T.);
#56=FACE_OUTER_BOUND('',#188,.T.);
#57=FACE_OUTER_BOUND('',#189,.T.);
#58=FACE_OUTER_BOUND('',#190,.T.);
#59=FACE_OUTER_BOUND('',#191,.T.);
#60=FACE_OUTER_BOUND('',#192,.T.);
#61=FACE_OUTER_BOUND('',#193,.T.);
#62=FACE_OUTER_BOUND('',#194,.T.);
#63=FACE_OUTER_BOUND('',#195,.T.);
#64=FACE_OUTER_BOUND('',#196,.T.);
#65=FACE_OUTER_BOUND('',#197,.T.);
#66=FACE_OUTER_BOUND('',#198,.T.);
#67=FACE_OUTER_BOUND('',#199,.T.);
#68=FACE_OUTER_BOUND('',#200,.T.);
#69=FACE_OUTER_BOUND('',#201,.T.);
#70=FACE_OUTER_BOUND('',#202,.T.);
#71=FACE_OUTER_BOUND('',#203,.T.);
#72=FACE_OUTER_BOUND('',#204,.T.);
#73=FACE_OUTER_BOUND('',#205,.T.);
#74=FACE_OUTER_BOUND('',#206,.T.);
#75=FACE_OUTER_BOUND('',#207,.T.);
#76=FACE_OUTER_BOUND('',#208,.T.);
#77=FACE_OUTER_BOUND('',#209,.T.);
#78=FACE_OUTER_BOUND('',#210,.T.);
#79=FACE_OUTER_BOUND('',#211,.T.);
#80=FACE_OUTER_BOUND('',#212,.T.);
#81=FACE_OUTER_BOUND('',#213,.T.);
#82=FACE_OUTER_BOUND('',#214,.T.);
#83=FACE_OUTER_BOUND('',#215,.T.);
#84=FACE_OUTER_BOUND('',#216,.T.);
#85=FACE_OUTER_BOUND('',#217,.T.);
#86=FACE_OUTER_BOUND('',#218,.T.);
#87=FACE_OUTER_BOUND('',#219,.T.);
#88=FACE_OUTER_BOUND('',#220,.T.);
#89=FACE_OUTER_BOUND('',#221,.T.);
#90=FACE_OUTER_BOUND('',#222,.T.);
#91=FACE_OUTER_BOUND('',#223,.T.);
#92=FACE_OUTER_BOUND('',#224,.T.);
#93=FACE_OUTER_BOUND('',#225,.T.);
#94=FACE_OUTER_BOUND('',#226,.T.);
#95=FACE_OUTER_BOUND('',#227,.T.);
#96=FACE_OUTER_BOUND('',#228,.T.);
#97=FACE_OUTER_BOUND('',#229,.T.);
#98=FACE_OUTER_BOUND('',#230,.T.);
#99=FACE_OUTER_BOUND('',#231,.T.);
#100=FACE_OUTER_BOUND('',#232,.T.);
#101=FACE_OUTER_BOUND('',#233,.T.);
#102=FACE_OUTER_BOUND('',#234,.T.);
#103=FACE_OUTER_BOUND('',#235,.T.);
#104=FACE_OUTER_BOUND('',#236,.T.);
#105=FACE_OUTER_BOUND('',#237,.T.);
#106=FACE_OUTER_BOUND('',#238,.T.);
#107=FACE_OUTER_BOUND('',#239,.T.);
#108=FACE_OUTER_BOUND('',#240,.T.);
#109=FACE_OUTER_BOUND('',#241,.T.);
#110=FACE_OUTER_BOUND('',#242,.T.);
#111=FACE_OUTER_BOUND('',#243,.T.);
#112=FACE_OUTER_BOUND('',#244,.T.);
#113=FACE_OUTER_BOUND('',#245,.T.);
#114=FACE_OUTER_BOUND('',#246,.T.);
#115=FACE_OUTER_BOUND('',#247,.T.);
#116=FACE_OUTER_BOUND('',#248,.T.);
#117=FACE_OUTER_BOUND('',#249,.T.);
#118=FACE_OUTER_BOUND('',#250,.T.);
#119=FACE_OUTER_BOUND('',#251,.T.);
#120=FACE_OUTER_BOUND('',#252,.T.);
#121=FACE_OUTER_BOUND('',#253,.T.);
#122=FACE_OUTER_BOUND('',#254,.T.);
#123=FACE_OUTER_BOUND('',#255,.T.);
#124=FACE_OUTER_BOUND('',#256,.T.);
#125=FACE_OUTER_BOUND('',#257,.T.);
#126=FACE_OUTER_BOUND('',#258,.T.);
#127=FACE_OUTER_BOUND('',#259,.T.);
#128=FACE_OUTER_BOUND('',#260,.T.);
#129=FACE_OUTER_BOUND('',#261,.T.);
#130=FACE_OUTER_BOUND('',#262,.T.);
#131=FACE_OUTER_BOUND('',#263,.T.);
#132=FACE_OUTER_BOUND('',#264,.T.);
#133=FACE_OUTER_BOUND('',#265,.T.);
#134=FACE_OUTER_BOUND('',#266,.T.);
#135=FACE_OUTER_BOUND('',#267,.T.);
#136=FACE_OUTER_BOUND('',#268,.T.);
#137=FACE_OUTER_BOUND('',#269,.T.);
#138=FACE_OUTER_BOUND('',#270,.T.);
#139=FACE_OUTER_BOUND('',#271,.T.);
#140=FACE_OUTER_BOUND('',#272,.T.);
#141=FACE_OUTER_BOUND('',#273,.T.);
#142=FACE_OUTER_BOUND('',#274,.T.);
#143=FACE_OUTER_BOUND('',#275,.T.);
#144=FACE_OUTER_BOUND('',#276,.T.);
#145=FACE_OUTER_BOUND('',#277,.T.);
#146=FACE_OUTER_BOUND('',#278,.T.);
#147=FACE_OUTER_BOUND('',#279,.T.);
#148=FACE_OUTER_BOUND('',#280,.T.);
#149=FACE_OUTER_BOUND('',#281,.T.);
#150=FACE_OUTER_BOUND('',#282,.T.);
#151=FACE_OUTER_BOUND('',#283,.T.);
#152=FACE_OUTER_BOUND('',#284,.T.);
#153=FACE_OUTER_BOUND('',#285,.T.);
#154=FACE_OUTER_BOUND('',#286,.T.);
#155=FACE_OUTER_BOUND('',#287,.T.);
#156=FACE_OUTER_BOUND('',#288,.T.);
#157=FACE_OUTER_BOUND('',#289,.T.);
#158=FACE_OUTER_BOUND('',#290,.T.);
#159=FACE_OUTER_BOUND('',#291,.T.);
#160=FACE_OUTER_BOUND('',#292,.T.);
#161=FACE_OUTER_BOUND('',#293,.T.);
#162=FACE_OUTER_BOUND('',#294,.T.);
#163=FACE_OUTER_BOUND('',#295,.T.);
#164=FACE_OUTER_BOUND('',#296,.T.);
#165=FACE_OUTER_BOUND('',#297,.T.);
#166=FACE_OUTER_BOUND('',#298,.T.);
#167=EDGE_LOOP('',(#1267,#1268,#1269,#1270));
#168=EDGE_LOOP('',(#1271,#1272,#1273,#1274));
#169=EDGE_LOOP('',(#1275,#1276,#1277,#1278));
#170=EDGE_LOOP('',(#1279,#1280,#1281,#1282));
#171=EDGE_LOOP('',(#1283,#1284,#1285,#1286));
#172=EDGE_LOOP('',(#1287,#1288,#1289,#1290));
#173=EDGE_LOOP('',(#1291,#1292,#1293,#1294));
#174=EDGE_LOOP('',(#1295,#1296,#1297,#1298));
#175=EDGE_LOOP('',(#1299,#1300,#1301,#1302));
#176=EDGE_LOOP('',(#1303,#1304,#1305,#1306));
#177=EDGE_LOOP('',(#1307,#1308,#1309,#1310));
#178=EDGE_LOOP('',(#1311,#1312,#1313,#1314));
#179=EDGE_LOOP('',(#1315,#1316,#1317,#1318));
#180=EDGE_LOOP('',(#1319,#1320,#1321,#1322));
#181=EDGE_LOOP('',(#1323,#1324,#1325,#1326));
#182=EDGE_LOOP('',(#1327,#1328,#1329,#1330));
#183=EDGE_LOOP('',(#1331,#1332,#1333,#1334));
#184=EDGE_LOOP('',(#1335,#1336,#1337,#1338));
#185=EDGE_LOOP('',(#1339,#1340,#1341,#1342));
#186=EDGE_LOOP('',(#1343,#1344,#1345,#1346));
#187=EDGE_LOOP('',(#1347,#1348,#1349,#1350));
#188=EDGE_LOOP('',(#1351,#1352,#1353,#1354));
#189=EDGE_LOOP('',(#1355,#1356,#1357,#1358));
#190=EDGE_LOOP('',(#1359,#1360,#1361,#1362));
#191=EDGE_LOOP('',(#1363,#1364,#1365,#1366));
#192=EDGE_LOOP('',(#1367,#1368,#1369,#1370));
#193=EDGE_LOOP('',(#1371,#1372,#1373,#1374));
#194=EDGE_LOOP('',(#1375,#1376,#1377,#1378));
#195=EDGE_LOOP('',(#1379,#1380,#1381,#1382));
#196=EDGE_LOOP('',(#1383,#1384,#1385,#1386));
#197=EDGE_LOOP('',(#1387,#1388,#1389,#1390));
#198=EDGE_LOOP('',(#1391,#1392,#1393,#1394));
#199=EDGE_LOOP('',(#1395,#1396,#1397,#1398));
#200=EDGE_LOOP('',(#1399,#1400,#1401,#1402));
#201=EDGE_LOOP('',(#1403,#1404,#1405,#1406));
#202=EDGE_LOOP('',(#1407,#1408,#1409,#1410));
#203=EDGE_LOOP('',(#1411,#1412,#1413,#1414));
#204=EDGE_LOOP('',(#1415,#1416,#1417,#1418));
#205=EDGE_LOOP('',(#1419,#1420,#1421,#1422));
#206=EDGE_LOOP('',(#1423,#1424,#1425,#1426));
#207=EDGE_LOOP('',(#1427,#1428,#1429,#1430));
#208=EDGE_LOOP('',(#1431,#1432,#1433,#1434));
#209=EDGE_LOOP('',(#1435,#1436,#1437,#1438));
#210=EDGE_LOOP('',(#1439,#1440,#1441,#1442));
#211=EDGE_LOOP('',(#1443,#1444,#1445,#1446));
#212=EDGE_LOOP('',(#1447,#1448,#1449,#1450));
#213=EDGE_LOOP('',(#1451,#1452,#1453,#1454));
#214=EDGE_LOOP('',(#1455,#1456,#1457,#1458));
#215=EDGE_LOOP('',(#1459,#1460,#1461,#1462));
#216=EDGE_LOOP('',(#1463,#1464,#1465,#1466));
#217=EDGE_LOOP('',(#1467,#1468,#1469,#1470));
#218=EDGE_LOOP('',(#1471,#1472,#1473,#1474));
#219=EDGE_LOOP('',(#1475,#1476,#1477,#1478));
#220=EDGE_LOOP('',(#1479,#1480,#1481,#1482));
#221=EDGE_LOOP('',(#1483,#1484,#1485,#1486));
#222=EDGE_LOOP('',(#1487,#1488,#1489,#1490));
#223=EDGE_LOOP('',(#1491,#1492,#1493,#1494));
#224=EDGE_LOOP('',(#1495,#1496,#1497,#1498));
#225=EDGE_LOOP('',(#1499,#1500,#1501,#1502));
#226=EDGE_LOOP('',(#1503,#1504,#1505,#1506));
#227=EDGE_LOOP('',(#1507,#1508,#1509,#1510));
#228=EDGE_LOOP('',(#1511,#1512,#1513,#1514));
#229=EDGE_LOOP('',(#1515,#1516,#1517,#1518));
#230=EDGE_LOOP('',(#1519,#1520,#1521,#1522));
#231=EDGE_LOOP('',(#1523,#1524,#1525,#1526));
#232=EDGE_LOOP('',(#1527,#1528,#1529,#1530));
#233=EDGE_LOOP('',(#1531,#1532,#1533,#1534));
#234=EDGE_LOOP('',(#1535,#1536,#1537,#1538));
#235=EDGE_LOOP('',(#1539,#1540,#1541,#1542));
#236=EDGE_LOOP('',(#1543,#1544,#1545,#1546));
#237=EDGE_LOOP('',(#1547,#1548,#1549,#1550));
#238=EDGE_LOOP('',(#1551,#1552,#1553,#1554));
#239=EDGE_LOOP('',(#1555,#1556,#1557,#1558));
#240=EDGE_LOOP('',(#1559,#1560,#1561,#1562));
#241=EDGE_LOOP('',(#1563,#1564,#1565,#1566));
#242=EDGE_LOOP('',(#1567,#1568,#1569,#1570));
#243=EDGE_LOOP('',(#1571,#1572,#1573,#1574));
#244=EDGE_LOOP('',(#1575,#1576,#1577,#1578));
#245=EDGE_LOOP('',(#1579,#1580,#1581,#1582));
#246=EDGE_LOOP('',(#1583,#1584,#1585,#1586));
#247=EDGE_LOOP('',(#1587,#1588,#1589,#1590));
#248=EDGE_LOOP('',(#1591,#1592,#1593,#1594));
#249=EDGE_LOOP('',(#1595,#1596,#1597,#1598));
#250=EDGE_LOOP('',(#1599,#1600,#1601,#1602));
#251=EDGE_LOOP('',(#1603,#1604,#1605,#1606));
#252=EDGE_LOOP('',(#1607,#1608,#1609,#1610));
#253=EDGE_LOOP('',(#1611,#1612,#1613,#1614));
#254=EDGE_LOOP('',(#1615,#1616,#1617,#1618));
#255=EDGE_LOOP('',(#1619,#1620,#1621,#1622));
#256=EDGE_LOOP('',(#1623,#1624,#1625,#1626));
#257=EDGE_LOOP('',(#1627,#1628,#1629,#1630));
#258=EDGE_LOOP('',(#1631,#1632,#1633,#1634));
#259=EDGE_LOOP('',(#1635,#1636,#1637,#1638));
#260=EDGE_LOOP('',(#1639,#1640,#1641,#1642));
#261=EDGE_LOOP('',(#1643,#1644,#1645,#1646));
#262=EDGE_LOOP('',(#1647,#1648,#1649,#1650));
#263=EDGE_LOOP('',(#1651,#1652,#1653,#1654));
#264=EDGE_LOOP('',(#1655,#1656,#1657,#1658));
#265=EDGE_LOOP('',(#1659,#1660,#1661,#1662));
#266=EDGE_LOOP('',(#1663,#1664,#1665,#1666));
#267=EDGE_LOOP('',(#1667,#1668,#1669,#1670));
#268=EDGE_LOOP('',(#1671,#1672,#1673,#1674));
#269=EDGE_LOOP('',(#1675,#1676,#1677,#1678));
#270=EDGE_LOOP('',(#1679,#1680,#1681,#1682));
#271=EDGE_LOOP('',(#1683,#1684,#1685,#1686));
#272=EDGE_LOOP('',(#1687,#1688,#1689,#1690));
#273=EDGE_LOOP('',(#1691,#1692,#1693,#1694));
#274=EDGE_LOOP('',(#1695,#1696,#1697,#1698));
#275=EDGE_LOOP('',(#1699,#1700,#1701,#1702));
#276=EDGE_LOOP('',(#1703,#1704,#1705,#1706));
#277=EDGE_LOOP('',(#1707,#1708,#1709,#1710));
#278=EDGE_LOOP('',(#1711,#1712,#1713,#1714));
#279=EDGE_LOOP('',(#1715,#1716,#1717,#1718));
#280=EDGE_LOOP('',(#1719,#1720,#1721,#1722));
#281=EDGE_LOOP('',(#1723,#1724,#1725,#1726));
#282=EDGE_LOOP('',(#1727,#1728,#1729,#1730));
#283=EDGE_LOOP('',(#1731,#1732,#1733,#1734));
#284=EDGE_LOOP('',(#1735,#1736,#1737,#1738));
#285=EDGE_LOOP('',(#1739,#1740,#1741,#1742));
#286=EDGE_LOOP('',(#1743,#1744,#1745,#1746));
#287=EDGE_LOOP('',(#1747,#1748,#1749,#1750));
#288=EDGE_LOOP('',(#1751,#1752,#1753,#1754));
#289=EDGE_LOOP('',(#1755,#1756,#1757,#1758));
#290=EDGE_LOOP('',(#1759,#1760,#1761,#1762));
#291=EDGE_LOOP('',(#1763,#1764,#1765,#1766));
#292=EDGE_LOOP('',(#1767,#1768,#1769,#1770));
#293=EDGE_LOOP('',(#1771,#1772,#1773,#1774));
#294=EDGE_LOOP('',(#1775,#1776,#1777,#1778));
#295=EDGE_LOOP('',(#1779,#1780,#1781,#1782));
#296=EDGE_LOOP('',(#1783,#1784,#1785,#1786));
#297=EDGE_LOOP('',(#1787,#1788,#1789,#1790));
#298=EDGE_LOOP('',(#1791,#1792,#1793,#1794));
#299=LINE('',#2761,#563);
#300=LINE('',#2763,#564);
#301=LINE('',#2765,#565);
#302=LINE('',#2766,#566);
#303=LINE('',#2769,#567);
#304=LINE('',#2771,#568);
#305=LINE('',#2772,#569);
#306=LINE('',#2775,#570);
#307=LINE('',#2776,#571);
#308=LINE('',#2779,#572);
#309=LINE('',#2780,#573);
#310=LINE('',#2782,#574);
#311=LINE('',#2787,#575);
#312=LINE('',#2789,#576);
#313=LINE('',#2791,#577);
#314=LINE('',#2792,#578);
#315=LINE('',#2795,#579);
#316=LINE('',#2797,#580);
#317=LINE('',#2798,#581);
#318=LINE('',#2801,#582);
#319=LINE('',#2802,#583);
#320=LINE('',#2805,#584);
#321=LINE('',#2806,#585);
#322=LINE('',#2808,#586);
#323=LINE('',#2813,#587);
#324=LINE('',#2815,#588);
#325=LINE('',#2817,#589);
#326=LINE('',#2818,#590);
#327=LINE('',#2821,#591);
#328=LINE('',#2823,#592);
#329=LINE('',#2824,#593);
#330=LINE('',#2827,#594);
#331=LINE('',#2828,#595);
#332=LINE('',#2831,#596);
#333=LINE('',#2832,#597);
#334=LINE('',#2834,#598);
#335=LINE('',#2839,#599);
#336=LINE('',#2841,#600);
#337=LINE('',#2843,#601);
#338=LINE('',#2844,#602);
#339=LINE('',#2847,#603);
#340=LINE('',#2849,#604);
#341=LINE('',#2850,#605);
#342=LINE('',#2853,#606);
#343=LINE('',#2854,#607);
#344=LINE('',#2857,#608);
#345=LINE('',#2858,#609);
#346=LINE('',#2860,#610);
#347=LINE('',#2865,#611);
#348=LINE('',#2867,#612);
#349=LINE('',#2869,#613);
#350=LINE('',#2870,#614);
#351=LINE('',#2873,#615);
#352=LINE('',#2875,#616);
#353=LINE('',#2876,#617);
#354=LINE('',#2879,#618);
#355=LINE('',#2880,#619);
#356=LINE('',#2883,#620);
#357=LINE('',#2884,#621);
#358=LINE('',#2886,#622);
#359=LINE('',#2891,#623);
#360=LINE('',#2893,#624);
#361=LINE('',#2895,#625);
#362=LINE('',#2896,#626);
#363=LINE('',#2899,#627);
#364=LINE('',#2901,#628);
#365=LINE('',#2902,#629);
#366=LINE('',#2905,#630);
#367=LINE('',#2906,#631);
#368=LINE('',#2909,#632);
#369=LINE('',#2910,#633);
#370=LINE('',#2912,#634);
#371=LINE('',#2917,#635);
#372=LINE('',#2919,#636);
#373=LINE('',#2921,#637);
#374=LINE('',#2922,#638);
#375=LINE('',#2925,#639);
#376=LINE('',#2927,#640);
#377=LINE('',#2928,#641);
#378=LINE('',#2931,#642);
#379=LINE('',#2932,#643);
#380=LINE('',#2935,#644);
#381=LINE('',#2936,#645);
#382=LINE('',#2938,#646);
#383=LINE('',#2943,#647);
#384=LINE('',#2945,#648);
#385=LINE('',#2947,#649);
#386=LINE('',#2948,#650);
#387=LINE('',#2951,#651);
#388=LINE('',#2953,#652);
#389=LINE('',#2954,#653);
#390=LINE('',#2957,#654);
#391=LINE('',#2958,#655);
#392=LINE('',#2961,#656);
#393=LINE('',#2962,#657);
#394=LINE('',#2964,#658);
#395=LINE('',#2969,#659);
#396=LINE('',#2971,#660);
#397=LINE('',#2973,#661);
#398=LINE('',#2974,#662);
#399=LINE('',#2977,#663);
#400=LINE('',#2979,#664);
#401=LINE('',#2980,#665);
#402=LINE('',#2983,#666);
#403=LINE('',#2984,#667);
#404=LINE('',#2987,#668);
#405=LINE('',#2988,#669);
#406=LINE('',#2990,#670);
#407=LINE('',#2995,#671);
#408=LINE('',#2997,#672);
#409=LINE('',#2999,#673);
#410=LINE('',#3000,#674);
#411=LINE('',#3003,#675);
#412=LINE('',#3005,#676);
#413=LINE('',#3006,#677);
#414=LINE('',#3009,#678);
#415=LINE('',#3010,#679);
#416=LINE('',#3013,#680);
#417=LINE('',#3014,#681);
#418=LINE('',#3016,#682);
#419=LINE('',#3021,#683);
#420=LINE('',#3023,#684);
#421=LINE('',#3025,#685);
#422=LINE('',#3026,#686);
#423=LINE('',#3029,#687);
#424=LINE('',#3031,#688);
#425=LINE('',#3032,#689);
#426=LINE('',#3035,#690);
#427=LINE('',#3036,#691);
#428=LINE('',#3039,#692);
#429=LINE('',#3040,#693);
#430=LINE('',#3042,#694);
#431=LINE('',#3047,#695);
#432=LINE('',#3049,#696);
#433=LINE('',#3051,#697);
#434=LINE('',#3052,#698);
#435=LINE('',#3055,#699);
#436=LINE('',#3057,#700);
#437=LINE('',#3058,#701);
#438=LINE('',#3061,#702);
#439=LINE('',#3062,#703);
#440=LINE('',#3065,#704);
#441=LINE('',#3066,#705);
#442=LINE('',#3068,#706);
#443=LINE('',#3073,#707);
#444=LINE('',#3075,#708);
#445=LINE('',#3077,#709);
#446=LINE('',#3078,#710);
#447=LINE('',#3081,#711);
#448=LINE('',#3083,#712);
#449=LINE('',#3084,#713);
#450=LINE('',#3087,#714);
#451=LINE('',#3088,#715);
#452=LINE('',#3091,#716);
#453=LINE('',#3092,#717);
#454=LINE('',#3094,#718);
#455=LINE('',#3099,#719);
#456=LINE('',#3101,#720);
#457=LINE('',#3103,#721);
#458=LINE('',#3104,#722);
#459=LINE('',#3107,#723);
#460=LINE('',#3109,#724);
#461=LINE('',#3110,#725);
#462=LINE('',#3113,#726);
#463=LINE('',#3114,#727);
#464=LINE('',#3117,#728);
#465=LINE('',#3118,#729);
#466=LINE('',#3120,#730);
#467=LINE('',#3125,#731);
#468=LINE('',#3127,#732);
#469=LINE('',#3129,#733);
#470=LINE('',#3130,#734);
#471=LINE('',#3133,#735);
#472=LINE('',#3135,#736);
#473=LINE('',#3136,#737);
#474=LINE('',#3139,#738);
#475=LINE('',#3140,#739);
#476=LINE('',#3143,#740);
#477=LINE('',#3144,#741);
#478=LINE('',#3146,#742);
#479=LINE('',#3151,#743);
#480=LINE('',#3153,#744);
#481=LINE('',#3155,#745);
#482=LINE('',#3156,#746);
#483=LINE('',#3159,#747);
#484=LINE('',#3161,#748);
#485=LINE('',#3162,#749);
#486=LINE('',#3165,#750);
#487=LINE('',#3166,#751);
#488=LINE('',#3169,#752);
#489=LINE('',#3170,#753);
#490=LINE('',#3172,#754);
#491=LINE('',#3177,#755);
#492=LINE('',#3179,#756);
#493=LINE('',#3181,#757);
#494=LINE('',#3182,#758);
#495=LINE('',#3185,#759);
#496=LINE('',#3187,#760);
#497=LINE('',#3188,#761);
#498=LINE('',#3191,#762);
#499=LINE('',#3192,#763);
#500=LINE('',#3195,#764);
#501=LINE('',#3196,#765);
#502=LINE('',#3198,#766);
#503=LINE('',#3203,#767);
#504=LINE('',#3205,#768);
#505=LINE('',#3207,#769);
#506=LINE('',#3208,#770);
#507=LINE('',#3211,#771);
#508=LINE('',#3213,#772);
#509=LINE('',#3214,#773);
#510=LINE('',#3217,#774);
#511=LINE('',#3218,#775);
#512=LINE('',#3221,#776);
#513=LINE('',#3222,#777);
#514=LINE('',#3224,#778);
#515=LINE('',#3229,#779);
#516=LINE('',#3231,#780);
#517=LINE('',#3233,#781);
#518=LINE('',#3234,#782);
#519=LINE('',#3237,#783);
#520=LINE('',#3239,#784);
#521=LINE('',#3240,#785);
#522=LINE('',#3243,#786);
#523=LINE('',#3244,#787);
#524=LINE('',#3247,#788);
#525=LINE('',#3248,#789);
#526=LINE('',#3250,#790);
#527=LINE('',#3255,#791);
#528=LINE('',#3257,#792);
#529=LINE('',#3259,#793);
#530=LINE('',#3260,#794);
#531=LINE('',#3263,#795);
#532=LINE('',#3265,#796);
#533=LINE('',#3266,#797);
#534=LINE('',#3269,#798);
#535=LINE('',#3270,#799);
#536=LINE('',#3273,#800);
#537=LINE('',#3274,#801);
#538=LINE('',#3276,#802);
#539=LINE('',#3281,#803);
#540=LINE('',#3283,#804);
#541=LINE('',#3285,#805);
#542=LINE('',#3286,#806);
#543=LINE('',#3289,#807);
#544=LINE('',#3291,#808);
#545=LINE('',#3292,#809);
#546=LINE('',#3295,#810);
#547=LINE('',#3296,#811);
#548=LINE('',#3299,#812);
#549=LINE('',#3300,#813);
#550=LINE('',#3302,#814);
#551=LINE('',#3307,#815);
#552=LINE('',#3309,#816);
#553=LINE('',#3311,#817);
#554=LINE('',#3312,#818);
#555=LINE('',#3315,#819);
#556=LINE('',#3317,#820);
#557=LINE('',#3318,#821);
#558=LINE('',#3321,#822);
#559=LINE('',#3322,#823);
#560=LINE('',#3325,#824);
#561=LINE('',#3326,#825);
#562=LINE('',#3328,#826);
#563=VECTOR('',#2231,10.);
#564=VECTOR('',#2232,10.);
#565=VECTOR('',#2233,10.);
#566=VECTOR('',#2234,10.);
#567=VECTOR('',#2237,10.);
#568=VECTOR('',#2238,10.);
#569=VECTOR('',#2239,10.);
#570=VECTOR('',#2242,10.);
#571=VECTOR('',#2243,10.);
#572=VECTOR('',#2246,10.);
#573=VECTOR('',#2247,10.);
#574=VECTOR('',#2250,10.);
#575=VECTOR('',#2255,10.);
#576=VECTOR('',#2256,10.);
#577=VECTOR('',#2257,10.);
#578=VECTOR('',#2258,10.);
#579=VECTOR('',#2261,10.);
#580=VECTOR('',#2262,10.);
#581=VECTOR('',#2263,10.);
#582=VECTOR('',#2266,10.);
#583=VECTOR('',#2267,10.);
#584=VECTOR('',#2270,10.);
#585=VECTOR('',#2271,10.);
#586=VECTOR('',#2274,10.);
#587=VECTOR('',#2279,10.);
#588=VECTOR('',#2280,10.);
#589=VECTOR('',#2281,10.);
#590=VECTOR('',#2282,10.);
#591=VECTOR('',#2285,10.);
#592=VECTOR('',#2286,10.);
#593=VECTOR('',#2287,10.);
#594=VECTOR('',#2290,10.);
#595=VECTOR('',#2291,10.);
#596=VECTOR('',#2294,10.);
#597=VECTOR('',#2295,10.);
#598=VECTOR('',#2298,10.);
#599=VECTOR('',#2303,10.);
#600=VECTOR('',#2304,10.);
#601=VECTOR('',#2305,10.);
#602=VECTOR('',#2306,10.);
#603=VECTOR('',#2309,10.);
#604=VECTOR('',#2310,10.);
#605=VECTOR('',#2311,10.);
#606=VECTOR('',#2314,10.);
#607=VECTOR('',#2315,10.);
#608=VECTOR('',#2318,10.);
#609=VECTOR('',#2319,10.);
#610=VECTOR('',#2322,10.);
#611=VECTOR('',#2327,10.);
#612=VECTOR('',#2328,10.);
#613=VECTOR('',#2329,10.);
#614=VECTOR('',#2330,10.);
#615=VECTOR('',#2333,10.);
#616=VECTOR('',#2334,10.);
#617=VECTOR('',#2335,10.);
#618=VECTOR('',#2338,10.);
#619=VECTOR('',#2339,10.);
#620=VECTOR('',#2342,10.);
#621=VECTOR('',#2343,10.);
#622=VECTOR('',#2346,10.);
#623=VECTOR('',#2351,10.);
#624=VECTOR('',#2352,10.);
#625=VECTOR('',#2353,10.);
#626=VECTOR('',#2354,10.);
#627=VECTOR('',#2357,10.);
#628=VECTOR('',#2358,10.);
#629=VECTOR('',#2359,10.);
#630=VECTOR('',#2362,10.);
#631=VECTOR('',#2363,10.);
#632=VECTOR('',#2366,10.);
#633=VECTOR('',#2367,10.);
#634=VECTOR('',#2370,10.);
#635=VECTOR('',#2375,10.);
#636=VECTOR('',#2376,10.);
#637=VECTOR('',#2377,10.);
#638=VECTOR('',#2378,10.);
#639=VECTOR('',#2381,10.);
#640=VECTOR('',#2382,10.);
#641=VECTOR('',#2383,10.);
#642=VECTOR('',#2386,10.);
#643=VECTOR('',#2387,10.);
#644=VECTOR('',#2390,10.);
#645=VECTOR('',#2391,10.);
#646=VECTOR('',#2394,10.);
#647=VECTOR('',#2399,10.);
#648=VECTOR('',#2400,10.);
#649=VECTOR('',#2401,10.);
#650=VECTOR('',#2402,10.);
#651=VECTOR('',#2405,10.);
#652=VECTOR('',#2406,10.);
#653=VECTOR('',#2407,10.);
#654=VECTOR('',#2410,10.);
#655=VECTOR('',#2411,10.);
#656=VECTOR('',#2414,10.);
#657=VECTOR('',#2415,10.);
#658=VECTOR('',#2418,10.);
#659=VECTOR('',#2423,10.);
#660=VECTOR('',#2424,10.);
#661=VECTOR('',#2425,10.);
#662=VECTOR('',#2426,10.);
#663=VECTOR('',#2429,10.);
#664=VECTOR('',#2430,10.);
#665=VECTOR('',#2431,10.);
#666=VECTOR('',#2434,10.);
#667=VECTOR('',#2435,10.);
#668=VECTOR('',#2438,10.);
#669=VECTOR('',#2439,10.);
#670=VECTOR('',#2442,10.);
#671=VECTOR('',#2447,10.);
#672=VECTOR('',#2448,10.);
#673=VECTOR('',#2449,10.);
#674=VECTOR('',#2450,10.);
#675=VECTOR('',#2453,10.);
#676=VECTOR('',#2454,10.);
#677=VECTOR('',#2455,10.);
#678=VECTOR('',#2458,10.);
#679=VECTOR('',#2459,10.);
#680=VECTOR('',#2462,10.);
#681=VECTOR('',#2463,10.);
#682=VECTOR('',#2466,10.);
#683=VECTOR('',#2471,10.);
#684=VECTOR('',#2472,10.);
#685=VECTOR('',#2473,10.);
#686=VECTOR('',#2474,10.);
#687=VECTOR('',#2477,10.);
#688=VECTOR('',#2478,10.);
#689=VECTOR('',#2479,10.);
#690=VECTOR('',#2482,10.);
#691=VECTOR('',#2483,10.);
#692=VECTOR('',#2486,10.);
#693=VECTOR('',#2487,10.);
#694=VECTOR('',#2490,10.);
#695=VECTOR('',#2495,10.);
#696=VECTOR('',#2496,10.);
#697=VECTOR('',#2497,10.);
#698=VECTOR('',#2498,10.);
#699=VECTOR('',#2501,10.);
#700=VECTOR('',#2502,10.);
#701=VECTOR('',#2503,10.);
#702=VECTOR('',#2506,10.);
#703=VECTOR('',#2507,10.);
#704=VECTOR('',#2510,10.);
#705=VECTOR('',#2511,10.);
#706=VECTOR('',#2514,10.);
#707=VECTOR('',#2519,10.);
#708=VECTOR('',#2520,10.);
#709=VECTOR('',#2521,10.);
#710=VECTOR('',#2522,10.);
#711=VECTOR('',#2525,10.);
#712=VECTOR('',#2526,10.);
#713=VECTOR('',#2527,10.);
#714=VECTOR('',#2530,10.);
#715=VECTOR('',#2531,10.);
#716=VECTOR('',#2534,10.);
#717=VECTOR('',#2535,10.);
#718=VECTOR('',#2538,10.);
#719=VECTOR('',#2543,10.);
#720=VECTOR('',#2544,10.);
#721=VECTOR('',#2545,10.);
#722=VECTOR('',#2546,10.);
#723=VECTOR('',#2549,10.);
#724=VECTOR('',#2550,10.);
#725=VECTOR('',#2551,10.);
#726=VECTOR('',#2554,10.);
#727=VECTOR('',#2555,10.);
#728=VECTOR('',#2558,10.);
#729=VECTOR('',#2559,10.);
#730=VECTOR('',#2562,10.);
#731=VECTOR('',#2567,10.);
#732=VECTOR('',#2568,10.);
#733=VECTOR('',#2569,10.);
#734=VECTOR('',#2570,10.);
#735=VECTOR('',#2573,10.);
#736=VECTOR('',#2574,10.);
#737=VECTOR('',#2575,10.);
#738=VECTOR('',#2578,10.);
#739=VECTOR('',#2579,10.);
#740=VECTOR('',#2582,10.);
#741=VECTOR('',#2583,10.);
#742=VECTOR('',#2586,10.);
#743=VECTOR('',#2591,10.);
#744=VECTOR('',#2592,10.);
#745=VECTOR('',#2593,10.);
#746=VECTOR('',#2594,10.);
#747=VECTOR('',#2597,10.);
#748=VECTOR('',#2598,10.);
#749=VECTOR('',#2599,10.);
#750=VECTOR('',#2602,10.);
#751=VECTOR('',#2603,10.);
#752=VECTOR('',#2606,10.);
#753=VECTOR('',#2607,10.);
#754=VECTOR('',#2610,10.);
#755=VECTOR('',#2615,10.);
#756=VECTOR('',#2616,10.);
#757=VECTOR('',#2617,10.);
#758=VECTOR('',#2618,10.);
#759=VECTOR('',#2621,10.);
#760=VECTOR('',#2622,10.);
#761=VECTOR('',#2623,10.);
#762=VECTOR('',#2626,10.);
#763=VECTOR('',#2627,10.);
#764=VECTOR('',#2630,10.);
#765=VECTOR('',#2631,10.);
#766=VECTOR('',#2634,10.);
#767=VECTOR('',#2639,10.);
#768=VECTOR('',#2640,10.);
#769=VECTOR('',#2641,10.);
#770=VECTOR('',#2642,10.);
#771=VECTOR('',#2645,10.);
#772=VECTOR('',#2646,10.);
#773=VECTOR('',#2647,10.);
#774=VECTOR('',#2650,10.);
#775=VECTOR('',#2651,10.);
#776=VECTOR('',#2654,10.);
#777=VECTOR('',#2655,10.);
#778=VECTOR('',#2658,10.);
#779=VECTOR('',#2663,10.);
#780=VECTOR('',#2664,10.);
#781=VECTOR('',#2665,10.);
#782=VECTOR('',#2666,10.);
#783=VECTOR('',#2669,10.);
#784=VECTOR('',#2670,10.);
#785=VECTOR('',#2671,10.);
#786=VECTOR('',#2674,10.);
#787=VECTOR('',#2675,10.);
#788=VECTOR('',#2678,10.);
#789=VECTOR('',#2679,10.);
#790=VECTOR('',#2682,10.);
#791=VECTOR('',#2687,10.);
#792=VECTOR('',#2688,10.);
#793=VECTOR('',#2689,10.);
#794=VECTOR('',#2690,10.);
#795=VECTOR('',#2693,10.);
#796=VECTOR('',#2694,10.);
#797=VECTOR('',#2695,10.);
#798=VECTOR('',#2698,10.);
#799=VECTOR('',#2699,10.);
#800=VECTOR('',#2702,10.);
#801=VECTOR('',#2703,10.);
#802=VECTOR('',#2706,10.);
#803=VECTOR('',#2711,10.);
#804=VECTOR('',#2712,10.);
#805=VECTOR('',#2713,10.);
#806=VECTOR('',#2714,10.);
#807=VECTOR('',#2717,10.);
#808=VECTOR('',#2718,10.);
#809=VECTOR('',#2719,10.);
#810=VECTOR('',#2722,10.);
#811=VECTOR('',#2723,10.);
#812=VECTOR('',#2726,10.);
#813=VECTOR('',#2727,10.);
#814=VECTOR('',#2730,10.);
#815=VECTOR('',#2735,10.);
#816=VECTOR('',#2736,10.);
#817=VECTOR('',#2737,10.);
#818=VECTOR('',#2738,10.);
#819=VECTOR('',#2741,10.);
#820=VECTOR('',#2742,10.);
#821=VECTOR('',#2743,10.);
#822=VECTOR('',#2746,10.);
#823=VECTOR('',#2747,10.);
#824=VECTOR('',#2750,10.);
#825=VECTOR('',#2751,10.);
#826=VECTOR('',#2754,10.);
#827=VERTEX_POINT('',#2759);
#828=VERTEX_POINT('',#2760);
#829=VERTEX_POINT('',#2762);
#830=VERTEX_POINT('',#2764);
#831=VERTEX_POINT('',#2768);
#832=VERTEX_POINT('',#2770);
#833=VERTEX_POINT('',#2774);
#834=VERTEX_POINT('',#2778);
#835=VERTEX_POINT('',#2785);
#836=VERTEX_POINT('',#2786);
#837=VERTEX_POINT('',#2788);
#838=VERTEX_POINT('',#2790);
#839=VERTEX_POINT('',#2794);
#840=VERTEX_POINT('',#2796);
#841=VERTEX_POINT('',#2800);
#842=VERTEX_POINT('',#2804);
#843=VERTEX_POINT('',#2811);
#844=VERTEX_POINT('',#2812);
#845=VERTEX_POINT('',#2814);
#846=VERTEX_POINT('',#2816);
#847=VERTEX_POINT('',#2820);
#848=VERTEX_POINT('',#2822);
#849=VERTEX_POINT('',#2826);
#850=VERTEX_POINT('',#2830);
#851=VERTEX_POINT('',#2837);
#852=VERTEX_POINT('',#2838);
#853=VERTEX_POINT('',#2840);
#854=VERTEX_POINT('',#2842);
#855=VERTEX_POINT('',#2846);
#856=VERTEX_POINT('',#2848);
#857=VERTEX_POINT('',#2852);
#858=VERTEX_POINT('',#2856);
#859=VERTEX_POINT('',#2863);
#860=VERTEX_POINT('',#2864);
#861=VERTEX_POINT('',#2866);
#862=VERTEX_POINT('',#2868);
#863=VERTEX_POINT('',#2872);
#864=VERTEX_POINT('',#2874);
#865=VERTEX_POINT('',#2878);
#866=VERTEX_POINT('',#2882);
#867=VERTEX_POINT('',#2889);
#868=VERTEX_POINT('',#2890);
#869=VERTEX_POINT('',#2892);
#870=VERTEX_POINT('',#2894);
#871=VERTEX_POINT('',#2898);
#872=VERTEX_POINT('',#2900);
#873=VERTEX_POINT('',#2904);
#874=VERTEX_POINT('',#2908);
#875=VERTEX_POINT('',#2915);
#876=VERTEX_POINT('',#2916);
#877=VERTEX_POINT('',#2918);
#878=VERTEX_POINT('',#2920);
#879=VERTEX_POINT('',#2924);
#880=VERTEX_POINT('',#2926);
#881=VERTEX_POINT('',#2930);
#882=VERTEX_POINT('',#2934);
#883=VERTEX_POINT('',#2941);
#884=VERTEX_POINT('',#2942);
#885=VERTEX_POINT('',#2944);
#886=VERTEX_POINT('',#2946);
#887=VERTEX_POINT('',#2950);
#888=VERTEX_POINT('',#2952);
#889=VERTEX_POINT('',#2956);
#890=VERTEX_POINT('',#2960);
#891=VERTEX_POINT('',#2967);
#892=VERTEX_POINT('',#2968);
#893=VERTEX_POINT('',#2970);
#894=VERTEX_POINT('',#2972);
#895=VERTEX_POINT('',#2976);
#896=VERTEX_POINT('',#2978);
#897=VERTEX_POINT('',#2982);
#898=VERTEX_POINT('',#2986);
#899=VERTEX_POINT('',#2993);
#900=VERTEX_POINT('',#2994);
#901=VERTEX_POINT('',#2996);
#902=VERTEX_POINT('',#2998);
#903=VERTEX_POINT('',#3002);
#904=VERTEX_POINT('',#3004);
#905=VERTEX_POINT('',#3008);
#906=VERTEX_POINT('',#3012);
#907=VERTEX_POINT('',#3019);
#908=VERTEX_POINT('',#3020);
#909=VERTEX_POINT('',#3022);
#910=VERTEX_POINT('',#3024);
#911=VERTEX_POINT('',#3028);
#912=VERTEX_POINT('',#3030);
#913=VERTEX_POINT('',#3034);
#914=VERTEX_POINT('',#3038);
#915=VERTEX_POINT('',#3045);
#916=VERTEX_POINT('',#3046);
#917=VERTEX_POINT('',#3048);
#918=VERTEX_POINT('',#3050);
#919=VERTEX_POINT('',#3054);
#920=VERTEX_POINT('',#3056);
#921=VERTEX_POINT('',#3060);
#922=VERTEX_POINT('',#3064);
#923=VERTEX_POINT('',#3071);
#924=VERTEX_POINT('',#3072);
#925=VERTEX_POINT('',#3074);
#926=VERTEX_POINT('',#3076);
#927=VERTEX_POINT('',#3080);
#928=VERTEX_POINT('',#3082);
#929=VERTEX_POINT('',#3086);
#930=VERTEX_POINT('',#3090);
#931=VERTEX_POINT('',#3097);
#932=VERTEX_POINT('',#3098);
#933=VERTEX_POINT('',#3100);
#934=VERTEX_POINT('',#3102);
#935=VERTEX_POINT('',#3106);
#936=VERTEX_POINT('',#3108);
#937=VERTEX_POINT('',#3112);
#938=VERTEX_POINT('',#3116);
#939=VERTEX_POINT('',#3123);
#940=VERTEX_POINT('',#3124);
#941=VERTEX_POINT('',#3126);
#942=VERTEX_POINT('',#3128);
#943=VERTEX_POINT('',#3132);
#944=VERTEX_POINT('',#3134);
#945=VERTEX_POINT('',#3138);
#946=VERTEX_POINT('',#3142);
#947=VERTEX_POINT('',#3149);
#948=VERTEX_POINT('',#3150);
#949=VERTEX_POINT('',#3152);
#950=VERTEX_POINT('',#3154);
#951=VERTEX_POINT('',#3158);
#952=VERTEX_POINT('',#3160);
#953=VERTEX_POINT('',#3164);
#954=VERTEX_POINT('',#3168);
#955=VERTEX_POINT('',#3175);
#956=VERTEX_POINT('',#3176);
#957=VERTEX_POINT('',#3178);
#958=VERTEX_POINT('',#3180);
#959=VERTEX_POINT('',#3184);
#960=VERTEX_POINT('',#3186);
#961=VERTEX_POINT('',#3190);
#962=VERTEX_POINT('',#3194);
#963=VERTEX_POINT('',#3201);
#964=VERTEX_POINT('',#3202);
#965=VERTEX_POINT('',#3204);
#966=VERTEX_POINT('',#3206);
#967=VERTEX_POINT('',#3210);
#968=VERTEX_POINT('',#3212);
#969=VERTEX_POINT('',#3216);
#970=VERTEX_POINT('',#3220);
#971=VERTEX_POINT('',#3227);
#972=VERTEX_POINT('',#3228);
#973=VERTEX_POINT('',#3230);
#974=VERTEX_POINT('',#3232);
#975=VERTEX_POINT('',#3236);
#976=VERTEX_POINT('',#3238);
#977=VERTEX_POINT('',#3242);
#978=VERTEX_POINT('',#3246);
#979=VERTEX_POINT('',#3253);
#980=VERTEX_POINT('',#3254);
#981=VERTEX_POINT('',#3256);
#982=VERTEX_POINT('',#3258);
#983=VERTEX_POINT('',#3262);
#984=VERTEX_POINT('',#3264);
#985=VERTEX_POINT('',#3268);
#986=VERTEX_POINT('',#3272);
#987=VERTEX_POINT('',#3279);
#988=VERTEX_POINT('',#3280);
#989=VERTEX_POINT('',#3282);
#990=VERTEX_POINT('',#3284);
#991=VERTEX_POINT('',#3288);
#992=VERTEX_POINT('',#3290);
#993=VERTEX_POINT('',#3294);
#994=VERTEX_POINT('',#3298);
#995=VERTEX_POINT('',#3305);
#996=VERTEX_POINT('',#3306);
#997=VERTEX_POINT('',#3308);
#998=VERTEX_POINT('',#3310);
#999=VERTEX_POINT('',#3314);
#1000=VERTEX_POINT('',#3316);
#1001=VERTEX_POINT('',#3320);
#1002=VERTEX_POINT('',#3324);
#1003=EDGE_CURVE('',#827,#828,#299,.T.);
#1004=EDGE_CURVE('',#828,#829,#300,.T.);
#1005=EDGE_CURVE('',#829,#830,#301,.T.);
#1006=EDGE_CURVE('',#830,#827,#302,.T.);
#1007=EDGE_CURVE('',#831,#828,#303,.T.);
#1008=EDGE_CURVE('',#832,#831,#304,.T.);
#1009=EDGE_CURVE('',#829,#832,#305,.T.);
#1010=EDGE_CURVE('',#833,#832,#306,.T.);
#1011=EDGE_CURVE('',#830,#833,#307,.T.);
#1012=EDGE_CURVE('',#834,#833,#308,.T.);
#1013=EDGE_CURVE('',#827,#834,#309,.T.);
#1014=EDGE_CURVE('',#831,#834,#310,.T.);
#1015=EDGE_CURVE('',#835,#836,#311,.T.);
#1016=EDGE_CURVE('',#837,#835,#312,.T.);
#1017=EDGE_CURVE('',#838,#837,#313,.T.);
#1018=EDGE_CURVE('',#836,#838,#314,.T.);
#1019=EDGE_CURVE('',#839,#836,#315,.T.);
#1020=EDGE_CURVE('',#838,#840,#316,.T.);
#1021=EDGE_CURVE('',#840,#839,#317,.T.);
#1022=EDGE_CURVE('',#837,#841,#318,.T.);
#1023=EDGE_CURVE('',#841,#840,#319,.T.);
#1024=EDGE_CURVE('',#835,#842,#320,.T.);
#1025=EDGE_CURVE('',#842,#841,#321,.T.);
#1026=EDGE_CURVE('',#839,#842,#322,.T.);
#1027=EDGE_CURVE('',#843,#844,#323,.T.);
#1028=EDGE_CURVE('',#845,#843,#324,.T.);
#1029=EDGE_CURVE('',#846,#845,#325,.T.);
#1030=EDGE_CURVE('',#844,#846,#326,.T.);
#1031=EDGE_CURVE('',#847,#844,#327,.T.);
#1032=EDGE_CURVE('',#846,#848,#328,.T.);
#1033=EDGE_CURVE('',#848,#847,#329,.T.);
#1034=EDGE_CURVE('',#845,#849,#330,.T.);
#1035=EDGE_CURVE('',#849,#848,#331,.T.);
#1036=EDGE_CURVE('',#843,#850,#332,.T.);
#1037=EDGE_CURVE('',#850,#849,#333,.T.);
#1038=EDGE_CURVE('',#847,#850,#334,.T.);
#1039=EDGE_CURVE('',#851,#852,#335,.T.);
#1040=EDGE_CURVE('',#853,#851,#336,.T.);
#1041=EDGE_CURVE('',#854,#853,#337,.T.);
#1042=EDGE_CURVE('',#852,#854,#338,.T.);
#1043=EDGE_CURVE('',#855,#852,#339,.T.);
#1044=EDGE_CURVE('',#854,#856,#340,.T.);
#1045=EDGE_CURVE('',#856,#855,#341,.T.);
#1046=EDGE_CURVE('',#853,#857,#342,.T.);
#1047=EDGE_CURVE('',#857,#856,#343,.T.);
#1048=EDGE_CURVE('',#851,#858,#344,.T.);
#1049=EDGE_CURVE('',#858,#857,#345,.T.);
#1050=EDGE_CURVE('',#855,#858,#346,.T.);
#1051=EDGE_CURVE('',#859,#860,#347,.T.);
#1052=EDGE_CURVE('',#861,#859,#348,.T.);
#1053=EDGE_CURVE('',#862,#861,#349,.T.);
#1054=EDGE_CURVE('',#860,#862,#350,.T.);
#1055=EDGE_CURVE('',#863,#860,#351,.T.);
#1056=EDGE_CURVE('',#862,#864,#352,.T.);
#1057=EDGE_CURVE('',#864,#863,#353,.T.);
#1058=EDGE_CURVE('',#861,#865,#354,.T.);
#1059=EDGE_CURVE('',#865,#864,#355,.T.);
#1060=EDGE_CURVE('',#859,#866,#356,.T.);
#1061=EDGE_CURVE('',#866,#865,#357,.T.);
#1062=EDGE_CURVE('',#863,#866,#358,.T.);
#1063=EDGE_CURVE('',#867,#868,#359,.T.);
#1064=EDGE_CURVE('',#869,#867,#360,.T.);
#1065=EDGE_CURVE('',#870,#869,#361,.T.);
#1066=EDGE_CURVE('',#868,#870,#362,.T.);
#1067=EDGE_CURVE('',#871,#868,#363,.T.);
#1068=EDGE_CURVE('',#870,#872,#364,.T.);
#1069=EDGE_CURVE('',#872,#871,#365,.T.);
#1070=EDGE_CURVE('',#869,#873,#366,.T.);
#1071=EDGE_CURVE('',#873,#872,#367,.T.);
#1072=EDGE_CURVE('',#867,#874,#368,.T.);
#1073=EDGE_CURVE('',#874,#873,#369,.T.);
#1074=EDGE_CURVE('',#871,#874,#370,.T.);
#1075=EDGE_CURVE('',#875,#876,#371,.T.);
#1076=EDGE_CURVE('',#877,#875,#372,.T.);
#1077=EDGE_CURVE('',#878,#877,#373,.T.);
#1078=EDGE_CURVE('',#876,#878,#374,.T.);
#1079=EDGE_CURVE('',#879,#876,#375,.T.);
#1080=EDGE_CURVE('',#878,#880,#376,.T.);
#1081=EDGE_CURVE('',#880,#879,#377,.T.);
#1082=EDGE_CURVE('',#877,#881,#378,.T.);
#1083=EDGE_CURVE('',#881,#880,#379,.T.);
#1084=EDGE_CURVE('',#875,#882,#380,.T.);
#1085=EDGE_CURVE('',#882,#881,#381,.T.);
#1086=EDGE_CURVE('',#879,#882,#382,.T.);
#1087=EDGE_CURVE('',#883,#884,#383,.T.);
#1088=EDGE_CURVE('',#885,#883,#384,.T.);
#1089=EDGE_CURVE('',#886,#885,#385,.T.);
#1090=EDGE_CURVE('',#884,#886,#386,.T.);
#1091=EDGE_CURVE('',#887,#884,#387,.T.);
#1092=EDGE_CURVE('',#886,#888,#388,.T.);
#1093=EDGE_CURVE('',#888,#887,#389,.T.);
#1094=EDGE_CURVE('',#885,#889,#390,.T.);
#1095=EDGE_CURVE('',#889,#888,#391,.T.);
#1096=EDGE_CURVE('',#883,#890,#392,.T.);
#1097=EDGE_CURVE('',#890,#889,#393,.T.);
#1098=EDGE_CURVE('',#887,#890,#394,.T.);
#1099=EDGE_CURVE('',#891,#892,#395,.T.);
#1100=EDGE_CURVE('',#893,#891,#396,.T.);
#1101=EDGE_CURVE('',#894,#893,#397,.T.);
#1102=EDGE_CURVE('',#892,#894,#398,.T.);
#1103=EDGE_CURVE('',#895,#892,#399,.T.);
#1104=EDGE_CURVE('',#894,#896,#400,.T.);
#1105=EDGE_CURVE('',#896,#895,#401,.T.);
#1106=EDGE_CURVE('',#893,#897,#402,.T.);
#1107=EDGE_CURVE('',#897,#896,#403,.T.);
#1108=EDGE_CURVE('',#891,#898,#404,.T.);
#1109=EDGE_CURVE('',#898,#897,#405,.T.);
#1110=EDGE_CURVE('',#895,#898,#406,.T.);
#1111=EDGE_CURVE('',#899,#900,#407,.T.);
#1112=EDGE_CURVE('',#901,#899,#408,.T.);
#1113=EDGE_CURVE('',#902,#901,#409,.T.);
#1114=EDGE_CURVE('',#900,#902,#410,.T.);
#1115=EDGE_CURVE('',#903,#900,#411,.T.);
#1116=EDGE_CURVE('',#902,#904,#412,.T.);
#1117=EDGE_CURVE('',#904,#903,#413,.T.);
#1118=EDGE_CURVE('',#901,#905,#414,.T.);
#1119=EDGE_CURVE('',#905,#904,#415,.T.);
#1120=EDGE_CURVE('',#899,#906,#416,.T.);
#1121=EDGE_CURVE('',#906,#905,#417,.T.);
#1122=EDGE_CURVE('',#903,#906,#418,.T.);
#1123=EDGE_CURVE('',#907,#908,#419,.T.);
#1124=EDGE_CURVE('',#909,#907,#420,.T.);
#1125=EDGE_CURVE('',#910,#909,#421,.T.);
#1126=EDGE_CURVE('',#908,#910,#422,.T.);
#1127=EDGE_CURVE('',#911,#908,#423,.T.);
#1128=EDGE_CURVE('',#910,#912,#424,.T.);
#1129=EDGE_CURVE('',#912,#911,#425,.T.);
#1130=EDGE_CURVE('',#909,#913,#426,.T.);
#1131=EDGE_CURVE('',#913,#912,#427,.T.);
#1132=EDGE_CURVE('',#907,#914,#428,.T.);
#1133=EDGE_CURVE('',#914,#913,#429,.T.);
#1134=EDGE_CURVE('',#911,#914,#430,.T.);
#1135=EDGE_CURVE('',#915,#916,#431,.T.);
#1136=EDGE_CURVE('',#917,#915,#432,.T.);
#1137=EDGE_CURVE('',#918,#917,#433,.T.);
#1138=EDGE_CURVE('',#916,#918,#434,.T.);
#1139=EDGE_CURVE('',#919,#916,#435,.T.);
#1140=EDGE_CURVE('',#918,#920,#436,.T.);
#1141=EDGE_CURVE('',#920,#919,#437,.T.);
#1142=EDGE_CURVE('',#917,#921,#438,.T.);
#1143=EDGE_CURVE('',#921,#920,#439,.T.);
#1144=EDGE_CURVE('',#915,#922,#440,.T.);
#1145=EDGE_CURVE('',#922,#921,#441,.T.);
#1146=EDGE_CURVE('',#919,#922,#442,.T.);
#1147=EDGE_CURVE('',#923,#924,#443,.T.);
#1148=EDGE_CURVE('',#925,#923,#444,.T.);
#1149=EDGE_CURVE('',#926,#925,#445,.T.);
#1150=EDGE_CURVE('',#924,#926,#446,.T.);
#1151=EDGE_CURVE('',#927,#924,#447,.T.);
#1152=EDGE_CURVE('',#926,#928,#448,.T.);
#1153=EDGE_CURVE('',#928,#927,#449,.T.);
#1154=EDGE_CURVE('',#925,#929,#450,.T.);
#1155=EDGE_CURVE('',#929,#928,#451,.T.);
#1156=EDGE_CURVE('',#923,#930,#452,.T.);
#1157=EDGE_CURVE('',#930,#929,#453,.T.);
#1158=EDGE_CURVE('',#927,#930,#454,.T.);
#1159=EDGE_CURVE('',#931,#932,#455,.T.);
#1160=EDGE_CURVE('',#933,#931,#456,.T.);
#1161=EDGE_CURVE('',#934,#933,#457,.T.);
#1162=EDGE_CURVE('',#932,#934,#458,.T.);
#1163=EDGE_CURVE('',#935,#932,#459,.T.);
#1164=EDGE_CURVE('',#934,#936,#460,.T.);
#1165=EDGE_CURVE('',#936,#935,#461,.T.);
#1166=EDGE_CURVE('',#933,#937,#462,.T.);
#1167=EDGE_CURVE('',#937,#936,#463,.T.);
#1168=EDGE_CURVE('',#931,#938,#464,.T.);
#1169=EDGE_CURVE('',#938,#937,#465,.T.);
#1170=EDGE_CURVE('',#935,#938,#466,.T.);
#1171=EDGE_CURVE('',#939,#940,#467,.T.);
#1172=EDGE_CURVE('',#941,#939,#468,.T.);
#1173=EDGE_CURVE('',#942,#941,#469,.T.);
#1174=EDGE_CURVE('',#940,#942,#470,.T.);
#1175=EDGE_CURVE('',#943,#940,#471,.T.);
#1176=EDGE_CURVE('',#942,#944,#472,.T.);
#1177=EDGE_CURVE('',#944,#943,#473,.T.);
#1178=EDGE_CURVE('',#941,#945,#474,.T.);
#1179=EDGE_CURVE('',#945,#944,#475,.T.);
#1180=EDGE_CURVE('',#939,#946,#476,.T.);
#1181=EDGE_CURVE('',#946,#945,#477,.T.);
#1182=EDGE_CURVE('',#943,#946,#478,.T.);
#1183=EDGE_CURVE('',#947,#948,#479,.T.);
#1184=EDGE_CURVE('',#949,#947,#480,.T.);
#1185=EDGE_CURVE('',#950,#949,#481,.T.);
#1186=EDGE_CURVE('',#948,#950,#482,.T.);
#1187=EDGE_CURVE('',#951,#948,#483,.T.);
#1188=EDGE_CURVE('',#950,#952,#484,.T.);
#1189=EDGE_CURVE('',#952,#951,#485,.T.);
#1190=EDGE_CURVE('',#949,#953,#486,.T.);
#1191=EDGE_CURVE('',#953,#952,#487,.T.);
#1192=EDGE_CURVE('',#947,#954,#488,.T.);
#1193=EDGE_CURVE('',#954,#953,#489,.T.);
#1194=EDGE_CURVE('',#951,#954,#490,.T.);
#1195=EDGE_CURVE('',#955,#956,#491,.T.);
#1196=EDGE_CURVE('',#957,#955,#492,.T.);
#1197=EDGE_CURVE('',#958,#957,#493,.T.);
#1198=EDGE_CURVE('',#956,#958,#494,.T.);
#1199=EDGE_CURVE('',#959,#956,#495,.T.);
#1200=EDGE_CURVE('',#958,#960,#496,.T.);
#1201=EDGE_CURVE('',#960,#959,#497,.T.);
#1202=EDGE_CURVE('',#957,#961,#498,.T.);
#1203=EDGE_CURVE('',#961,#960,#499,.T.);
#1204=EDGE_CURVE('',#955,#962,#500,.T.);
#1205=EDGE_CURVE('',#962,#961,#501,.T.);
#1206=EDGE_CURVE('',#959,#962,#502,.T.);
#1207=EDGE_CURVE('',#963,#964,#503,.T.);
#1208=EDGE_CURVE('',#965,#963,#504,.T.);
#1209=EDGE_CURVE('',#966,#965,#505,.T.);
#1210=EDGE_CURVE('',#964,#966,#506,.T.);
#1211=EDGE_CURVE('',#967,#964,#507,.T.);
#1212=EDGE_CURVE('',#966,#968,#508,.T.);
#1213=EDGE_CURVE('',#968,#967,#509,.T.);
#1214=EDGE_CURVE('',#965,#969,#510,.T.);
#1215=EDGE_CURVE('',#969,#968,#511,.T.);
#1216=EDGE_CURVE('',#963,#970,#512,.T.);
#1217=EDGE_CURVE('',#970,#969,#513,.T.);
#1218=EDGE_CURVE('',#967,#970,#514,.T.);
#1219=EDGE_CURVE('',#971,#972,#515,.T.);
#1220=EDGE_CURVE('',#973,#971,#516,.T.);
#1221=EDGE_CURVE('',#974,#973,#517,.T.);
#1222=EDGE_CURVE('',#972,#974,#518,.T.);
#1223=EDGE_CURVE('',#975,#972,#519,.T.);
#1224=EDGE_CURVE('',#974,#976,#520,.T.);
#1225=EDGE_CURVE('',#976,#975,#521,.T.);
#1226=EDGE_CURVE('',#973,#977,#522,.T.);
#1227=EDGE_CURVE('',#977,#976,#523,.T.);
#1228=EDGE_CURVE('',#971,#978,#524,.T.);
#1229=EDGE_CURVE('',#978,#977,#525,.T.);
#1230=EDGE_CURVE('',#975,#978,#526,.T.);
#1231=EDGE_CURVE('',#979,#980,#527,.T.);
#1232=EDGE_CURVE('',#981,#979,#528,.T.);
#1233=EDGE_CURVE('',#982,#981,#529,.T.);
#1234=EDGE_CURVE('',#980,#982,#530,.T.);
#1235=EDGE_CURVE('',#983,#980,#531,.T.);
#1236=EDGE_CURVE('',#982,#984,#532,.T.);
#1237=EDGE_CURVE('',#984,#983,#533,.T.);
#1238=EDGE_CURVE('',#981,#985,#534,.T.);
#1239=EDGE_CURVE('',#985,#984,#535,.T.);
#1240=EDGE_CURVE('',#979,#986,#536,.T.);
#1241=EDGE_CURVE('',#986,#985,#537,.T.);
#1242=EDGE_CURVE('',#983,#986,#538,.T.);
#1243=EDGE_CURVE('',#987,#988,#539,.T.);
#1244=EDGE_CURVE('',#989,#987,#540,.T.);
#1245=EDGE_CURVE('',#990,#989,#541,.T.);
#1246=EDGE_CURVE('',#988,#990,#542,.T.);
#1247=EDGE_CURVE('',#991,#988,#543,.T.);
#1248=EDGE_CURVE('',#990,#992,#544,.T.);
#1249=EDGE_CURVE('',#992,#991,#545,.T.);
#1250=EDGE_CURVE('',#989,#993,#546,.T.);
#1251=EDGE_CURVE('',#993,#992,#547,.T.);
#1252=EDGE_CURVE('',#987,#994,#548,.T.);
#1253=EDGE_CURVE('',#994,#993,#549,.T.);
#1254=EDGE_CURVE('',#991,#994,#550,.T.);
#1255=EDGE_CURVE('',#995,#996,#551,.T.);
#1256=EDGE_CURVE('',#997,#995,#552,.T.);
#1257=EDGE_CURVE('',#998,#997,#553,.T.);
#1258=EDGE_CURVE('',#996,#998,#554,.T.);
#1259=EDGE_CURVE('',#999,#996,#555,.T.);
#1260=EDGE_CURVE('',#998,#1000,#556,.T.);
#1261=EDGE_CURVE('',#1000,#999,#557,.T.);
#1262=EDGE_CURVE('',#997,#1001,#558,.T.);
#1263=EDGE_CURVE('',#1001,#1000,#559,.T.);
#1264=EDGE_CURVE('',#995,#1002,#560,.T.);
#1265=EDGE_CURVE('',#1002,#1001,#561,.T.);
#1266=EDGE_CURVE('',#999,#1002,#562,.T.);
#1267=ORIENTED_EDGE('',*,*,#1003,.T.);
#1268=ORIENTED_EDGE('',*,*,#1004,.T.);
#1269=ORIENTED_EDGE('',*,*,#1005,.T.);
#1270=ORIENTED_EDGE('',*,*,#1006,.T.);
#1271=ORIENTED_EDGE('',*,*,#1007,.F.);
#1272=ORIENTED_EDGE('',*,*,#1008,.F.);
#1273=ORIENTED_EDGE('',*,*,#1009,.F.);
#1274=ORIENTED_EDGE('',*,*,#1004,.F.);
#1275=ORIENTED_EDGE('',*,*,#1009,.T.);
#1276=ORIENTED_EDGE('',*,*,#1010,.F.);
#1277=ORIENTED_EDGE('',*,*,#1011,.F.);
#1278=ORIENTED_EDGE('',*,*,#1005,.F.);
#1279=ORIENTED_EDGE('',*,*,#1011,.T.);
#1280=ORIENTED_EDGE('',*,*,#1012,.F.);
#1281=ORIENTED_EDGE('',*,*,#1013,.F.);
#1282=ORIENTED_EDGE('',*,*,#1006,.F.);
#1283=ORIENTED_EDGE('',*,*,#1013,.T.);
#1284=ORIENTED_EDGE('',*,*,#1014,.F.);
#1285=ORIENTED_EDGE('',*,*,#1007,.T.);
#1286=ORIENTED_EDGE('',*,*,#1003,.F.);
#1287=ORIENTED_EDGE('',*,*,#1014,.T.);
#1288=ORIENTED_EDGE('',*,*,#1012,.T.);
#1289=ORIENTED_EDGE('',*,*,#1010,.T.);
#1290=ORIENTED_EDGE('',*,*,#1008,.T.);
#1291=ORIENTED_EDGE('',*,*,#1015,.F.);
#1292=ORIENTED_EDGE('',*,*,#1016,.F.);
#1293=ORIENTED_EDGE('',*,*,#1017,.F.);
#1294=ORIENTED_EDGE('',*,*,#1018,.F.);
#1295=ORIENTED_EDGE('',*,*,#1019,.T.);
#1296=ORIENTED_EDGE('',*,*,#1018,.T.);
#1297=ORIENTED_EDGE('',*,*,#1020,.T.);
#1298=ORIENTED_EDGE('',*,*,#1021,.T.);
#1299=ORIENTED_EDGE('',*,*,#1020,.F.);
#1300=ORIENTED_EDGE('',*,*,#1017,.T.);
#1301=ORIENTED_EDGE('',*,*,#1022,.T.);
#1302=ORIENTED_EDGE('',*,*,#1023,.T.);
#1303=ORIENTED_EDGE('',*,*,#1022,.F.);
#1304=ORIENTED_EDGE('',*,*,#1016,.T.);
#1305=ORIENTED_EDGE('',*,*,#1024,.T.);
#1306=ORIENTED_EDGE('',*,*,#1025,.T.);
#1307=ORIENTED_EDGE('',*,*,#1024,.F.);
#1308=ORIENTED_EDGE('',*,*,#1015,.T.);
#1309=ORIENTED_EDGE('',*,*,#1019,.F.);
#1310=ORIENTED_EDGE('',*,*,#1026,.T.);
#1311=ORIENTED_EDGE('',*,*,#1026,.F.);
#1312=ORIENTED_EDGE('',*,*,#1021,.F.);
#1313=ORIENTED_EDGE('',*,*,#1023,.F.);
#1314=ORIENTED_EDGE('',*,*,#1025,.F.);
#1315=ORIENTED_EDGE('',*,*,#1027,.F.);
#1316=ORIENTED_EDGE('',*,*,#1028,.F.);
#1317=ORIENTED_EDGE('',*,*,#1029,.F.);
#1318=ORIENTED_EDGE('',*,*,#1030,.F.);
#1319=ORIENTED_EDGE('',*,*,#1031,.T.);
#1320=ORIENTED_EDGE('',*,*,#1030,.T.);
#1321=ORIENTED_EDGE('',*,*,#1032,.T.);
#1322=ORIENTED_EDGE('',*,*,#1033,.T.);
#1323=ORIENTED_EDGE('',*,*,#1032,.F.);
#1324=ORIENTED_EDGE('',*,*,#1029,.T.);
#1325=ORIENTED_EDGE('',*,*,#1034,.T.);
#1326=ORIENTED_EDGE('',*,*,#1035,.T.);
#1327=ORIENTED_EDGE('',*,*,#1034,.F.);
#1328=ORIENTED_EDGE('',*,*,#1028,.T.);
#1329=ORIENTED_EDGE('',*,*,#1036,.T.);
#1330=ORIENTED_EDGE('',*,*,#1037,.T.);
#1331=ORIENTED_EDGE('',*,*,#1036,.F.);
#1332=ORIENTED_EDGE('',*,*,#1027,.T.);
#1333=ORIENTED_EDGE('',*,*,#1031,.F.);
#1334=ORIENTED_EDGE('',*,*,#1038,.T.);
#1335=ORIENTED_EDGE('',*,*,#1038,.F.);
#1336=ORIENTED_EDGE('',*,*,#1033,.F.);
#1337=ORIENTED_EDGE('',*,*,#1035,.F.);
#1338=ORIENTED_EDGE('',*,*,#1037,.F.);
#1339=ORIENTED_EDGE('',*,*,#1039,.F.);
#1340=ORIENTED_EDGE('',*,*,#1040,.F.);
#1341=ORIENTED_EDGE('',*,*,#1041,.F.);
#1342=ORIENTED_EDGE('',*,*,#1042,.F.);
#1343=ORIENTED_EDGE('',*,*,#1043,.T.);
#1344=ORIENTED_EDGE('',*,*,#1042,.T.);
#1345=ORIENTED_EDGE('',*,*,#1044,.T.);
#1346=ORIENTED_EDGE('',*,*,#1045,.T.);
#1347=ORIENTED_EDGE('',*,*,#1044,.F.);
#1348=ORIENTED_EDGE('',*,*,#1041,.T.);
#1349=ORIENTED_EDGE('',*,*,#1046,.T.);
#1350=ORIENTED_EDGE('',*,*,#1047,.T.);
#1351=ORIENTED_EDGE('',*,*,#1046,.F.);
#1352=ORIENTED_EDGE('',*,*,#1040,.T.);
#1353=ORIENTED_EDGE('',*,*,#1048,.T.);
#1354=ORIENTED_EDGE('',*,*,#1049,.T.);
#1355=ORIENTED_EDGE('',*,*,#1048,.F.);
#1356=ORIENTED_EDGE('',*,*,#1039,.T.);
#1357=ORIENTED_EDGE('',*,*,#1043,.F.);
#1358=ORIENTED_EDGE('',*,*,#1050,.T.);
#1359=ORIENTED_EDGE('',*,*,#1050,.F.);
#1360=ORIENTED_EDGE('',*,*,#1045,.F.);
#1361=ORIENTED_EDGE('',*,*,#1047,.F.);
#1362=ORIENTED_EDGE('',*,*,#1049,.F.);
#1363=ORIENTED_EDGE('',*,*,#1051,.F.);
#1364=ORIENTED_EDGE('',*,*,#1052,.F.);
#1365=ORIENTED_EDGE('',*,*,#1053,.F.);
#1366=ORIENTED_EDGE('',*,*,#1054,.F.);
#1367=ORIENTED_EDGE('',*,*,#1055,.T.);
#1368=ORIENTED_EDGE('',*,*,#1054,.T.);
#1369=ORIENTED_EDGE('',*,*,#1056,.T.);
#1370=ORIENTED_EDGE('',*,*,#1057,.T.);
#1371=ORIENTED_EDGE('',*,*,#1056,.F.);
#1372=ORIENTED_EDGE('',*,*,#1053,.T.);
#1373=ORIENTED_EDGE('',*,*,#1058,.T.);
#1374=ORIENTED_EDGE('',*,*,#1059,.T.);
#1375=ORIENTED_EDGE('',*,*,#1058,.F.);
#1376=ORIENTED_EDGE('',*,*,#1052,.T.);
#1377=ORIENTED_EDGE('',*,*,#1060,.T.);
#1378=ORIENTED_EDGE('',*,*,#1061,.T.);
#1379=ORIENTED_EDGE('',*,*,#1060,.F.);
#1380=ORIENTED_EDGE('',*,*,#1051,.T.);
#1381=ORIENTED_EDGE('',*,*,#1055,.F.);
#1382=ORIENTED_EDGE('',*,*,#1062,.T.);
#1383=ORIENTED_EDGE('',*,*,#1062,.F.);
#1384=ORIENTED_EDGE('',*,*,#1057,.F.);
#1385=ORIENTED_EDGE('',*,*,#1059,.F.);
#1386=ORIENTED_EDGE('',*,*,#1061,.F.);
#1387=ORIENTED_EDGE('',*,*,#1063,.F.);
#1388=ORIENTED_EDGE('',*,*,#1064,.F.);
#1389=ORIENTED_EDGE('',*,*,#1065,.F.);
#1390=ORIENTED_EDGE('',*,*,#1066,.F.);
#1391=ORIENTED_EDGE('',*,*,#1067,.T.);
#1392=ORIENTED_EDGE('',*,*,#1066,.T.);
#1393=ORIENTED_EDGE('',*,*,#1068,.T.);
#1394=ORIENTED_EDGE('',*,*,#1069,.T.);
#1395=ORIENTED_EDGE('',*,*,#1068,.F.);
#1396=ORIENTED_EDGE('',*,*,#1065,.T.);
#1397=ORIENTED_EDGE('',*,*,#1070,.T.);
#1398=ORIENTED_EDGE('',*,*,#1071,.T.);
#1399=ORIENTED_EDGE('',*,*,#1070,.F.);
#1400=ORIENTED_EDGE('',*,*,#1064,.T.);
#1401=ORIENTED_EDGE('',*,*,#1072,.T.);
#1402=ORIENTED_EDGE('',*,*,#1073,.T.);
#1403=ORIENTED_EDGE('',*,*,#1072,.F.);
#1404=ORIENTED_EDGE('',*,*,#1063,.T.);
#1405=ORIENTED_EDGE('',*,*,#1067,.F.);
#1406=ORIENTED_EDGE('',*,*,#1074,.T.);
#1407=ORIENTED_EDGE('',*,*,#1074,.F.);
#1408=ORIENTED_EDGE('',*,*,#1069,.F.);
#1409=ORIENTED_EDGE('',*,*,#1071,.F.);
#1410=ORIENTED_EDGE('',*,*,#1073,.F.);
#1411=ORIENTED_EDGE('',*,*,#1075,.F.);
#1412=ORIENTED_EDGE('',*,*,#1076,.F.);
#1413=ORIENTED_EDGE('',*,*,#1077,.F.);
#1414=ORIENTED_EDGE('',*,*,#1078,.F.);
#1415=ORIENTED_EDGE('',*,*,#1079,.T.);
#1416=ORIENTED_EDGE('',*,*,#1078,.T.);
#1417=ORIENTED_EDGE('',*,*,#1080,.T.);
#1418=ORIENTED_EDGE('',*,*,#1081,.T.);
#1419=ORIENTED_EDGE('',*,*,#1080,.F.);
#1420=ORIENTED_EDGE('',*,*,#1077,.T.);
#1421=ORIENTED_EDGE('',*,*,#1082,.T.);
#1422=ORIENTED_EDGE('',*,*,#1083,.T.);
#1423=ORIENTED_EDGE('',*,*,#1082,.F.);
#1424=ORIENTED_EDGE('',*,*,#1076,.T.);
#1425=ORIENTED_EDGE('',*,*,#1084,.T.);
#1426=ORIENTED_EDGE('',*,*,#1085,.T.);
#1427=ORIENTED_EDGE('',*,*,#1084,.F.);
#1428=ORIENTED_EDGE('',*,*,#1075,.T.);
#1429=ORIENTED_EDGE('',*,*,#1079,.F.);
#1430=ORIENTED_EDGE('',*,*,#1086,.T.);
#1431=ORIENTED_EDGE('',*,*,#1086,.F.);
#1432=ORIENTED_EDGE('',*,*,#1081,.F.);
#1433=ORIENTED_EDGE('',*,*,#1083,.F.);
#1434=ORIENTED_EDGE('',*,*,#1085,.F.);
#1435=ORIENTED_EDGE('',*,*,#1087,.F.);
#1436=ORIENTED_EDGE('',*,*,#1088,.F.);
#1437=ORIENTED_EDGE('',*,*,#1089,.F.);
#1438=ORIENTED_EDGE('',*,*,#1090,.F.);
#1439=ORIENTED_EDGE('',*,*,#1091,.T.);
#1440=ORIENTED_EDGE('',*,*,#1090,.T.);
#1441=ORIENTED_EDGE('',*,*,#1092,.T.);
#1442=ORIENTED_EDGE('',*,*,#1093,.T.);
#1443=ORIENTED_EDGE('',*,*,#1092,.F.);
#1444=ORIENTED_EDGE('',*,*,#1089,.T.);
#1445=ORIENTED_EDGE('',*,*,#1094,.T.);
#1446=ORIENTED_EDGE('',*,*,#1095,.T.);
#1447=ORIENTED_EDGE('',*,*,#1094,.F.);
#1448=ORIENTED_EDGE('',*,*,#1088,.T.);
#1449=ORIENTED_EDGE('',*,*,#1096,.T.);
#1450=ORIENTED_EDGE('',*,*,#1097,.T.);
#1451=ORIENTED_EDGE('',*,*,#1096,.F.);
#1452=ORIENTED_EDGE('',*,*,#1087,.T.);
#1453=ORIENTED_EDGE('',*,*,#1091,.F.);
#1454=ORIENTED_EDGE('',*,*,#1098,.T.);
#1455=ORIENTED_EDGE('',*,*,#1098,.F.);
#1456=ORIENTED_EDGE('',*,*,#1093,.F.);
#1457=ORIENTED_EDGE('',*,*,#1095,.F.);
#1458=ORIENTED_EDGE('',*,*,#1097,.F.);
#1459=ORIENTED_EDGE('',*,*,#1099,.F.);
#1460=ORIENTED_EDGE('',*,*,#1100,.F.);
#1461=ORIENTED_EDGE('',*,*,#1101,.F.);
#1462=ORIENTED_EDGE('',*,*,#1102,.F.);
#1463=ORIENTED_EDGE('',*,*,#1103,.T.);
#1464=ORIENTED_EDGE('',*,*,#1102,.T.);
#1465=ORIENTED_EDGE('',*,*,#1104,.T.);
#1466=ORIENTED_EDGE('',*,*,#1105,.T.);
#1467=ORIENTED_EDGE('',*,*,#1104,.F.);
#1468=ORIENTED_EDGE('',*,*,#1101,.T.);
#1469=ORIENTED_EDGE('',*,*,#1106,.T.);
#1470=ORIENTED_EDGE('',*,*,#1107,.T.);
#1471=ORIENTED_EDGE('',*,*,#1106,.F.);
#1472=ORIENTED_EDGE('',*,*,#1100,.T.);
#1473=ORIENTED_EDGE('',*,*,#1108,.T.);
#1474=ORIENTED_EDGE('',*,*,#1109,.T.);
#1475=ORIENTED_EDGE('',*,*,#1108,.F.);
#1476=ORIENTED_EDGE('',*,*,#1099,.T.);
#1477=ORIENTED_EDGE('',*,*,#1103,.F.);
#1478=ORIENTED_EDGE('',*,*,#1110,.T.);
#1479=ORIENTED_EDGE('',*,*,#1110,.F.);
#1480=ORIENTED_EDGE('',*,*,#1105,.F.);
#1481=ORIENTED_EDGE('',*,*,#1107,.F.);
#1482=ORIENTED_EDGE('',*,*,#1109,.F.);
#1483=ORIENTED_EDGE('',*,*,#1111,.F.);
#1484=ORIENTED_EDGE('',*,*,#1112,.F.);
#1485=ORIENTED_EDGE('',*,*,#1113,.F.);
#1486=ORIENTED_EDGE('',*,*,#1114,.F.);
#1487=ORIENTED_EDGE('',*,*,#1115,.T.);
#1488=ORIENTED_EDGE('',*,*,#1114,.T.);
#1489=ORIENTED_EDGE('',*,*,#1116,.T.);
#1490=ORIENTED_EDGE('',*,*,#1117,.T.);
#1491=ORIENTED_EDGE('',*,*,#1116,.F.);
#1492=ORIENTED_EDGE('',*,*,#1113,.T.);
#1493=ORIENTED_EDGE('',*,*,#1118,.T.);
#1494=ORIENTED_EDGE('',*,*,#1119,.T.);
#1495=ORIENTED_EDGE('',*,*,#1118,.F.);
#1496=ORIENTED_EDGE('',*,*,#1112,.T.);
#1497=ORIENTED_EDGE('',*,*,#1120,.T.);
#1498=ORIENTED_EDGE('',*,*,#1121,.T.);
#1499=ORIENTED_EDGE('',*,*,#1120,.F.);
#1500=ORIENTED_EDGE('',*,*,#1111,.T.);
#1501=ORIENTED_EDGE('',*,*,#1115,.F.);
#1502=ORIENTED_EDGE('',*,*,#1122,.T.);
#1503=ORIENTED_EDGE('',*,*,#1122,.F.);
#1504=ORIENTED_EDGE('',*,*,#1117,.F.);
#1505=ORIENTED_EDGE('',*,*,#1119,.F.);
#1506=ORIENTED_EDGE('',*,*,#1121,.F.);
#1507=ORIENTED_EDGE('',*,*,#1123,.F.);
#1508=ORIENTED_EDGE('',*,*,#1124,.F.);
#1509=ORIENTED_EDGE('',*,*,#1125,.F.);
#1510=ORIENTED_EDGE('',*,*,#1126,.F.);
#1511=ORIENTED_EDGE('',*,*,#1127,.T.);
#1512=ORIENTED_EDGE('',*,*,#1126,.T.);
#1513=ORIENTED_EDGE('',*,*,#1128,.T.);
#1514=ORIENTED_EDGE('',*,*,#1129,.T.);
#1515=ORIENTED_EDGE('',*,*,#1128,.F.);
#1516=ORIENTED_EDGE('',*,*,#1125,.T.);
#1517=ORIENTED_EDGE('',*,*,#1130,.T.);
#1518=ORIENTED_EDGE('',*,*,#1131,.T.);
#1519=ORIENTED_EDGE('',*,*,#1130,.F.);
#1520=ORIENTED_EDGE('',*,*,#1124,.T.);
#1521=ORIENTED_EDGE('',*,*,#1132,.T.);
#1522=ORIENTED_EDGE('',*,*,#1133,.T.);
#1523=ORIENTED_EDGE('',*,*,#1132,.F.);
#1524=ORIENTED_EDGE('',*,*,#1123,.T.);
#1525=ORIENTED_EDGE('',*,*,#1127,.F.);
#1526=ORIENTED_EDGE('',*,*,#1134,.T.);
#1527=ORIENTED_EDGE('',*,*,#1134,.F.);
#1528=ORIENTED_EDGE('',*,*,#1129,.F.);
#1529=ORIENTED_EDGE('',*,*,#1131,.F.);
#1530=ORIENTED_EDGE('',*,*,#1133,.F.);
#1531=ORIENTED_EDGE('',*,*,#1135,.F.);
#1532=ORIENTED_EDGE('',*,*,#1136,.F.);
#1533=ORIENTED_EDGE('',*,*,#1137,.F.);
#1534=ORIENTED_EDGE('',*,*,#1138,.F.);
#1535=ORIENTED_EDGE('',*,*,#1139,.T.);
#1536=ORIENTED_EDGE('',*,*,#1138,.T.);
#1537=ORIENTED_EDGE('',*,*,#1140,.T.);
#1538=ORIENTED_EDGE('',*,*,#1141,.T.);
#1539=ORIENTED_EDGE('',*,*,#1140,.F.);
#1540=ORIENTED_EDGE('',*,*,#1137,.T.);
#1541=ORIENTED_EDGE('',*,*,#1142,.T.);
#1542=ORIENTED_EDGE('',*,*,#1143,.T.);
#1543=ORIENTED_EDGE('',*,*,#1142,.F.);
#1544=ORIENTED_EDGE('',*,*,#1136,.T.);
#1545=ORIENTED_EDGE('',*,*,#1144,.T.);
#1546=ORIENTED_EDGE('',*,*,#1145,.T.);
#1547=ORIENTED_EDGE('',*,*,#1144,.F.);
#1548=ORIENTED_EDGE('',*,*,#1135,.T.);
#1549=ORIENTED_EDGE('',*,*,#1139,.F.);
#1550=ORIENTED_EDGE('',*,*,#1146,.T.);
#1551=ORIENTED_EDGE('',*,*,#1146,.F.);
#1552=ORIENTED_EDGE('',*,*,#1141,.F.);
#1553=ORIENTED_EDGE('',*,*,#1143,.F.);
#1554=ORIENTED_EDGE('',*,*,#1145,.F.);
#1555=ORIENTED_EDGE('',*,*,#1147,.F.);
#1556=ORIENTED_EDGE('',*,*,#1148,.F.);
#1557=ORIENTED_EDGE('',*,*,#1149,.F.);
#1558=ORIENTED_EDGE('',*,*,#1150,.F.);
#1559=ORIENTED_EDGE('',*,*,#1151,.T.);
#1560=ORIENTED_EDGE('',*,*,#1150,.T.);
#1561=ORIENTED_EDGE('',*,*,#1152,.T.);
#1562=ORIENTED_EDGE('',*,*,#1153,.T.);
#1563=ORIENTED_EDGE('',*,*,#1152,.F.);
#1564=ORIENTED_EDGE('',*,*,#1149,.T.);
#1565=ORIENTED_EDGE('',*,*,#1154,.T.);
#1566=ORIENTED_EDGE('',*,*,#1155,.T.);
#1567=ORIENTED_EDGE('',*,*,#1154,.F.);
#1568=ORIENTED_EDGE('',*,*,#1148,.T.);
#1569=ORIENTED_EDGE('',*,*,#1156,.T.);
#1570=ORIENTED_EDGE('',*,*,#1157,.T.);
#1571=ORIENTED_EDGE('',*,*,#1156,.F.);
#1572=ORIENTED_EDGE('',*,*,#1147,.T.);
#1573=ORIENTED_EDGE('',*,*,#1151,.F.);
#1574=ORIENTED_EDGE('',*,*,#1158,.T.);
#1575=ORIENTED_EDGE('',*,*,#1158,.F.);
#1576=ORIENTED_EDGE('',*,*,#1153,.F.);
#1577=ORIENTED_EDGE('',*,*,#1155,.F.);
#1578=ORIENTED_EDGE('',*,*,#1157,.F.);
#1579=ORIENTED_EDGE('',*,*,#1159,.F.);
#1580=ORIENTED_EDGE('',*,*,#1160,.F.);
#1581=ORIENTED_EDGE('',*,*,#1161,.F.);
#1582=ORIENTED_EDGE('',*,*,#1162,.F.);
#1583=ORIENTED_EDGE('',*,*,#1163,.T.);
#1584=ORIENTED_EDGE('',*,*,#1162,.T.);
#1585=ORIENTED_EDGE('',*,*,#1164,.T.);
#1586=ORIENTED_EDGE('',*,*,#1165,.T.);
#1587=ORIENTED_EDGE('',*,*,#1164,.F.);
#1588=ORIENTED_EDGE('',*,*,#1161,.T.);
#1589=ORIENTED_EDGE('',*,*,#1166,.T.);
#1590=ORIENTED_EDGE('',*,*,#1167,.T.);
#1591=ORIENTED_EDGE('',*,*,#1166,.F.);
#1592=ORIENTED_EDGE('',*,*,#1160,.T.);
#1593=ORIENTED_EDGE('',*,*,#1168,.T.);
#1594=ORIENTED_EDGE('',*,*,#1169,.T.);
#1595=ORIENTED_EDGE('',*,*,#1168,.F.);
#1596=ORIENTED_EDGE('',*,*,#1159,.T.);
#1597=ORIENTED_EDGE('',*,*,#1163,.F.);
#1598=ORIENTED_EDGE('',*,*,#1170,.T.);
#1599=ORIENTED_EDGE('',*,*,#1170,.F.);
#1600=ORIENTED_EDGE('',*,*,#1165,.F.);
#1601=ORIENTED_EDGE('',*,*,#1167,.F.);
#1602=ORIENTED_EDGE('',*,*,#1169,.F.);
#1603=ORIENTED_EDGE('',*,*,#1171,.F.);
#1604=ORIENTED_EDGE('',*,*,#1172,.F.);
#1605=ORIENTED_EDGE('',*,*,#1173,.F.);
#1606=ORIENTED_EDGE('',*,*,#1174,.F.);
#1607=ORIENTED_EDGE('',*,*,#1175,.T.);
#1608=ORIENTED_EDGE('',*,*,#1174,.T.);
#1609=ORIENTED_EDGE('',*,*,#1176,.T.);
#1610=ORIENTED_EDGE('',*,*,#1177,.T.);
#1611=ORIENTED_EDGE('',*,*,#1176,.F.);
#1612=ORIENTED_EDGE('',*,*,#1173,.T.);
#1613=ORIENTED_EDGE('',*,*,#1178,.T.);
#1614=ORIENTED_EDGE('',*,*,#1179,.T.);
#1615=ORIENTED_EDGE('',*,*,#1178,.F.);
#1616=ORIENTED_EDGE('',*,*,#1172,.T.);
#1617=ORIENTED_EDGE('',*,*,#1180,.T.);
#1618=ORIENTED_EDGE('',*,*,#1181,.T.);
#1619=ORIENTED_EDGE('',*,*,#1180,.F.);
#1620=ORIENTED_EDGE('',*,*,#1171,.T.);
#1621=ORIENTED_EDGE('',*,*,#1175,.F.);
#1622=ORIENTED_EDGE('',*,*,#1182,.T.);
#1623=ORIENTED_EDGE('',*,*,#1182,.F.);
#1624=ORIENTED_EDGE('',*,*,#1177,.F.);
#1625=ORIENTED_EDGE('',*,*,#1179,.F.);
#1626=ORIENTED_EDGE('',*,*,#1181,.F.);
#1627=ORIENTED_EDGE('',*,*,#1183,.F.);
#1628=ORIENTED_EDGE('',*,*,#1184,.F.);
#1629=ORIENTED_EDGE('',*,*,#1185,.F.);
#1630=ORIENTED_EDGE('',*,*,#1186,.F.);
#1631=ORIENTED_EDGE('',*,*,#1187,.T.);
#1632=ORIENTED_EDGE('',*,*,#1186,.T.);
#1633=ORIENTED_EDGE('',*,*,#1188,.T.);
#1634=ORIENTED_EDGE('',*,*,#1189,.T.);
#1635=ORIENTED_EDGE('',*,*,#1188,.F.);
#1636=ORIENTED_EDGE('',*,*,#1185,.T.);
#1637=ORIENTED_EDGE('',*,*,#1190,.T.);
#1638=ORIENTED_EDGE('',*,*,#1191,.T.);
#1639=ORIENTED_EDGE('',*,*,#1190,.F.);
#1640=ORIENTED_EDGE('',*,*,#1184,.T.);
#1641=ORIENTED_EDGE('',*,*,#1192,.T.);
#1642=ORIENTED_EDGE('',*,*,#1193,.T.);
#1643=ORIENTED_EDGE('',*,*,#1192,.F.);
#1644=ORIENTED_EDGE('',*,*,#1183,.T.);
#1645=ORIENTED_EDGE('',*,*,#1187,.F.);
#1646=ORIENTED_EDGE('',*,*,#1194,.T.);
#1647=ORIENTED_EDGE('',*,*,#1194,.F.);
#1648=ORIENTED_EDGE('',*,*,#1189,.F.);
#1649=ORIENTED_EDGE('',*,*,#1191,.F.);
#1650=ORIENTED_EDGE('',*,*,#1193,.F.);
#1651=ORIENTED_EDGE('',*,*,#1195,.F.);
#1652=ORIENTED_EDGE('',*,*,#1196,.F.);
#1653=ORIENTED_EDGE('',*,*,#1197,.F.);
#1654=ORIENTED_EDGE('',*,*,#1198,.F.);
#1655=ORIENTED_EDGE('',*,*,#1199,.T.);
#1656=ORIENTED_EDGE('',*,*,#1198,.T.);
#1657=ORIENTED_EDGE('',*,*,#1200,.T.);
#1658=ORIENTED_EDGE('',*,*,#1201,.T.);
#1659=ORIENTED_EDGE('',*,*,#1200,.F.);
#1660=ORIENTED_EDGE('',*,*,#1197,.T.);
#1661=ORIENTED_EDGE('',*,*,#1202,.T.);
#1662=ORIENTED_EDGE('',*,*,#1203,.T.);
#1663=ORIENTED_EDGE('',*,*,#1202,.F.);
#1664=ORIENTED_EDGE('',*,*,#1196,.T.);
#1665=ORIENTED_EDGE('',*,*,#1204,.T.);
#1666=ORIENTED_EDGE('',*,*,#1205,.T.);
#1667=ORIENTED_EDGE('',*,*,#1204,.F.);
#1668=ORIENTED_EDGE('',*,*,#1195,.T.);
#1669=ORIENTED_EDGE('',*,*,#1199,.F.);
#1670=ORIENTED_EDGE('',*,*,#1206,.T.);
#1671=ORIENTED_EDGE('',*,*,#1206,.F.);
#1672=ORIENTED_EDGE('',*,*,#1201,.F.);
#1673=ORIENTED_EDGE('',*,*,#1203,.F.);
#1674=ORIENTED_EDGE('',*,*,#1205,.F.);
#1675=ORIENTED_EDGE('',*,*,#1207,.F.);
#1676=ORIENTED_EDGE('',*,*,#1208,.F.);
#1677=ORIENTED_EDGE('',*,*,#1209,.F.);
#1678=ORIENTED_EDGE('',*,*,#1210,.F.);
#1679=ORIENTED_EDGE('',*,*,#1211,.T.);
#1680=ORIENTED_EDGE('',*,*,#1210,.T.);
#1681=ORIENTED_EDGE('',*,*,#1212,.T.);
#1682=ORIENTED_EDGE('',*,*,#1213,.T.);
#1683=ORIENTED_EDGE('',*,*,#1212,.F.);
#1684=ORIENTED_EDGE('',*,*,#1209,.T.);
#1685=ORIENTED_EDGE('',*,*,#1214,.T.);
#1686=ORIENTED_EDGE('',*,*,#1215,.T.);
#1687=ORIENTED_EDGE('',*,*,#1214,.F.);
#1688=ORIENTED_EDGE('',*,*,#1208,.T.);
#1689=ORIENTED_EDGE('',*,*,#1216,.T.);
#1690=ORIENTED_EDGE('',*,*,#1217,.T.);
#1691=ORIENTED_EDGE('',*,*,#1216,.F.);
#1692=ORIENTED_EDGE('',*,*,#1207,.T.);
#1693=ORIENTED_EDGE('',*,*,#1211,.F.);
#1694=ORIENTED_EDGE('',*,*,#1218,.T.);
#1695=ORIENTED_EDGE('',*,*,#1218,.F.);
#1696=ORIENTED_EDGE('',*,*,#1213,.F.);
#1697=ORIENTED_EDGE('',*,*,#1215,.F.);
#1698=ORIENTED_EDGE('',*,*,#1217,.F.);
#1699=ORIENTED_EDGE('',*,*,#1219,.F.);
#1700=ORIENTED_EDGE('',*,*,#1220,.F.);
#1701=ORIENTED_EDGE('',*,*,#1221,.F.);
#1702=ORIENTED_EDGE('',*,*,#1222,.F.);
#1703=ORIENTED_EDGE('',*,*,#1223,.T.);
#1704=ORIENTED_EDGE('',*,*,#1222,.T.);
#1705=ORIENTED_EDGE('',*,*,#1224,.T.);
#1706=ORIENTED_EDGE('',*,*,#1225,.T.);
#1707=ORIENTED_EDGE('',*,*,#1224,.F.);
#1708=ORIENTED_EDGE('',*,*,#1221,.T.);
#1709=ORIENTED_EDGE('',*,*,#1226,.T.);
#1710=ORIENTED_EDGE('',*,*,#1227,.T.);
#1711=ORIENTED_EDGE('',*,*,#1226,.F.);
#1712=ORIENTED_EDGE('',*,*,#1220,.T.);
#1713=ORIENTED_EDGE('',*,*,#1228,.T.);
#1714=ORIENTED_EDGE('',*,*,#1229,.T.);
#1715=ORIENTED_EDGE('',*,*,#1228,.F.);
#1716=ORIENTED_EDGE('',*,*,#1219,.T.);
#1717=ORIENTED_EDGE('',*,*,#1223,.F.);
#1718=ORIENTED_EDGE('',*,*,#1230,.T.);
#1719=ORIENTED_EDGE('',*,*,#1230,.F.);
#1720=ORIENTED_EDGE('',*,*,#1225,.F.);
#1721=ORIENTED_EDGE('',*,*,#1227,.F.);
#1722=ORIENTED_EDGE('',*,*,#1229,.F.);
#1723=ORIENTED_EDGE('',*,*,#1231,.F.);
#1724=ORIENTED_EDGE('',*,*,#1232,.F.);
#1725=ORIENTED_EDGE('',*,*,#1233,.F.);
#1726=ORIENTED_EDGE('',*,*,#1234,.F.);
#1727=ORIENTED_EDGE('',*,*,#1235,.T.);
#1728=ORIENTED_EDGE('',*,*,#1234,.T.);
#1729=ORIENTED_EDGE('',*,*,#1236,.T.);
#1730=ORIENTED_EDGE('',*,*,#1237,.T.);
#1731=ORIENTED_EDGE('',*,*,#1236,.F.);
#1732=ORIENTED_EDGE('',*,*,#1233,.T.);
#1733=ORIENTED_EDGE('',*,*,#1238,.T.);
#1734=ORIENTED_EDGE('',*,*,#1239,.T.);
#1735=ORIENTED_EDGE('',*,*,#1238,.F.);
#1736=ORIENTED_EDGE('',*,*,#1232,.T.);
#1737=ORIENTED_EDGE('',*,*,#1240,.T.);
#1738=ORIENTED_EDGE('',*,*,#1241,.T.);
#1739=ORIENTED_EDGE('',*,*,#1240,.F.);
#1740=ORIENTED_EDGE('',*,*,#1231,.T.);
#1741=ORIENTED_EDGE('',*,*,#1235,.F.);
#1742=ORIENTED_EDGE('',*,*,#1242,.T.);
#1743=ORIENTED_EDGE('',*,*,#1242,.F.);
#1744=ORIENTED_EDGE('',*,*,#1237,.F.);
#1745=ORIENTED_EDGE('',*,*,#1239,.F.);
#1746=ORIENTED_EDGE('',*,*,#1241,.F.);
#1747=ORIENTED_EDGE('',*,*,#1243,.F.);
#1748=ORIENTED_EDGE('',*,*,#1244,.F.);
#1749=ORIENTED_EDGE('',*,*,#1245,.F.);
#1750=ORIENTED_EDGE('',*,*,#1246,.F.);
#1751=ORIENTED_EDGE('',*,*,#1247,.T.);
#1752=ORIENTED_EDGE('',*,*,#1246,.T.);
#1753=ORIENTED_EDGE('',*,*,#1248,.T.);
#1754=ORIENTED_EDGE('',*,*,#1249,.T.);
#1755=ORIENTED_EDGE('',*,*,#1248,.F.);
#1756=ORIENTED_EDGE('',*,*,#1245,.T.);
#1757=ORIENTED_EDGE('',*,*,#1250,.T.);
#1758=ORIENTED_EDGE('',*,*,#1251,.T.);
#1759=ORIENTED_EDGE('',*,*,#1250,.F.);
#1760=ORIENTED_EDGE('',*,*,#1244,.T.);
#1761=ORIENTED_EDGE('',*,*,#1252,.T.);
#1762=ORIENTED_EDGE('',*,*,#1253,.T.);
#1763=ORIENTED_EDGE('',*,*,#1252,.F.);
#1764=ORIENTED_EDGE('',*,*,#1243,.T.);
#1765=ORIENTED_EDGE('',*,*,#1247,.F.);
#1766=ORIENTED_EDGE('',*,*,#1254,.T.);
#1767=ORIENTED_EDGE('',*,*,#1254,.F.);
#1768=ORIENTED_EDGE('',*,*,#1249,.F.);
#1769=ORIENTED_EDGE('',*,*,#1251,.F.);
#1770=ORIENTED_EDGE('',*,*,#1253,.F.);
#1771=ORIENTED_EDGE('',*,*,#1255,.F.);
#1772=ORIENTED_EDGE('',*,*,#1256,.F.);
#1773=ORIENTED_EDGE('',*,*,#1257,.F.);
#1774=ORIENTED_EDGE('',*,*,#1258,.F.);
#1775=ORIENTED_EDGE('',*,*,#1259,.T.);
#1776=ORIENTED_EDGE('',*,*,#1258,.T.);
#1777=ORIENTED_EDGE('',*,*,#1260,.T.);
#1778=ORIENTED_EDGE('',*,*,#1261,.T.);
#1779=ORIENTED_EDGE('',*,*,#1260,.F.);
#1780=ORIENTED_EDGE('',*,*,#1257,.T.);
#1781=ORIENTED_EDGE('',*,*,#1262,.T.);
#1782=ORIENTED_EDGE('',*,*,#1263,.T.);
#1783=ORIENTED_EDGE('',*,*,#1262,.F.);
#1784=ORIENTED_EDGE('',*,*,#1256,.T.);
#1785=ORIENTED_EDGE('',*,*,#1264,.T.);
#1786=ORIENTED_EDGE('',*,*,#1265,.T.);
#1787=ORIENTED_EDGE('',*,*,#1264,.F.);
#1788=ORIENTED_EDGE('',*,*,#1255,.T.);
#1789=ORIENTED_EDGE('',*,*,#1259,.F.);
#1790=ORIENTED_EDGE('',*,*,#1266,.T.);
#1791=ORIENTED_EDGE('',*,*,#1266,.F.);
#1792=ORIENTED_EDGE('',*,*,#1261,.F.);
#1793=ORIENTED_EDGE('',*,*,#1263,.F.);
#1794=ORIENTED_EDGE('',*,*,#1265,.F.);
#1795=PLANE('',#2095);
#1796=PLANE('',#2096);
#1797=PLANE('',#2097);
#1798=PLANE('',#2098);
#1799=PLANE('',#2099);
#1800=PLANE('',#2100);
#1801=PLANE('',#2101);
#1802=PLANE('',#2102);
#1803=PLANE('',#2103);
#1804=PLANE('',#2104);
#1805=PLANE('',#2105);
#1806=PLANE('',#2106);
#1807=PLANE('',#2107);
#1808=PLANE('',#2108);
#1809=PLANE('',#2109);
#1810=PLANE('',#2110);
#1811=PLANE('',#2111);
#1812=PLANE('',#2112);
#1813=PLANE('',#2113);
#1814=PLANE('',#2114);
#1815=PLANE('',#2115);
#1816=PLANE('',#2116);
#1817=PLANE('',#2117);
#1818=PLANE('',#2118);
#1819=PLANE('',#2119);
#1820=PLANE('',#2120);
#1821=PLANE('',#2121);
#1822=PLANE('',#2122);
#1823=PLANE('',#2123);
#1824=PLANE('',#2124);
#1825=PLANE('',#2125);
#1826=PLANE('',#2126);
#1827=PLANE('',#2127);
#1828=PLANE('',#2128);
#1829=PLANE('',#2129);
#1830=PLANE('',#2130);
#1831=PLANE('',#2131);
#1832=PLANE('',#2132);
#1833=PLANE('',#2133);
#1834=PLANE('',#2134);
#1835=PLANE('',#2135);
#1836=PLANE('',#2136);
#1837=PLANE('',#2137);
#1838=PLANE('',#2138);
#1839=PLANE('',#2139);
#1840=PLANE('',#2140);
#1841=PLANE('',#2141);
#1842=PLANE('',#2142);
#1843=PLANE('',#2143);
#1844=PLANE('',#2144);
#1845=PLANE('',#2145);
#1846=PLANE('',#2146);
#1847=PLANE('',#2147);
#1848=PLANE('',#2148);
#1849=PLANE('',#2149);
#1850=PLANE('',#2150);
#1851=PLANE('',#2151);
#1852=PLANE('',#2152);
#1853=PLANE('',#2153);
#1854=PLANE('',#2154);
#1855=PLANE('',#2155);
#1856=PLANE('',#2156);
#1857=PLANE('',#2157);
#1858=PLANE('',#2158);
#1859=PLANE('',#2159);
#1860=PLANE('',#2160);
#1861=PLANE('',#2161);
#1862=PLANE('',#2162);
#1863=PLANE('',#2163);
#1864=PLANE('',#2164);
#1865=PLANE('',#2165);
#1866=PLANE('',#2166);
#1867=PLANE('',#2167);
#1868=PLANE('',#2168);
#1869=PLANE('',#2169);
#1870=PLANE('',#2170);
#1871=PLANE('',#2171);
#1872=PLANE('',#2172);
#1873=PLANE('',#2173);
#1874=PLANE('',#2174);
#1875=PLANE('',#2175);
#1876=PLANE('',#2176);
#1877=PLANE('',#2177);
#1878=PLANE('',#2178);
#1879=PLANE('',#2179);
#1880=PLANE('',#2180);
#1881=PLANE('',#2181);
#1882=PLANE('',#2182);
#1883=PLANE('',#2183);
#1884=PLANE('',#2184);
#1885=PLANE('',#2185);
#1886=PLANE('',#2186);
#1887=PLANE('',#2187);
#1888=PLANE('',#2188);
#1889=PLANE('',#2189);
#1890=PLANE('',#2190);
#1891=PLANE('',#2191);
#1892=PLANE('',#2192);
#1893=PLANE('',#2193);
#1894=PLANE('',#2194);
#1895=PLANE('',#2195);
#1896=PLANE('',#2196);
#1897=PLANE('',#2197);
#1898=PLANE('',#2198);
#1899=PLANE('',#2199);
#1900=PLANE('',#2200);
#1901=PLANE('',#2201);
#1902=PLANE('',#2202);
#1903=PLANE('',#2203);
#1904=PLANE('',#2204);
#1905=PLANE('',#2205);
#1906=PLANE('',#2206);
#1907=PLANE('',#2207);
#1908=PLANE('',#2208);
#1909=PLANE('',#2209);
#1910=PLANE('',#2210);
#1911=PLANE('',#2211);
#1912=PLANE('',#2212);
#1913=PLANE('',#2213);
#1914=PLANE('',#2214);
#1915=PLANE('',#2215);
#1916=PLANE('',#2216);
#1917=PLANE('',#2217);
#1918=PLANE('',#2218);
#1919=PLANE('',#2219);
#1920=PLANE('',#2220);
#1921=PLANE('',#2221);
#1922=PLANE('',#2222);
#1923=PLANE('',#2223);
#1924=PLANE('',#2224);
#1925=PLANE('',#2225);
#1926=PLANE('',#2226);
#1927=ADVANCED_FACE('',(#35),#1795,.T.);
#1928=ADVANCED_FACE('',(#36),#1796,.T.);
#1929=ADVANCED_FACE('',(#37),#1797,.T.);
#1930=ADVANCED_FACE('',(#38),#1798,.T.);
#1931=ADVANCED_FACE('',(#39),#1799,.T.);
#1932=ADVANCED_FACE('',(#40),#1800,.T.);
#1933=ADVANCED_FACE('',(#41),#1801,.F.);
#1934=ADVANCED_FACE('',(#42),#1802,.F.);
#1935=ADVANCED_FACE('',(#43),#1803,.F.);
#1936=ADVANCED_FACE('',(#44),#1804,.F.);
#1937=ADVANCED_FACE('',(#45),#1805,.F.);
#1938=ADVANCED_FACE('',(#46),#1806,.F.);
#1939=ADVANCED_FACE('',(#47),#1807,.F.);
#1940=ADVANCED_FACE('',(#48),#1808,.F.);
#1941=ADVANCED_FACE('',(#49),#1809,.F.);
#1942=ADVANCED_FACE('',(#50),#1810,.F.);
#1943=ADVANCED_FACE('',(#51),#1811,.F.);
#1944=ADVANCED_FACE('',(#52),#1812,.F.);
#1945=ADVANCED_FACE('',(#53),#1813,.F.);
#1946=ADVANCED_FACE('',(#54),#1814,.F.);
#1947=ADVANCED_FACE('',(#55),#1815,.F.);
#1948=ADVANCED_FACE('',(#56),#1816,.F.);
#1949=ADVANCED_FACE('',(#57),#1817,.F.);
#1950=ADVANCED_FACE('',(#58),#1818,.F.);
#1951=ADVANCED_FACE('',(#59),#1819,.F.);
#1952=ADVANCED_FACE('',(#60),#1820,.F.);
#1953=ADVANCED_FACE('',(#61),#1821,.F.);
#1954=ADVANCED_FACE('',(#62),#1822,.F.);
#1955=ADVANCED_FACE('',(#63),#1823,.F.);
#1956=ADVANCED_FACE('',(#64),#1824,.F.);
#1957=ADVANCED_FACE('',(#65),#1825,.F.);
#1958=ADVANCED_FACE('',(#66),#1826,.F.);
#1959=ADVANCED_FACE('',(#67),#1827,.F.);
#1960=ADVANCED_FACE('',(#68),#1828,.F.);
#1961=ADVANCED_FACE('',(#69),#1829,.F.);
#1962=ADVANCED_FACE('',(#70),#1830,.F.);
#1963=ADVANCED_FACE('',(#71),#1831,.F.);
#1964=ADVANCED_FACE('',(#72),#1832,.F.);
#1965=ADVANCED_FACE('',(#73),#1833,.F.);
#1966=ADVANCED_FACE('',(#74),#1834,.F.);
#1967=ADVANCED_FACE('',(#75),#1835,.F.);
#1968=ADVANCED_FACE('',(#76),#1836,.F.);
#1969=ADVANCED_FACE('',(#77),#1837,.F.);
#1970=ADVANCED_FACE('',(#78),#1838,.F.);
#1971=ADVANCED_FACE('',(#79),#1839,.F.);
#1972=ADVANCED_FACE('',(#80),#1840,.F.);
#1973=ADVANCED_FACE('',(#81),#1841,.F.);
#1974=ADVANCED_FACE('',(#82),#1842,.F.);
#1975=ADVANCED_FACE('',(#83),#1843,.F.);
#1976=ADVANCED_FACE('',(#84),#1844,.F.);
#1977=ADVANCED_FACE('',(#85),#1845,.F.);
#1978=ADVANCED_FACE('',(#86),#1846,.F.);
#1979=ADVANCED_FACE('',(#87),#1847,.F.);
#1980=ADVANCED_FACE('',(#88),#1848,.F.);
#1981=ADVANCED_FACE('',(#89),#1849,.F.);
#1982=ADVANCED_FACE('',(#90),#1850,.F.);
#1983=ADVANCED_FACE('',(#91),#1851,.F.);
#1984=ADVANCED_FACE('',(#92),#1852,.F.);
#1985=ADVANCED_FACE('',(#93),#1853,.F.);
#1986=ADVANCED_FACE('',(#94),#1854,.F.);
#1987=ADVANCED_FACE('',(#95),#1855,.F.);
#1988=ADVANCED_FACE('',(#96),#1856,.F.);
#1989=ADVANCED_FACE('',(#97),#1857,.F.);
#1990=ADVANCED_FACE('',(#98),#1858,.F.);
#1991=ADVANCED_FACE('',(#99),#1859,.F.);
#1992=ADVANCED_FACE('',(#100),#1860,.F.);
#1993=ADVANCED_FACE('',(#101),#1861,.F.);
#1994=ADVANCED_FACE('',(#102),#1862,.F.);
#1995=ADVANCED_FACE('',(#103),#1863,.F.);
#1996=ADVANCED_FACE('',(#104),#1864,.F.);
#1997=ADVANCED_FACE('',(#105),#1865,.F.);
#1998=ADVANCED_FACE('',(#106),#1866,.F.);
#1999=ADVANCED_FACE('',(#107),#1867,.F.);
#2000=ADVANCED_FACE('',(#108),#1868,.F.);
#2001=ADVANCED_FACE('',(#109),#1869,.F.);
#2002=ADVANCED_FACE('',(#110),#1870,.F.);
#2003=ADVANCED_FACE('',(#111),#1871,.F.);
#2004=ADVANCED_FACE('',(#112),#1872,.F.);
#2005=ADVANCED_FACE('',(#113),#1873,.F.);
#2006=ADVANCED_FACE('',(#114),#1874,.F.);
#2007=ADVANCED_FACE('',(#115),#1875,.F.);
#2008=ADVANCED_FACE('',(#116),#1876,.F.);
#2009=ADVANCED_FACE('',(#117),#1877,.F.);
#2010=ADVANCED_FACE('',(#118),#1878,.F.);
#2011=ADVANCED_FACE('',(#119),#1879,.F.);
#2012=ADVANCED_FACE('',(#120),#1880,.F.);
#2013=ADVANCED_FACE('',(#121),#1881,.F.);
#2014=ADVANCED_FACE('',(#122),#1882,.F.);
#2015=ADVANCED_FACE('',(#123),#1883,.F.);
#2016=ADVANCED_FACE('',(#124),#1884,.F.);
#2017=ADVANCED_FACE('',(#125),#1885,.F.);
#2018=ADVANCED_FACE('',(#126),#1886,.F.);
#2019=ADVANCED_FACE('',(#127),#1887,.F.);
#2020=ADVANCED_FACE('',(#128),#1888,.F.);
#2021=ADVANCED_FACE('',(#129),#1889,.F.);
#2022=ADVANCED_FACE('',(#130),#1890,.F.);
#2023=ADVANCED_FACE('',(#131),#1891,.F.);
#2024=ADVANCED_FACE('',(#132),#1892,.F.);
#2025=ADVANCED_FACE('',(#133),#1893,.F.);
#2026=ADVANCED_FACE('',(#134),#1894,.F.);
#2027=ADVANCED_FACE('',(#135),#1895,.F.);
#2028=ADVANCED_FACE('',(#136),#1896,.F.);
#2029=ADVANCED_FACE('',(#137),#1897,.F.);
#2030=ADVANCED_FACE('',(#138),#1898,.F.);
#2031=ADVANCED_FACE('',(#139),#1899,.F.);
#2032=ADVANCED_FACE('',(#140),#1900,.F.);
#2033=ADVANCED_FACE('',(#141),#1901,.F.);
#2034=ADVANCED_FACE('',(#142),#1902,.F.);
#2035=ADVANCED_FACE('',(#143),#1903,.F.);
#2036=ADVANCED_FACE('',(#144),#1904,.F.);
#2037=ADVANCED_FACE('',(#145),#1905,.F.);
#2038=ADVANCED_FACE('',(#146),#1906,.F.);
#2039=ADVANCED_FACE('',(#147),#1907,.F.);
#2040=ADVANCED_FACE('',(#148),#1908,.F.);
#2041=ADVANCED_FACE('',(#149),#1909,.F.);
#2042=ADVANCED_FACE('',(#150),#1910,.F.);
#2043=ADVANCED_FACE('',(#151),#1911,.F.);
#2044=ADVANCED_FACE('',(#152),#1912,.F.);
#2045=ADVANCED_FACE('',(#153),#1913,.F.);
#2046=ADVANCED_FACE('',(#154),#1914,.F.);
#2047=ADVANCED_FACE('',(#155),#1915,.F.);
#2048=ADVANCED_FACE('',(#156),#1916,.F.);
#2049=ADVANCED_FACE('',(#157),#1917,.F.);
#2050=ADVANCED_FACE('',(#158),#1918,.F.);
#2051=ADVANCED_FACE('',(#159),#1919,.F.);
#2052=ADVANCED_FACE('',(#160),#1920,.F.);
#2053=ADVANCED_FACE('',(#161),#1921,.F.);
#2054=ADVANCED_FACE('',(#162),#1922,.F.);
#2055=ADVANCED_FACE('',(#163),#1923,.F.);
#2056=ADVANCED_FACE('',(#164),#1924,.F.);
#2057=ADVANCED_FACE('',(#165),#1925,.F.);
#2058=ADVANCED_FACE('',(#166),#1926,.F.);
#2059=CLOSED_SHELL('',(#1927,#1928,#1929,#1930,#1931,#1932));
#2060=CLOSED_SHELL('',(#1933,#1934,#1935,#1936,#1937,#1938));
#2061=CLOSED_SHELL('',(#1939,#1940,#1941,#1942,#1943,#1944));
#2062=CLOSED_SHELL('',(#1945,#1946,#1947,#1948,#1949,#1950));
#2063=CLOSED_SHELL('',(#1951,#1952,#1953,#1954,#1955,#1956));
#2064=CLOSED_SHELL('',(#1957,#1958,#1959,#1960,#1961,#1962));
#2065=CLOSED_SHELL('',(#1963,#1964,#1965,#1966,#1967,#1968));
#2066=CLOSED_SHELL('',(#1969,#1970,#1971,#1972,#1973,#1974));
#2067=CLOSED_SHELL('',(#1975,#1976,#1977,#1978,#1979,#1980));
#2068=CLOSED_SHELL('',(#1981,#1982,#1983,#1984,#1985,#1986));
#2069=CLOSED_SHELL('',(#1987,#1988,#1989,#1990,#1991,#1992));
#2070=CLOSED_SHELL('',(#1993,#1994,#1995,#1996,#1997,#1998));
#2071=CLOSED_SHELL('',(#1999,#2000,#2001,#2002,#2003,#2004));
#2072=CLOSED_SHELL('',(#2005,#2006,#2007,#2008,#2009,#2010));
#2073=CLOSED_SHELL('',(#2011,#2012,#2013,#2014,#2015,#2016));
#2074=CLOSED_SHELL('',(#2017,#2018,#2019,#2020,#2021,#2022));
#2075=CLOSED_SHELL('',(#2023,#2024,#2025,#2026,#2027,#2028));
#2076=CLOSED_SHELL('',(#2029,#2030,#2031,#2032,#2033,#2034));
#2077=CLOSED_SHELL('',(#2035,#2036,#2037,#2038,#2039,#2040));
#2078=CLOSED_SHELL('',(#2041,#2042,#2043,#2044,#2045,#2046));
#2079=CLOSED_SHELL('',(#2047,#2048,#2049,#2050,#2051,#2052));
#2080=CLOSED_SHELL('',(#2053,#2054,#2055,#2056,#2057,#2058));
#2081=BREP_WITH_VOIDS('Body1',#2059,(#14,#15,#16,#17,#18,#19,#20,#21,#22,
#23,#24,#25,#26,#27,#28,#29,#30,#31,#32,#33,#34));
#2082=DERIVED_UNIT_ELEMENT(#2084,1.);
#2083=DERIVED_UNIT_ELEMENT(#3335,-3.);
#2084=(
MASS_UNIT()
NAMED_UNIT(*)
SI_UNIT(.KILO.,.GRAM.)
);
#2085=DERIVED_UNIT((#2082,#2083));
#2086=MEASURE_REPRESENTATION_ITEM('density measure',
POSITIVE_RATIO_MEASURE(7850.),#2085);
#2087=PROPERTY_DEFINITION_REPRESENTATION(#2092,#2089);
#2088=PROPERTY_DEFINITION_REPRESENTATION(#2093,#2090);
#2089=REPRESENTATION('material name',(#2091),#3332);
#2090=REPRESENTATION('density',(#2086),#3332);
#2091=DESCRIPTIVE_REPRESENTATION_ITEM('Steel','Steel');
#2092=PROPERTY_DEFINITION('material property','material name',#3342);
#2093=PROPERTY_DEFINITION('material property','density of part',#3342);
#2094=AXIS2_PLACEMENT_3D('',#2757,#2227,#2228);
#2095=AXIS2_PLACEMENT_3D('',#2758,#2229,#2230);
#2096=AXIS2_PLACEMENT_3D('',#2767,#2235,#2236);
#2097=AXIS2_PLACEMENT_3D('',#2773,#2240,#2241);
#2098=AXIS2_PLACEMENT_3D('',#2777,#2244,#2245);
#2099=AXIS2_PLACEMENT_3D('',#2781,#2248,#2249);
#2100=AXIS2_PLACEMENT_3D('',#2783,#2251,#2252);
#2101=AXIS2_PLACEMENT_3D('',#2784,#2253,#2254);
#2102=AXIS2_PLACEMENT_3D('',#2793,#2259,#2260);
#2103=AXIS2_PLACEMENT_3D('',#2799,#2264,#2265);
#2104=AXIS2_PLACEMENT_3D('',#2803,#2268,#2269);
#2105=AXIS2_PLACEMENT_3D('',#2807,#2272,#2273);
#2106=AXIS2_PLACEMENT_3D('',#2809,#2275,#2276);
#2107=AXIS2_PLACEMENT_3D('',#2810,#2277,#2278);
#2108=AXIS2_PLACEMENT_3D('',#2819,#2283,#2284);
#2109=AXIS2_PLACEMENT_3D('',#2825,#2288,#2289);
#2110=AXIS2_PLACEMENT_3D('',#2829,#2292,#2293);
#2111=AXIS2_PLACEMENT_3D('',#2833,#2296,#2297);
#2112=AXIS2_PLACEMENT_3D('',#2835,#2299,#2300);
#2113=AXIS2_PLACEMENT_3D('',#2836,#2301,#2302);
#2114=AXIS2_PLACEMENT_3D('',#2845,#2307,#2308);
#2115=AXIS2_PLACEMENT_3D('',#2851,#2312,#2313);
#2116=AXIS2_PLACEMENT_3D('',#2855,#2316,#2317);
#2117=AXIS2_PLACEMENT_3D('',#2859,#2320,#2321);
#2118=AXIS2_PLACEMENT_3D('',#2861,#2323,#2324);
#2119=AXIS2_PLACEMENT_3D('',#2862,#2325,#2326);
#2120=AXIS2_PLACEMENT_3D('',#2871,#2331,#2332);
#2121=AXIS2_PLACEMENT_3D('',#2877,#2336,#2337);
#2122=AXIS2_PLACEMENT_3D('',#2881,#2340,#2341);
#2123=AXIS2_PLACEMENT_3D('',#2885,#2344,#2345);
#2124=AXIS2_PLACEMENT_3D('',#2887,#2347,#2348);
#2125=AXIS2_PLACEMENT_3D('',#2888,#2349,#2350);
#2126=AXIS2_PLACEMENT_3D('',#2897,#2355,#2356);
#2127=AXIS2_PLACEMENT_3D('',#2903,#2360,#2361);
#2128=AXIS2_PLACEMENT_3D('',#2907,#2364,#2365);
#2129=AXIS2_PLACEMENT_3D('',#2911,#2368,#2369);
#2130=AXIS2_PLACEMENT_3D('',#2913,#2371,#2372);
#2131=AXIS2_PLACEMENT_3D('',#2914,#2373,#2374);
#2132=AXIS2_PLACEMENT_3D('',#2923,#2379,#2380);
#2133=AXIS2_PLACEMENT_3D('',#2929,#2384,#2385);
#2134=AXIS2_PLACEMENT_3D('',#2933,#2388,#2389);
#2135=AXIS2_PLACEMENT_3D('',#2937,#2392,#2393);
#2136=AXIS2_PLACEMENT_3D('',#2939,#2395,#2396);
#2137=AXIS2_PLACEMENT_3D('',#2940,#2397,#2398);
#2138=AXIS2_PLACEMENT_3D('',#2949,#2403,#2404);
#2139=AXIS2_PLACEMENT_3D('',#2955,#2408,#2409);
#2140=AXIS2_PLACEMENT_3D('',#2959,#2412,#2413);
#2141=AXIS2_PLACEMENT_3D('',#2963,#2416,#2417);
#2142=AXIS2_PLACEMENT_3D('',#2965,#2419,#2420);
#2143=AXIS2_PLACEMENT_3D('',#2966,#2421,#2422);
#2144=AXIS2_PLACEMENT_3D('',#2975,#2427,#2428);
#2145=AXIS2_PLACEMENT_3D('',#2981,#2432,#2433);
#2146=AXIS2_PLACEMENT_3D('',#2985,#2436,#2437);
#2147=AXIS2_PLACEMENT_3D('',#2989,#2440,#2441);
#2148=AXIS2_PLACEMENT_3D('',#2991,#2443,#2444);
#2149=AXIS2_PLACEMENT_3D('',#2992,#2445,#2446);
#2150=AXIS2_PLACEMENT_3D('',#3001,#2451,#2452);
#2151=AXIS2_PLACEMENT_3D('',#3007,#2456,#2457);
#2152=AXIS2_PLACEMENT_3D('',#3011,#2460,#2461);
#2153=AXIS2_PLACEMENT_3D('',#3015,#2464,#2465);
#2154=AXIS2_PLACEMENT_3D('',#3017,#2467,#2468);
#2155=AXIS2_PLACEMENT_3D('',#3018,#2469,#2470);
#2156=AXIS2_PLACEMENT_3D('',#3027,#2475,#2476);
#2157=AXIS2_PLACEMENT_3D('',#3033,#2480,#2481);
#2158=AXIS2_PLACEMENT_3D('',#3037,#2484,#2485);
#2159=AXIS2_PLACEMENT_3D('',#3041,#2488,#2489);
#2160=AXIS2_PLACEMENT_3D('',#3043,#2491,#2492);
#2161=AXIS2_PLACEMENT_3D('',#3044,#2493,#2494);
#2162=AXIS2_PLACEMENT_3D('',#3053,#2499,#2500);
#2163=AXIS2_PLACEMENT_3D('',#3059,#2504,#2505);
#2164=AXIS2_PLACEMENT_3D('',#3063,#2508,#2509);
#2165=AXIS2_PLACEMENT_3D('',#3067,#2512,#2513);
#2166=AXIS2_PLACEMENT_3D('',#3069,#2515,#2516);
#2167=AXIS2_PLACEMENT_3D('',#3070,#2517,#2518);
#2168=AXIS2_PLACEMENT_3D('',#3079,#2523,#2524);
#2169=AXIS2_PLACEMENT_3D('',#3085,#2528,#2529);
#2170=AXIS2_PLACEMENT_3D('',#3089,#2532,#2533);
#2171=AXIS2_PLACEMENT_3D('',#3093,#2536,#2537);
#2172=AXIS2_PLACEMENT_3D('',#3095,#2539,#2540);
#2173=AXIS2_PLACEMENT_3D('',#3096,#2541,#2542);
#2174=AXIS2_PLACEMENT_3D('',#3105,#2547,#2548);
#2175=AXIS2_PLACEMENT_3D('',#3111,#2552,#2553);
#2176=AXIS2_PLACEMENT_3D('',#3115,#2556,#2557);
#2177=AXIS2_PLACEMENT_3D('',#3119,#2560,#2561);
#2178=AXIS2_PLACEMENT_3D('',#3121,#2563,#2564);
#2179=AXIS2_PLACEMENT_3D('',#3122,#2565,#2566);
#2180=AXIS2_PLACEMENT_3D('',#3131,#2571,#2572);
#2181=AXIS2_PLACEMENT_3D('',#3137,#2576,#2577);
#2182=AXIS2_PLACEMENT_3D('',#3141,#2580,#2581);
#2183=AXIS2_PLACEMENT_3D('',#3145,#2584,#2585);
#2184=AXIS2_PLACEMENT_3D('',#3147,#2587,#2588);
#2185=AXIS2_PLACEMENT_3D('',#3148,#2589,#2590);
#2186=AXIS2_PLACEMENT_3D('',#3157,#2595,#2596);
#2187=AXIS2_PLACEMENT_3D('',#3163,#2600,#2601);
#2188=AXIS2_PLACEMENT_3D('',#3167,#2604,#2605);
#2189=AXIS2_PLACEMENT_3D('',#3171,#2608,#2609);
#2190=AXIS2_PLACEMENT_3D('',#3173,#2611,#2612);
#2191=AXIS2_PLACEMENT_3D('',#3174,#2613,#2614);
#2192=AXIS2_PLACEMENT_3D('',#3183,#2619,#2620);
#2193=AXIS2_PLACEMENT_3D('',#3189,#2624,#2625);
#2194=AXIS2_PLACEMENT_3D('',#3193,#2628,#2629);
#2195=AXIS2_PLACEMENT_3D('',#3197,#2632,#2633);
#2196=AXIS2_PLACEMENT_3D('',#3199,#2635,#2636);
#2197=AXIS2_PLACEMENT_3D('',#3200,#2637,#2638);
#2198=AXIS2_PLACEMENT_3D('',#3209,#2643,#2644);
#2199=AXIS2_PLACEMENT_3D('',#3215,#2648,#2649);
#2200=AXIS2_PLACEMENT_3D('',#3219,#2652,#2653);
#2201=AXIS2_PLACEMENT_3D('',#3223,#2656,#2657);
#2202=AXIS2_PLACEMENT_3D('',#3225,#2659,#2660);
#2203=AXIS2_PLACEMENT_3D('',#3226,#2661,#2662);
#2204=AXIS2_PLACEMENT_3D('',#3235,#2667,#2668);
#2205=AXIS2_PLACEMENT_3D('',#3241,#2672,#2673);
#2206=AXIS2_PLACEMENT_3D('',#3245,#2676,#2677);
#2207=AXIS2_PLACEMENT_3D('',#3249,#2680,#2681);
#2208=AXIS2_PLACEMENT_3D('',#3251,#2683,#2684);
#2209=AXIS2_PLACEMENT_3D('',#3252,#2685,#2686);
#2210=AXIS2_PLACEMENT_3D('',#3261,#2691,#2692);
#2211=AXIS2_PLACEMENT_3D('',#3267,#2696,#2697);
#2212=AXIS2_PLACEMENT_3D('',#3271,#2700,#2701);
#2213=AXIS2_PLACEMENT_3D('',#3275,#2704,#2705);
#2214=AXIS2_PLACEMENT_3D('',#3277,#2707,#2708);
#2215=AXIS2_PLACEMENT_3D('',#3278,#2709,#2710);
#2216=AXIS2_PLACEMENT_3D('',#3287,#2715,#2716);
#2217=AXIS2_PLACEMENT_3D('',#3293,#2720,#2721);
#2218=AXIS2_PLACEMENT_3D('',#3297,#2724,#2725);
#2219=AXIS2_PLACEMENT_3D('',#3301,#2728,#2729);
#2220=AXIS2_PLACEMENT_3D('',#3303,#2731,#2732);
#2221=AXIS2_PLACEMENT_3D('',#3304,#2733,#2734);
#2222=AXIS2_PLACEMENT_3D('',#3313,#2739,#2740);
#2223=AXIS2_PLACEMENT_3D('',#3319,#2744,#2745);
#2224=AXIS2_PLACEMENT_3D('',#3323,#2748,#2749);
#2225=AXIS2_PLACEMENT_3D('',#3327,#2752,#2753);
#2226=AXIS2_PLACEMENT_3D('',#3329,#2755,#2756);
#2227=DIRECTION('axis',(0.,0.,1.));
#2228=DIRECTION('refdir',(1.,0.,0.));
#2229=DIRECTION('center_axis',(0.,0.,-1.));
#2230=DIRECTION('ref_axis',(-1.,0.,0.));
#2231=DIRECTION('',(-1.,0.,0.));
#2232=DIRECTION('',(0.,1.,0.));
#2233=DIRECTION('',(1.,0.,0.));
#2234=DIRECTION('',(0.,-1.,0.));
#2235=DIRECTION('center_axis',(-1.,0.,0.));
#2236=DIRECTION('ref_axis',(0.,-1.,0.));
#2237=DIRECTION('',(0.,0.,-1.));
#2238=DIRECTION('',(0.,-1.,0.));
#2239=DIRECTION('',(0.,0.,1.));
#2240=DIRECTION('center_axis',(0.,1.,0.));
#2241=DIRECTION('ref_axis',(-1.,0.,0.));
#2242=DIRECTION('',(-1.,0.,0.));
#2243=DIRECTION('',(0.,0.,1.));
#2244=DIRECTION('center_axis',(1.,0.,0.));
#2245=DIRECTION('ref_axis',(0.,1.,0.));
#2246=DIRECTION('',(0.,1.,0.));
#2247=DIRECTION('',(0.,0.,1.));
#2248=DIRECTION('center_axis',(0.,-1.,0.));
#2249=DIRECTION('ref_axis',(1.,0.,0.));
#2250=DIRECTION('',(1.,0.,0.));
#2251=DIRECTION('center_axis',(0.,0.,1.));
#2252=DIRECTION('ref_axis',(1.,0.,0.));
#2253=DIRECTION('center_axis',(0.,0.,-1.));
#2254=DIRECTION('ref_axis',(-1.,0.,0.));
#2255=DIRECTION('',(0.707106781186547,-0.707106781186547,0.));
#2256=DIRECTION('',(0.707106781186547,0.707106781186547,0.));
#2257=DIRECTION('',(-0.707106781186547,0.707106781186547,0.));
#2258=DIRECTION('',(-0.707106781186547,-0.707106781186547,0.));
#2259=DIRECTION('center_axis',(0.707106781186548,-0.707106781186548,0.));
#2260=DIRECTION('ref_axis',(0.707106781186548,0.707106781186548,0.));
#2261=DIRECTION('',(0.,0.,-1.));
#2262=DIRECTION('',(0.,0.,1.));
#2263=DIRECTION('',(0.707106781186547,0.707106781186547,0.));
#2264=DIRECTION('center_axis',(-0.707106781186548,-0.707106781186548,0.));
#2265=DIRECTION('ref_axis',(0.707106781186548,-0.707106781186548,0.));
#2266=DIRECTION('',(0.,0.,1.));
#2267=DIRECTION('',(0.707106781186547,-0.707106781186547,0.));
#2268=DIRECTION('center_axis',(-0.707106781186548,0.707106781186548,0.));
#2269=DIRECTION('ref_axis',(-0.707106781186548,-0.707106781186548,0.));
#2270=DIRECTION('',(0.,0.,1.));
#2271=DIRECTION('',(-0.707106781186547,-0.707106781186547,0.));
#2272=DIRECTION('center_axis',(0.707106781186548,0.707106781186548,0.));
#2273=DIRECTION('ref_axis',(-0.707106781186548,0.707106781186548,0.));
#2274=DIRECTION('',(-0.707106781186547,0.707106781186547,0.));
#2275=DIRECTION('center_axis',(0.,0.,1.));
#2276=DIRECTION('ref_axis',(1.,0.,0.));
#2277=DIRECTION('center_axis',(0.,0.,-1.));
#2278=DIRECTION('ref_axis',(-1.,0.,0.));
#2279=DIRECTION('',(0.707106781186547,-0.707106781186547,0.));
#2280=DIRECTION('',(0.707106781186547,0.707106781186547,0.));
#2281=DIRECTION('',(-0.707106781186547,0.707106781186547,0.));
#2282=DIRECTION('',(-0.707106781186547,-0.707106781186547,0.));
#2283=DIRECTION('center_axis',(0.707106781186548,-0.707106781186548,0.));
#2284=DIRECTION('ref_axis',(0.707106781186548,0.707106781186548,0.));
#2285=DIRECTION('',(0.,0.,-1.));
#2286=DIRECTION('',(0.,0.,1.));
#2287=DIRECTION('',(0.707106781186547,0.707106781186547,0.));
#2288=DIRECTION('center_axis',(-0.707106781186548,-0.707106781186548,0.));
#2289=DIRECTION('ref_axis',(0.707106781186548,-0.707106781186548,0.));
#2290=DIRECTION('',(0.,0.,1.));
#2291=DIRECTION('',(0.707106781186547,-0.707106781186547,0.));
#2292=DIRECTION('center_axis',(-0.707106781186548,0.707106781186548,0.));
#2293=DIRECTION('ref_axis',(-0.707106781186548,-0.707106781186548,0.));
#2294=DIRECTION('',(0.,0.,1.));
#2295=DIRECTION('',(-0.707106781186547,-0.707106781186547,0.));
#2296=DIRECTION('center_axis',(0.707106781186548,0.707106781186548,0.));
#2297=DIRECTION('ref_axis',(-0.707106781186548,0.707106781186548,0.));
#2298=DIRECTION('',(-0.707106781186547,0.707106781186547,0.));
#2299=DIRECTION('center_axis',(0.,0.,1.));
#2300=DIRECTION('ref_axis',(1.,0.,0.));
#2301=DIRECTION('center_axis',(0.,0.,-1.));
#2302=DIRECTION('ref_axis',(-1.,0.,0.));
#2303=DIRECTION('',(0.707106781186547,-0.707106781186547,0.));
#2304=DIRECTION('',(0.707106781186547,0.707106781186547,0.));
#2305=DIRECTION('',(-0.707106781186547,0.707106781186547,0.));
#2306=DIRECTION('',(-0.707106781186547,-0.707106781186547,0.));
#2307=DIRECTION('center_axis',(0.707106781186548,-0.707106781186548,0.));
#2308=DIRECTION('ref_axis',(0.707106781186548,0.707106781186548,0.));
#2309=DIRECTION('',(0.,0.,-1.));
#2310=DIRECTION('',(0.,0.,1.));
#2311=DIRECTION('',(0.707106781186547,0.707106781186547,0.));
#2312=DIRECTION('center_axis',(-0.707106781186548,-0.707106781186548,0.));
#2313=DIRECTION('ref_axis',(0.707106781186548,-0.707106781186548,0.));
#2314=DIRECTION('',(0.,0.,1.));
#2315=DIRECTION('',(0.707106781186547,-0.707106781186547,0.));
#2316=DIRECTION('center_axis',(-0.707106781186548,0.707106781186548,0.));
#2317=DIRECTION('ref_axis',(-0.707106781186548,-0.707106781186548,0.));
#2318=DIRECTION('',(0.,0.,1.));
#2319=DIRECTION('',(-0.707106781186547,-0.707106781186547,0.));
#2320=DIRECTION('center_axis',(0.707106781186548,0.707106781186548,0.));
#2321=DIRECTION('ref_axis',(-0.707106781186548,0.707106781186548,0.));
#2322=DIRECTION('',(-0.707106781186547,0.707106781186547,0.));
#2323=DIRECTION('center_axis',(0.,0.,1.));
#2324=DIRECTION('ref_axis',(1.,0.,0.));
#2325=DIRECTION('center_axis',(0.,0.,-1.));
#2326=DIRECTION('ref_axis',(-1.,0.,0.));
#2327=DIRECTION('',(0.707106781186547,-0.707106781186547,0.));
#2328=DIRECTION('',(0.707106781186547,0.707106781186547,0.));
#2329=DIRECTION('',(-0.707106781186547,0.707106781186547,0.));
#2330=DIRECTION('',(-0.707106781186547,-0.707106781186547,0.));
#2331=DIRECTION('center_axis',(0.707106781186548,-0.707106781186548,0.));
#2332=DIRECTION('ref_axis',(0.707106781186548,0.707106781186548,0.));
#2333=DIRECTION('',(0.,0.,-1.));
#2334=DIRECTION('',(0.,0.,1.));
#2335=DIRECTION('',(0.707106781186547,0.707106781186547,0.));
#2336=DIRECTION('center_axis',(-0.707106781186548,-0.707106781186548,0.));
#2337=DIRECTION('ref_axis',(0.707106781186548,-0.707106781186548,0.));
#2338=DIRECTION('',(0.,0.,1.));
#2339=DIRECTION('',(0.707106781186547,-0.707106781186547,0.));
#2340=DIRECTION('center_axis',(-0.707106781186548,0.707106781186548,0.));
#2341=DIRECTION('ref_axis',(-0.707106781186548,-0.707106781186548,0.));
#2342=DIRECTION('',(0.,0.,1.));
#2343=DIRECTION('',(-0.707106781186547,-0.707106781186547,0.));
#2344=DIRECTION('center_axis',(0.707106781186548,0.707106781186548,0.));
#2345=DIRECTION('ref_axis',(-0.707106781186548,0.707106781186548,0.));
#2346=DIRECTION('',(-0.707106781186547,0.707106781186547,0.));
#2347=DIRECTION('center_axis',(0.,0.,1.));
#2348=DIRECTION('ref_axis',(1.,0.,0.));
#2349=DIRECTION('center_axis',(0.,0.,-1.));
#2350=DIRECTION('ref_axis',(-1.,0.,0.));
#2351=DIRECTION('',(0.707106781186547,-0.707106781186547,0.));
#2352=DIRECTION('',(0.707106781186547,0.707106781186547,0.));
#2353=DIRECTION('',(-0.707106781186547,0.707106781186547,0.));
#2354=DIRECTION('',(-0.707106781186547,-0.707106781186547,0.));
#2355=DIRECTION('center_axis',(0.707106781186548,-0.707106781186548,0.));
#2356=DIRECTION('ref_axis',(0.707106781186548,0.707106781186548,0.));
#2357=DIRECTION('',(0.,0.,-1.));
#2358=DIRECTION('',(0.,0.,1.));
#2359=DIRECTION('',(0.707106781186547,0.707106781186547,0.));
#2360=DIRECTION('center_axis',(-0.707106781186548,-0.707106781186548,0.));
#2361=DIRECTION('ref_axis',(0.707106781186548,-0.707106781186548,0.));
#2362=DIRECTION('',(0.,0.,1.));
#2363=DIRECTION('',(0.707106781186547,-0.707106781186547,0.));
#2364=DIRECTION('center_axis',(-0.707106781186548,0.707106781186548,0.));
#2365=DIRECTION('ref_axis',(-0.707106781186548,-0.707106781186548,0.));
#2366=DIRECTION('',(0.,0.,1.));
#2367=DIRECTION('',(-0.707106781186547,-0.707106781186547,0.));
#2368=DIRECTION('center_axis',(0.707106781186548,0.707106781186548,0.));
#2369=DIRECTION('ref_axis',(-0.707106781186548,0.707106781186548,0.));
#2370=DIRECTION('',(-0.707106781186547,0.707106781186547,0.));
#2371=DIRECTION('center_axis',(0.,0.,1.));
#2372=DIRECTION('ref_axis',(1.,0.,0.));
#2373=DIRECTION('center_axis',(0.,0.,-1.));
#2374=DIRECTION('ref_axis',(-1.,0.,0.));
#2375=DIRECTION('',(0.707106781186547,-0.707106781186547,0.));
#2376=DIRECTION('',(0.707106781186547,0.707106781186547,0.));
#2377=DIRECTION('',(-0.707106781186547,0.707106781186547,0.));
#2378=DIRECTION('',(-0.707106781186547,-0.707106781186547,0.));
#2379=DIRECTION('center_axis',(0.707106781186548,-0.707106781186548,0.));
#2380=DIRECTION('ref_axis',(0.707106781186548,0.707106781186548,0.));
#2381=DIRECTION('',(0.,0.,-1.));
#2382=DIRECTION('',(0.,0.,1.));
#2383=DIRECTION('',(0.707106781186547,0.707106781186547,0.));
#2384=DIRECTION('center_axis',(-0.707106781186548,-0.707106781186548,0.));
#2385=DIRECTION('ref_axis',(0.707106781186548,-0.707106781186548,0.));
#2386=DIRECTION('',(0.,0.,1.));
#2387=DIRECTION('',(0.707106781186547,-0.707106781186547,0.));
#2388=DIRECTION('center_axis',(-0.707106781186548,0.707106781186548,0.));
#2389=DIRECTION('ref_axis',(-0.707106781186548,-0.707106781186548,0.));
#2390=DIRECTION('',(0.,0.,1.));
#2391=DIRECTION('',(-0.707106781186547,-0.707106781186547,0.));
#2392=DIRECTION('center_axis',(0.707106781186548,0.707106781186548,0.));
#2393=DIRECTION('ref_axis',(-0.707106781186548,0.707106781186548,0.));
#2394=DIRECTION('',(-0.707106781186547,0.707106781186547,0.));
#2395=DIRECTION('center_axis',(0.,0.,1.));
#2396=DIRECTION('ref_axis',(1.,0.,0.));
#2397=DIRECTION('center_axis',(0.,0.,-1.));
#2398=DIRECTION('ref_axis',(-1.,0.,0.));
#2399=DIRECTION('',(0.707106781186547,-0.707106781186547,0.));
#2400=DIRECTION('',(0.707106781186547,0.707106781186547,0.));
#2401=DIRECTION('',(-0.707106781186547,0.707106781186547,0.));
#2402=DIRECTION('',(-0.707106781186547,-0.707106781186547,0.));
#2403=DIRECTION('center_axis',(0.707106781186548,-0.707106781186548,0.));
#2404=DIRECTION('ref_axis',(0.707106781186548,0.707106781186548,0.));
#2405=DIRECTION('',(0.,0.,-1.));
#2406=DIRECTION('',(0.,0.,1.));
#2407=DIRECTION('',(0.707106781186547,0.707106781186547,0.));
#2408=DIRECTION('center_axis',(-0.707106781186548,-0.707106781186548,0.));
#2409=DIRECTION('ref_axis',(0.707106781186548,-0.707106781186548,0.));
#2410=DIRECTION('',(0.,0.,1.));
#2411=DIRECTION('',(0.707106781186547,-0.707106781186547,0.));
#2412=DIRECTION('center_axis',(-0.707106781186548,0.707106781186548,0.));
#2413=DIRECTION('ref_axis',(-0.707106781186548,-0.707106781186548,0.));
#2414=DIRECTION('',(0.,0.,1.));
#2415=DIRECTION('',(-0.707106781186547,-0.707106781186547,0.));
#2416=DIRECTION('center_axis',(0.707106781186548,0.707106781186548,0.));
#2417=DIRECTION('ref_axis',(-0.707106781186548,0.707106781186548,0.));
#2418=DIRECTION('',(-0.707106781186547,0.707106781186547,0.));
#2419=DIRECTION('center_axis',(0.,0.,1.));
#2420=DIRECTION('ref_axis',(1.,0.,0.));
#2421=DIRECTION('center_axis',(0.,0.,-1.));
#2422=DIRECTION('ref_axis',(-1.,0.,0.));
#2423=DIRECTION('',(0.707106781186547,-0.707106781186547,0.));
#2424=DIRECTION('',(0.707106781186547,0.707106781186547,0.));
#2425=DIRECTION('',(-0.707106781186547,0.707106781186547,0.));
#2426=DIRECTION('',(-0.707106781186547,-0.707106781186547,0.));
#2427=DIRECTION('center_axis',(0.707106781186548,-0.707106781186548,0.));
#2428=DIRECTION('ref_axis',(0.707106781186548,0.707106781186548,0.));
#2429=DIRECTION('',(0.,0.,-1.));
#2430=DIRECTION('',(0.,0.,1.));
#2431=DIRECTION('',(0.707106781186547,0.707106781186547,0.));
#2432=DIRECTION('center_axis',(-0.707106781186548,-0.707106781186548,0.));
#2433=DIRECTION('ref_axis',(0.707106781186548,-0.707106781186548,0.));
#2434=DIRECTION('',(0.,0.,1.));
#2435=DIRECTION('',(0.707106781186547,-0.707106781186547,0.));
#2436=DIRECTION('center_axis',(-0.707106781186548,0.707106781186548,0.));
#2437=DIRECTION('ref_axis',(-0.707106781186548,-0.707106781186548,0.));
#2438=DIRECTION('',(0.,0.,1.));
#2439=DIRECTION('',(-0.707106781186547,-0.707106781186547,0.));
#2440=DIRECTION('center_axis',(0.707106781186548,0.707106781186548,0.));
#2441=DIRECTION('ref_axis',(-0.707106781186548,0.707106781186548,0.));
#2442=DIRECTION('',(-0.707106781186547,0.707106781186547,0.));
#2443=DIRECTION('center_axis',(0.,0.,1.));
#2444=DIRECTION('ref_axis',(1.,0.,0.));
#2445=DIRECTION('center_axis',(0.,0.,-1.));
#2446=DIRECTION('ref_axis',(-1.,0.,0.));
#2447=DIRECTION('',(0.707106781186547,-0.707106781186547,0.));
#2448=DIRECTION('',(0.707106781186547,0.707106781186547,0.));
#2449=DIRECTION('',(-0.707106781186547,0.707106781186547,0.));
#2450=DIRECTION('',(-0.707106781186547,-0.707106781186547,0.));
#2451=DIRECTION('center_axis',(0.707106781186548,-0.707106781186548,0.));
#2452=DIRECTION('ref_axis',(0.707106781186548,0.707106781186548,0.));
#2453=DIRECTION('',(0.,0.,-1.));
#2454=DIRECTION('',(0.,0.,1.));
#2455=DIRECTION('',(0.707106781186547,0.707106781186547,0.));
#2456=DIRECTION('center_axis',(-0.707106781186548,-0.707106781186548,0.));
#2457=DIRECTION('ref_axis',(0.707106781186548,-0.707106781186548,0.));
#2458=DIRECTION('',(0.,0.,1.));
#2459=DIRECTION('',(0.707106781186547,-0.707106781186547,0.));
#2460=DIRECTION('center_axis',(-0.707106781186548,0.707106781186548,0.));
#2461=DIRECTION('ref_axis',(-0.707106781186548,-0.707106781186548,0.));
#2462=DIRECTION('',(0.,0.,1.));
#2463=DIRECTION('',(-0.707106781186547,-0.707106781186547,0.));
#2464=DIRECTION('center_axis',(0.707106781186548,0.707106781186548,0.));
#2465=DIRECTION('ref_axis',(-0.707106781186548,0.707106781186548,0.));
#2466=DIRECTION('',(-0.707106781186547,0.707106781186547,0.));
#2467=DIRECTION('center_axis',(0.,0.,1.));
#2468=DIRECTION('ref_axis',(1.,0.,0.));
#2469=DIRECTION('center_axis',(0.,0.,-1.));
#2470=DIRECTION('ref_axis',(-1.,0.,0.));
#2471=DIRECTION('',(0.707106781186547,-0.707106781186547,0.));
#2472=DIRECTION('',(0.707106781186547,0.707106781186547,0.));
#2473=DIRECTION('',(-0.707106781186547,0.707106781186547,0.));
#2474=DIRECTION('',(-0.707106781186547,-0.707106781186547,0.));
#2475=DIRECTION('center_axis',(0.707106781186548,-0.707106781186548,0.));
#2476=DIRECTION('ref_axis',(0.707106781186548,0.707106781186548,0.));
#2477=DIRECTION('',(0.,0.,-1.));
#2478=DIRECTION('',(0.,0.,1.));
#2479=DIRECTION('',(0.707106781186547,0.707106781186547,0.));
#2480=DIRECTION('center_axis',(-0.707106781186548,-0.707106781186548,0.));
#2481=DIRECTION('ref_axis',(0.707106781186548,-0.707106781186548,0.));
#2482=DIRECTION('',(0.,0.,1.));
#2483=DIRECTION('',(0.707106781186547,-0.707106781186547,0.));
#2484=DIRECTION('center_axis',(-0.707106781186548,0.707106781186548,0.));
#2485=DIRECTION('ref_axis',(-0.707106781186548,-0.707106781186548,0.));
#2486=DIRECTION('',(0.,0.,1.));
#2487=DIRECTION('',(-0.707106781186547,-0.707106781186547,0.));
#2488=DIRECTION('center_axis',(0.707106781186548,0.707106781186548,0.));
#2489=DIRECTION('ref_axis',(-0.707106781186548,0.707106781186548,0.));
#2490=DIRECTION('',(-0.707106781186547,0.707106781186547,0.));
#2491=DIRECTION('center_axis',(0.,0.,1.));
#2492=DIRECTION('ref_axis',(1.,0.,0.));
#2493=DIRECTION('center_axis',(0.,0.,-1.));
#2494=DIRECTION('ref_axis',(-1.,0.,0.));
#2495=DIRECTION('',(0.707106781186547,-0.707106781186547,0.));
#2496=DIRECTION('',(0.707106781186547,0.707106781186547,0.));
#2497=DIRECTION('',(-0.707106781186547,0.707106781186547,0.));
#2498=DIRECTION('',(-0.707106781186547,-0.707106781186547,0.));
#2499=DIRECTION('center_axis',(0.707106781186548,-0.707106781186548,0.));
#2500=DIRECTION('ref_axis',(0.707106781186548,0.707106781186548,0.));
#2501=DIRECTION('',(0.,0.,-1.));
#2502=DIRECTION('',(0.,0.,1.));
#2503=DIRECTION('',(0.707106781186547,0.707106781186547,0.));
#2504=DIRECTION('center_axis',(-0.707106781186548,-0.707106781186548,0.));
#2505=DIRECTION('ref_axis',(0.707106781186548,-0.707106781186548,0.));
#2506=DIRECTION('',(0.,0.,1.));
#2507=DIRECTION('',(0.707106781186547,-0.707106781186547,0.));
#2508=DIRECTION('center_axis',(-0.707106781186548,0.707106781186548,0.));
#2509=DIRECTION('ref_axis',(-0.707106781186548,-0.707106781186548,0.));
#2510=DIRECTION('',(0.,0.,1.));
#2511=DIRECTION('',(-0.707106781186547,-0.707106781186547,0.));
#2512=DIRECTION('center_axis',(0.707106781186548,0.707106781186548,0.));
#2513=DIRECTION('ref_axis',(-0.707106781186548,0.707106781186548,0.));
#2514=DIRECTION('',(-0.707106781186547,0.707106781186547,0.));
#2515=DIRECTION('center_axis',(0.,0.,1.));
#2516=DIRECTION('ref_axis',(1.,0.,0.));
#2517=DIRECTION('center_axis',(0.,0.,-1.));
#2518=DIRECTION('ref_axis',(-1.,0.,0.));
#2519=DIRECTION('',(0.707106781186547,-0.707106781186547,0.));
#2520=DIRECTION('',(0.707106781186547,0.707106781186547,0.));
#2521=DIRECTION('',(-0.707106781186547,0.707106781186547,0.));
#2522=DIRECTION('',(-0.707106781186547,-0.707106781186547,0.));
#2523=DIRECTION('center_axis',(0.707106781186548,-0.707106781186548,0.));
#2524=DIRECTION('ref_axis',(0.707106781186548,0.707106781186548,0.));
#2525=DIRECTION('',(0.,0.,-1.));
#2526=DIRECTION('',(0.,0.,1.));
#2527=DIRECTION('',(0.707106781186547,0.707106781186547,0.));
#2528=DIRECTION('center_axis',(-0.707106781186548,-0.707106781186548,0.));
#2529=DIRECTION('ref_axis',(0.707106781186548,-0.707106781186548,0.));
#2530=DIRECTION('',(0.,0.,1.));
#2531=DIRECTION('',(0.707106781186547,-0.707106781186547,0.));
#2532=DIRECTION('center_axis',(-0.707106781186548,0.707106781186548,0.));
#2533=DIRECTION('ref_axis',(-0.707106781186548,-0.707106781186548,0.));
#2534=DIRECTION('',(0.,0.,1.));
#2535=DIRECTION('',(-0.707106781186547,-0.707106781186547,0.));
#2536=DIRECTION('center_axis',(0.707106781186548,0.707106781186548,0.));
#2537=DIRECTION('ref_axis',(-0.707106781186548,0.707106781186548,0.));
#2538=DIRECTION('',(-0.707106781186547,0.707106781186547,0.));
#2539=DIRECTION('center_axis',(0.,0.,1.));
#2540=DIRECTION('ref_axis',(1.,0.,0.));
#2541=DIRECTION('center_axis',(0.,0.,-1.));
#2542=DIRECTION('ref_axis',(-1.,0.,0.));
#2543=DIRECTION('',(0.707106781186547,-0.707106781186547,0.));
#2544=DIRECTION('',(0.707106781186547,0.707106781186547,0.));
#2545=DIRECTION('',(-0.707106781186547,0.707106781186547,0.));
#2546=DIRECTION('',(-0.707106781186547,-0.707106781186547,0.));
#2547=DIRECTION('center_axis',(0.707106781186548,-0.707106781186548,0.));
#2548=DIRECTION('ref_axis',(0.707106781186548,0.707106781186548,0.));
#2549=DIRECTION('',(0.,0.,-1.));
#2550=DIRECTION('',(0.,0.,1.));
#2551=DIRECTION('',(0.707106781186547,0.707106781186547,0.));
#2552=DIRECTION('center_axis',(-0.707106781186548,-0.707106781186548,0.));
#2553=DIRECTION('ref_axis',(0.707106781186548,-0.707106781186548,0.));
#2554=DIRECTION('',(0.,0.,1.));
#2555=DIRECTION('',(0.707106781186547,-0.707106781186547,0.));
#2556=DIRECTION('center_axis',(-0.707106781186548,0.707106781186548,0.));
#2557=DIRECTION('ref_axis',(-0.707106781186548,-0.707106781186548,0.));
#2558=DIRECTION('',(0.,0.,1.));
#2559=DIRECTION('',(-0.707106781186547,-0.707106781186547,0.));
#2560=DIRECTION('center_axis',(0.707106781186548,0.707106781186548,0.));
#2561=DIRECTION('ref_axis',(-0.707106781186548,0.707106781186548,0.));
#2562=DIRECTION('',(-0.707106781186547,0.707106781186547,0.));
#2563=DIRECTION('center_axis',(0.,0.,1.));
#2564=DIRECTION('ref_axis',(1.,0.,0.));
#2565=DIRECTION('center_axis',(0.,0.,-1.));
#2566=DIRECTION('ref_axis',(-1.,0.,0.));
#2567=DIRECTION('',(0.707106781186547,-0.707106781186547,0.));
#2568=DIRECTION('',(0.707106781186547,0.707106781186547,0.));
#2569=DIRECTION('',(-0.707106781186547,0.707106781186547,0.));
#2570=DIRECTION('',(-0.707106781186547,-0.707106781186547,0.));
#2571=DIRECTION('center_axis',(0.707106781186548,-0.707106781186548,0.));
#2572=DIRECTION('ref_axis',(0.707106781186548,0.707106781186548,0.));
#2573=DIRECTION('',(0.,0.,-1.));
#2574=DIRECTION('',(0.,0.,1.));
#2575=DIRECTION('',(0.707106781186547,0.707106781186547,0.));
#2576=DIRECTION('center_axis',(-0.707106781186548,-0.707106781186548,0.));
#2577=DIRECTION('ref_axis',(0.707106781186548,-0.707106781186548,0.));
#2578=DIRECTION('',(0.,0.,1.));
#2579=DIRECTION('',(0.707106781186547,-0.707106781186547,0.));
#2580=DIRECTION('center_axis',(-0.707106781186548,0.707106781186548,0.));
#2581=DIRECTION('ref_axis',(-0.707106781186548,-0.707106781186548,0.));
#2582=DIRECTION('',(0.,0.,1.));
#2583=DIRECTION('',(-0.707106781186547,-0.707106781186547,0.));
#2584=DIRECTION('center_axis',(0.707106781186548,0.707106781186548,0.));
#2585=DIRECTION('ref_axis',(-0.707106781186548,0.707106781186548,0.));
#2586=DIRECTION('',(-0.707106781186547,0.707106781186547,0.));
#2587=DIRECTION('center_axis',(0.,0.,1.));
#2588=DIRECTION('ref_axis',(1.,0.,0.));
#2589=DIRECTION('center_axis',(0.,0.,-1.));
#2590=DIRECTION('ref_axis',(-1.,0.,0.));
#2591=DIRECTION('',(0.707106781186547,-0.707106781186547,0.));
#2592=DIRECTION('',(0.707106781186547,0.707106781186547,0.));
#2593=DIRECTION('',(-0.707106781186547,0.707106781186547,0.));
#2594=DIRECTION('',(-0.707106781186547,-0.707106781186547,0.));
#2595=DIRECTION('center_axis',(0.707106781186548,-0.707106781186548,0.));
#2596=DIRECTION('ref_axis',(0.707106781186548,0.707106781186548,0.));
#2597=DIRECTION('',(0.,0.,-1.));
#2598=DIRECTION('',(0.,0.,1.));
#2599=DIRECTION('',(0.707106781186547,0.707106781186547,0.));
#2600=DIRECTION('center_axis',(-0.707106781186548,-0.707106781186548,0.));
#2601=DIRECTION('ref_axis',(0.707106781186548,-0.707106781186548,0.));
#2602=DIRECTION('',(0.,0.,1.));
#2603=DIRECTION('',(0.707106781186547,-0.707106781186547,0.));
#2604=DIRECTION('center_axis',(-0.707106781186548,0.707106781186548,0.));
#2605=DIRECTION('ref_axis',(-0.707106781186548,-0.707106781186548,0.));
#2606=DIRECTION('',(0.,0.,1.));
#2607=DIRECTION('',(-0.707106781186547,-0.707106781186547,0.));
#2608=DIRECTION('center_axis',(0.707106781186548,0.707106781186548,0.));
#2609=DIRECTION('ref_axis',(-0.707106781186548,0.707106781186548,0.));
#2610=DIRECTION('',(-0.707106781186547,0.707106781186547,0.));
#2611=DIRECTION('center_axis',(0.,0.,1.));
#2612=DIRECTION('ref_axis',(1.,0.,0.));
#2613=DIRECTION('center_axis',(0.,0.,-1.));
#2614=DIRECTION('ref_axis',(-1.,0.,0.));
#2615=DIRECTION('',(0.707106781186547,-0.707106781186547,0.));
#2616=DIRECTION('',(0.707106781186547,0.707106781186547,0.));
#2617=DIRECTION('',(-0.707106781186547,0.707106781186547,0.));
#2618=DIRECTION('',(-0.707106781186547,-0.707106781186547,0.));
#2619=DIRECTION('center_axis',(0.707106781186548,-0.707106781186548,0.));
#2620=DIRECTION('ref_axis',(0.707106781186548,0.707106781186548,0.));
#2621=DIRECTION('',(0.,0.,-1.));
#2622=DIRECTION('',(0.,0.,1.));
#2623=DIRECTION('',(0.707106781186547,0.707106781186547,0.));
#2624=DIRECTION('center_axis',(-0.707106781186548,-0.707106781186548,0.));
#2625=DIRECTION('ref_axis',(0.707106781186548,-0.707106781186548,0.));
#2626=DIRECTION('',(0.,0.,1.));
#2627=DIRECTION('',(0.707106781186547,-0.707106781186547,0.));
#2628=DIRECTION('center_axis',(-0.707106781186548,0.707106781186548,0.));
#2629=DIRECTION('ref_axis',(-0.707106781186548,-0.707106781186548,0.));
#2630=DIRECTION('',(0.,0.,1.));
#2631=DIRECTION('',(-0.707106781186547,-0.707106781186547,0.));
#2632=DIRECTION('center_axis',(0.707106781186548,0.707106781186548,0.));
#2633=DIRECTION('ref_axis',(-0.707106781186548,0.707106781186548,0.));
#2634=DIRECTION('',(-0.707106781186547,0.707106781186547,0.));
#2635=DIRECTION('center_axis',(0.,0.,1.));
#2636=DIRECTION('ref_axis',(1.,0.,0.));
#2637=DIRECTION('center_axis',(0.,0.,-1.));
#2638=DIRECTION('ref_axis',(-1.,0.,0.));
#2639=DIRECTION('',(0.707106781186547,-0.707106781186547,0.));
#2640=DIRECTION('',(0.707106781186547,0.707106781186547,0.));
#2641=DIRECTION('',(-0.707106781186547,0.707106781186547,0.));
#2642=DIRECTION('',(-0.707106781186547,-0.707106781186547,0.));
#2643=DIRECTION('center_axis',(0.707106781186548,-0.707106781186548,0.));
#2644=DIRECTION('ref_axis',(0.707106781186548,0.707106781186548,0.));
#2645=DIRECTION('',(0.,0.,-1.));
#2646=DIRECTION('',(0.,0.,1.));
#2647=DIRECTION('',(0.707106781186547,0.707106781186547,0.));
#2648=DIRECTION('center_axis',(-0.707106781186548,-0.707106781186548,0.));
#2649=DIRECTION('ref_axis',(0.707106781186548,-0.707106781186548,0.));
#2650=DIRECTION('',(0.,0.,1.));
#2651=DIRECTION('',(0.707106781186547,-0.707106781186547,0.));
#2652=DIRECTION('center_axis',(-0.707106781186548,0.707106781186548,0.));
#2653=DIRECTION('ref_axis',(-0.707106781186548,-0.707106781186548,0.));
#2654=DIRECTION('',(0.,0.,1.));
#2655=DIRECTION('',(-0.707106781186547,-0.707106781186547,0.));
#2656=DIRECTION('center_axis',(0.707106781186548,0.707106781186548,0.));
#2657=DIRECTION('ref_axis',(-0.707106781186548,0.707106781186548,0.));
#2658=DIRECTION('',(-0.707106781186547,0.707106781186547,0.));
#2659=DIRECTION('center_axis',(0.,0.,1.));
#2660=DIRECTION('ref_axis',(1.,0.,0.));
#2661=DIRECTION('center_axis',(0.,0.,-1.));
#2662=DIRECTION('ref_axis',(-1.,0.,0.));
#2663=DIRECTION('',(0.707106781186547,-0.707106781186547,0.));
#2664=DIRECTION('',(0.707106781186547,0.707106781186547,0.));
#2665=DIRECTION('',(-0.707106781186547,0.707106781186547,0.));
#2666=DIRECTION('',(-0.707106781186547,-0.707106781186547,0.));
#2667=DIRECTION('center_axis',(0.707106781186548,-0.707106781186548,0.));
#2668=DIRECTION('ref_axis',(0.707106781186548,0.707106781186548,0.));
#2669=DIRECTION('',(0.,0.,-1.));
#2670=DIRECTION('',(0.,0.,1.));
#2671=DIRECTION('',(0.707106781186547,0.707106781186547,0.));
#2672=DIRECTION('center_axis',(-0.707106781186548,-0.707106781186548,0.));
#2673=DIRECTION('ref_axis',(0.707106781186548,-0.707106781186548,0.));
#2674=DIRECTION('',(0.,0.,1.));
#2675=DIRECTION('',(0.707106781186547,-0.707106781186547,0.));
#2676=DIRECTION('center_axis',(-0.707106781186548,0.707106781186548,0.));
#2677=DIRECTION('ref_axis',(-0.707106781186548,-0.707106781186548,0.));
#2678=DIRECTION('',(0.,0.,1.));
#2679=DIRECTION('',(-0.707106781186547,-0.707106781186547,0.));
#2680=DIRECTION('center_axis',(0.707106781186548,0.707106781186548,0.));
#2681=DIRECTION('ref_axis',(-0.707106781186548,0.707106781186548,0.));
#2682=DIRECTION('',(-0.707106781186547,0.707106781186547,0.));
#2683=DIRECTION('center_axis',(0.,0.,1.));
#2684=DIRECTION('ref_axis',(1.,0.,0.));
#2685=DIRECTION('center_axis',(0.,0.,-1.));
#2686=DIRECTION('ref_axis',(-1.,0.,0.));
#2687=DIRECTION('',(0.707106781186547,-0.707106781186547,0.));
#2688=DIRECTION('',(0.707106781186547,0.707106781186547,0.));
#2689=DIRECTION('',(-0.707106781186547,0.707106781186547,0.));
#2690=DIRECTION('',(-0.707106781186547,-0.707106781186547,0.));
#2691=DIRECTION('center_axis',(0.707106781186548,-0.707106781186548,0.));
#2692=DIRECTION('ref_axis',(0.707106781186548,0.707106781186548,0.));
#2693=DIRECTION('',(0.,0.,-1.));
#2694=DIRECTION('',(0.,0.,1.));
#2695=DIRECTION('',(0.707106781186547,0.707106781186547,0.));
#2696=DIRECTION('center_axis',(-0.707106781186548,-0.707106781186548,0.));
#2697=DIRECTION('ref_axis',(0.707106781186548,-0.707106781186548,0.));
#2698=DIRECTION('',(0.,0.,1.));
#2699=DIRECTION('',(0.707106781186547,-0.707106781186547,0.));
#2700=DIRECTION('center_axis',(-0.707106781186548,0.707106781186548,0.));
#2701=DIRECTION('ref_axis',(-0.707106781186548,-0.707106781186548,0.));
#2702=DIRECTION('',(0.,0.,1.));
#2703=DIRECTION('',(-0.707106781186547,-0.707106781186547,0.));
#2704=DIRECTION('center_axis',(0.707106781186548,0.707106781186548,0.));
#2705=DIRECTION('ref_axis',(-0.707106781186548,0.707106781186548,0.));
#2706=DIRECTION('',(-0.707106781186547,0.707106781186547,0.));
#2707=DIRECTION('center_axis',(0.,0.,1.));
#2708=DIRECTION('ref_axis',(1.,0.,0.));
#2709=DIRECTION('center_axis',(0.,0.,-1.));
#2710=DIRECTION('ref_axis',(-1.,0.,0.));
#2711=DIRECTION('',(0.707106781186547,-0.707106781186547,0.));
#2712=DIRECTION('',(0.707106781186547,0.707106781186547,0.));
#2713=DIRECTION('',(-0.707106781186547,0.707106781186547,0.));
#2714=DIRECTION('',(-0.707106781186547,-0.707106781186547,0.));
#2715=DIRECTION('center_axis',(0.707106781186548,-0.707106781186548,0.));
#2716=DIRECTION('ref_axis',(0.707106781186548,0.707106781186548,0.));
#2717=DIRECTION('',(0.,0.,-1.));
#2718=DIRECTION('',(0.,0.,1.));
#2719=DIRECTION('',(0.707106781186547,0.707106781186547,0.));
#2720=DIRECTION('center_axis',(-0.707106781186548,-0.707106781186548,0.));
#2721=DIRECTION('ref_axis',(0.707106781186548,-0.707106781186548,0.));
#2722=DIRECTION('',(0.,0.,1.));
#2723=DIRECTION('',(0.707106781186547,-0.707106781186547,0.));
#2724=DIRECTION('center_axis',(-0.707106781186548,0.707106781186548,0.));
#2725=DIRECTION('ref_axis',(-0.707106781186548,-0.707106781186548,0.));
#2726=DIRECTION('',(0.,0.,1.));
#2727=DIRECTION('',(-0.707106781186547,-0.707106781186547,0.));
#2728=DIRECTION('center_axis',(0.707106781186548,0.707106781186548,0.));
#2729=DIRECTION('ref_axis',(-0.707106781186548,0.707106781186548,0.));
#2730=DIRECTION('',(-0.707106781186547,0.707106781186547,0.));
#2731=DIRECTION('center_axis',(0.,0.,1.));
#2732=DIRECTION('ref_axis',(1.,0.,0.));
#2733=DIRECTION('center_axis',(0.,0.,-1.));
#2734=DIRECTION('ref_axis',(-1.,0.,0.));
#2735=DIRECTION('',(0.707106781186547,-0.707106781186547,0.));
#2736=DIRECTION('',(0.707106781186547,0.707106781186547,0.));
#2737=DIRECTION('',(-0.707106781186547,0.707106781186547,0.));
#2738=DIRECTION('',(-0.707106781186547,-0.707106781186547,0.));
#2739=DIRECTION('center_axis',(0.707106781186548,-0.707106781186548,0.));
#2740=DIRECTION('ref_axis',(0.707106781186548,0.707106781186548,0.));
#2741=DIRECTION('',(0.,0.,-1.));
#2742=DIRECTION('',(0.,0.,1.));
#2743=DIRECTION('',(0.707106781186547,0.707106781186547,0.));
#2744=DIRECTION('center_axis',(-0.707106781186548,-0.707106781186548,0.));
#2745=DIRECTION('ref_axis',(0.707106781186548,-0.707106781186548,0.));
#2746=DIRECTION('',(0.,0.,1.));
#2747=DIRECTION('',(0.707106781186547,-0.707106781186547,0.));
#2748=DIRECTION('center_axis',(-0.707106781186548,0.707106781186548,0.));
#2749=DIRECTION('ref_axis',(-0.707106781186548,-0.707106781186548,0.));
#2750=DIRECTION('',(0.,0.,1.));
#2751=DIRECTION('',(-0.707106781186547,-0.707106781186547,0.));
#2752=DIRECTION('center_axis',(0.707106781186548,0.707106781186548,0.));
#2753=DIRECTION('ref_axis',(-0.707106781186548,0.707106781186548,0.));
#2754=DIRECTION('',(-0.707106781186547,0.707106781186547,0.));
#2755=DIRECTION('center_axis',(0.,0.,1.));
#2756=DIRECTION('ref_axis',(1.,0.,0.));
#2757=CARTESIAN_POINT('',(0.,0.,0.));
#2758=CARTESIAN_POINT('Origin',(0.,0.,-2.5));
#2759=CARTESIAN_POINT('',(10.,-10.,-2.5));
#2760=CARTESIAN_POINT('',(-10.,-10.,-2.5));
#2761=CARTESIAN_POINT('',(10.,-10.,-2.5));
#2762=CARTESIAN_POINT('',(-10.,10.,-2.5));
#2763=CARTESIAN_POINT('',(-10.,-10.,-2.5));
#2764=CARTESIAN_POINT('',(10.,10.,-2.5));
#2765=CARTESIAN_POINT('',(-10.,10.,-2.5));
#2766=CARTESIAN_POINT('',(10.,10.,-2.5));
#2767=CARTESIAN_POINT('Origin',(-10.,10.,0.));
#2768=CARTESIAN_POINT('',(-10.,-10.,2.5));
#2769=CARTESIAN_POINT('',(-10.,-10.,0.));
#2770=CARTESIAN_POINT('',(-10.,10.,2.5));
#2771=CARTESIAN_POINT('',(-10.,-10.,2.5));
#2772=CARTESIAN_POINT('',(-10.,10.,0.));
#2773=CARTESIAN_POINT('Origin',(10.,10.,0.));
#2774=CARTESIAN_POINT('',(10.,10.,2.5));
#2775=CARTESIAN_POINT('',(-10.,10.,2.5));
#2776=CARTESIAN_POINT('',(10.,10.,0.));
#2777=CARTESIAN_POINT('Origin',(10.,-10.,0.));
#2778=CARTESIAN_POINT('',(10.,-10.,2.5));
#2779=CARTESIAN_POINT('',(10.,10.,2.5));
#2780=CARTESIAN_POINT('',(10.,-10.,0.));
#2781=CARTESIAN_POINT('Origin',(-10.,-10.,0.));
#2782=CARTESIAN_POINT('',(10.,-10.,2.5));
#2783=CARTESIAN_POINT('Origin',(0.,0.,2.5));
#2784=CARTESIAN_POINT('Origin',(5.24999997392297,-4.74999998137355,0.375));
#2785=CARTESIAN_POINT('',(5.99999998509884,-3.4999999627471,0.375));
#2786=CARTESIAN_POINT('',(6.49999999254942,-3.99999997019768,0.375));
#2787=CARTESIAN_POINT('',(6.49999999254942,-3.99999997019768,0.375));
#2788=CARTESIAN_POINT('',(3.99999995529652,-5.49999999254942,0.375));
#2789=CARTESIAN_POINT('',(3.99999995529652,-5.49999999254942,0.375));
#2790=CARTESIAN_POINT('',(4.4999999627471,-6.,0.375));
#2791=CARTESIAN_POINT('',(4.4999999627471,-6.,0.375));
#2792=CARTESIAN_POINT('',(6.49999999254942,-3.99999997019768,0.375));
#2793=CARTESIAN_POINT('Origin',(4.4999999627471,-6.,0.5));
#2794=CARTESIAN_POINT('',(6.49999999254942,-3.99999997019768,0.625));
#2795=CARTESIAN_POINT('',(6.49999999254942,-3.99999997019768,0.5));
#2796=CARTESIAN_POINT('',(4.4999999627471,-6.,0.625));
#2797=CARTESIAN_POINT('',(4.4999999627471,-6.,0.5));
#2798=CARTESIAN_POINT('',(6.49999999254942,-3.99999997019768,0.625));
#2799=CARTESIAN_POINT('Origin',(3.99999995529652,-5.49999999254942,0.5));
#2800=CARTESIAN_POINT('',(3.99999995529652,-5.49999999254942,0.625));
#2801=CARTESIAN_POINT('',(3.99999995529652,-5.49999999254942,0.5));
#2802=CARTESIAN_POINT('',(4.4999999627471,-6.,0.625));
#2803=CARTESIAN_POINT('Origin',(5.99999998509884,-3.4999999627471,0.5));
#2804=CARTESIAN_POINT('',(5.99999998509884,-3.4999999627471,0.625));
#2805=CARTESIAN_POINT('',(5.99999998509884,-3.4999999627471,0.5));
#2806=CARTESIAN_POINT('',(3.99999995529652,-5.49999999254942,0.625));
#2807=CARTESIAN_POINT('Origin',(6.49999999254942,-3.99999997019768,0.5));
#2808=CARTESIAN_POINT('',(6.49999999254942,-3.99999997019768,0.625));
#2809=CARTESIAN_POINT('Origin',(5.24999997392297,-4.74999998137355,0.625));
#2810=CARTESIAN_POINT('Origin',(-4.75000002607703,-2.74999998137355,0.375));
#2811=CARTESIAN_POINT('',(-4.00000001490116,-1.4999999627471,0.375));
#2812=CARTESIAN_POINT('',(-3.50000000745058,-1.99999997019768,0.375));
#2813=CARTESIAN_POINT('',(-3.50000000745058,-1.99999997019768,0.375));
#2814=CARTESIAN_POINT('',(-6.00000004470348,-3.49999999254942,0.375));
#2815=CARTESIAN_POINT('',(-6.00000004470348,-3.49999999254942,0.375));
#2816=CARTESIAN_POINT('',(-5.5000000372529,-4.,0.375));
#2817=CARTESIAN_POINT('',(-5.5000000372529,-4.,0.375));
#2818=CARTESIAN_POINT('',(-3.50000000745058,-1.99999997019768,0.375));
#2819=CARTESIAN_POINT('Origin',(-5.5000000372529,-4.,0.5));
#2820=CARTESIAN_POINT('',(-3.50000000745058,-1.99999997019768,0.625));
#2821=CARTESIAN_POINT('',(-3.50000000745058,-1.99999997019768,0.5));
#2822=CARTESIAN_POINT('',(-5.5000000372529,-4.,0.625));
#2823=CARTESIAN_POINT('',(-5.5000000372529,-4.,0.5));
#2824=CARTESIAN_POINT('',(-3.50000000745058,-1.99999997019768,0.625));
#2825=CARTESIAN_POINT('Origin',(-6.00000004470348,-3.49999999254942,0.5));
#2826=CARTESIAN_POINT('',(-6.00000004470348,-3.49999999254942,0.625));
#2827=CARTESIAN_POINT('',(-6.00000004470348,-3.49999999254942,0.5));
#2828=CARTESIAN_POINT('',(-5.5000000372529,-4.,0.625));
#2829=CARTESIAN_POINT('Origin',(-4.00000001490116,-1.4999999627471,0.5));
#2830=CARTESIAN_POINT('',(-4.00000001490116,-1.4999999627471,0.625));
#2831=CARTESIAN_POINT('',(-4.00000001490116,-1.4999999627471,0.5));
#2832=CARTESIAN_POINT('',(-6.00000004470348,-3.49999999254942,0.625));
#2833=CARTESIAN_POINT('Origin',(-3.50000000745058,-1.99999997019768,0.5));
#2834=CARTESIAN_POINT('',(-3.50000000745058,-1.99999997019768,0.625));
#2835=CARTESIAN_POINT('Origin',(-4.75000002607703,-2.74999998137355,0.625));
#2836=CARTESIAN_POINT('Origin',(2.24999997392297,-4.74999998137355,0.375));
#2837=CARTESIAN_POINT('',(2.99999998509884,-3.4999999627471,0.375));
#2838=CARTESIAN_POINT('',(3.49999999254942,-3.99999997019768,0.375));
#2839=CARTESIAN_POINT('',(3.49999999254942,-3.99999997019768,0.375));
#2840=CARTESIAN_POINT('',(0.999999955296517,-5.49999999254942,0.375));
#2841=CARTESIAN_POINT('',(0.999999955296517,-5.49999999254942,0.375));
#2842=CARTESIAN_POINT('',(1.4999999627471,-6.,0.375));
#2843=CARTESIAN_POINT('',(1.4999999627471,-6.,0.375));
#2844=CARTESIAN_POINT('',(3.49999999254942,-3.99999997019768,0.375));
#2845=CARTESIAN_POINT('Origin',(1.4999999627471,-6.,0.5));
#2846=CARTESIAN_POINT('',(3.49999999254942,-3.99999997019768,0.625));
#2847=CARTESIAN_POINT('',(3.49999999254942,-3.99999997019768,0.5));
#2848=CARTESIAN_POINT('',(1.4999999627471,-6.,0.625));
#2849=CARTESIAN_POINT('',(1.4999999627471,-6.,0.5));
#2850=CARTESIAN_POINT('',(3.49999999254942,-3.99999997019768,0.625));
#2851=CARTESIAN_POINT('Origin',(0.999999955296517,-5.49999999254942,0.5));
#2852=CARTESIAN_POINT('',(0.999999955296517,-5.49999999254942,0.625));
#2853=CARTESIAN_POINT('',(0.999999955296517,-5.49999999254942,0.5));
#2854=CARTESIAN_POINT('',(1.4999999627471,-6.,0.625));
#2855=CARTESIAN_POINT('Origin',(2.99999998509884,-3.4999999627471,0.5));
#2856=CARTESIAN_POINT('',(2.99999998509884,-3.4999999627471,0.625));
#2857=CARTESIAN_POINT('',(2.99999998509884,-3.4999999627471,0.5));
#2858=CARTESIAN_POINT('',(0.999999955296517,-5.49999999254942,0.625));
#2859=CARTESIAN_POINT('Origin',(3.49999999254942,-3.99999997019768,0.5));
#2860=CARTESIAN_POINT('',(3.49999999254942,-3.99999997019768,0.625));
#2861=CARTESIAN_POINT('Origin',(2.24999997392297,-4.74999998137355,0.625));
#2862=CARTESIAN_POINT('Origin',(-1.75000002607703,-4.74999998137355,0.375));
#2863=CARTESIAN_POINT('',(-1.00000001490116,-3.4999999627471,0.375));
#2864=CARTESIAN_POINT('',(-0.500000007450581,-3.99999997019768,0.375));
#2865=CARTESIAN_POINT('',(-0.500000007450581,-3.99999997019768,0.375));
#2866=CARTESIAN_POINT('',(-3.00000004470348,-5.49999999254942,0.375));
#2867=CARTESIAN_POINT('',(-3.00000004470348,-5.49999999254942,0.375));
#2868=CARTESIAN_POINT('',(-2.5000000372529,-6.,0.375));
#2869=CARTESIAN_POINT('',(-2.5000000372529,-6.,0.375));
#2870=CARTESIAN_POINT('',(-0.500000007450581,-3.99999997019768,0.375));
#2871=CARTESIAN_POINT('Origin',(-2.5000000372529,-6.,0.5));
#2872=CARTESIAN_POINT('',(-0.500000007450581,-3.99999997019768,0.625));
#2873=CARTESIAN_POINT('',(-0.500000007450581,-3.99999997019768,0.5));
#2874=CARTESIAN_POINT('',(-2.5000000372529,-6.,0.625));
#2875=CARTESIAN_POINT('',(-2.5000000372529,-6.,0.5));
#2876=CARTESIAN_POINT('',(-0.500000007450581,-3.99999997019768,0.625));
#2877=CARTESIAN_POINT('Origin',(-3.00000004470348,-5.49999999254942,0.5));
#2878=CARTESIAN_POINT('',(-3.00000004470348,-5.49999999254942,0.625));
#2879=CARTESIAN_POINT('',(-3.00000004470348,-5.49999999254942,0.5));
#2880=CARTESIAN_POINT('',(-2.5000000372529,-6.,0.625));
#2881=CARTESIAN_POINT('Origin',(-1.00000001490116,-3.4999999627471,0.5));
#2882=CARTESIAN_POINT('',(-1.00000001490116,-3.4999999627471,0.625));
#2883=CARTESIAN_POINT('',(-1.00000001490116,-3.4999999627471,0.5));
#2884=CARTESIAN_POINT('',(-3.00000004470348,-5.49999999254942,0.625));
#2885=CARTESIAN_POINT('Origin',(-0.500000007450581,-3.99999997019768,0.5));
#2886=CARTESIAN_POINT('',(-0.500000007450581,-3.99999997019768,0.625));
#2887=CARTESIAN_POINT('Origin',(-1.75000002607703,-4.74999998137355,0.625));
#2888=CARTESIAN_POINT('Origin',(1.24999997392297,-4.74999998137355,1.375));
#2889=CARTESIAN_POINT('',(1.99999998509884,-3.4999999627471,1.375));
#2890=CARTESIAN_POINT('',(2.49999999254942,-3.99999997019768,1.375));
#2891=CARTESIAN_POINT('',(2.49999999254942,-3.99999997019768,1.375));
#2892=CARTESIAN_POINT('',(-4.47034831374538E-8,-5.49999999254942,1.375));
#2893=CARTESIAN_POINT('',(-4.47034831374538E-8,-5.49999999254942,1.375));
#2894=CARTESIAN_POINT('',(0.499999962747097,-6.,1.375));
#2895=CARTESIAN_POINT('',(0.499999962747097,-6.,1.375));
#2896=CARTESIAN_POINT('',(2.49999999254942,-3.99999997019768,1.375));
#2897=CARTESIAN_POINT('Origin',(0.499999962747097,-6.,1.5));
#2898=CARTESIAN_POINT('',(2.49999999254942,-3.99999997019768,1.625));
#2899=CARTESIAN_POINT('',(2.49999999254942,-3.99999997019768,1.5));
#2900=CARTESIAN_POINT('',(0.499999962747097,-6.,1.625));
#2901=CARTESIAN_POINT('',(0.499999962747097,-6.,1.5));
#2902=CARTESIAN_POINT('',(2.49999999254942,-3.99999997019768,1.625));
#2903=CARTESIAN_POINT('Origin',(-4.47034831374538E-8,-5.49999999254942,
1.5));
#2904=CARTESIAN_POINT('',(-4.47034831374538E-8,-5.49999999254942,1.625));
#2905=CARTESIAN_POINT('',(-4.47034831374538E-8,-5.49999999254942,1.5));
#2906=CARTESIAN_POINT('',(0.499999962747097,-6.,1.625));
#2907=CARTESIAN_POINT('Origin',(1.99999998509884,-3.4999999627471,1.5));
#2908=CARTESIAN_POINT('',(1.99999998509884,-3.4999999627471,1.625));
#2909=CARTESIAN_POINT('',(1.99999998509884,-3.4999999627471,1.5));
#2910=CARTESIAN_POINT('',(-4.47034831374538E-8,-5.49999999254942,1.625));
#2911=CARTESIAN_POINT('Origin',(2.49999999254942,-3.99999997019768,1.5));
#2912=CARTESIAN_POINT('',(2.49999999254942,-3.99999997019768,1.625));
#2913=CARTESIAN_POINT('Origin',(1.24999997392297,-4.74999998137355,1.625));
#2914=CARTESIAN_POINT('Origin',(-1.75000002607703,-4.74999998137355,1.375));
#2915=CARTESIAN_POINT('',(-1.00000001490116,-3.4999999627471,1.375));
#2916=CARTESIAN_POINT('',(-0.500000007450581,-3.99999997019768,1.375));
#2917=CARTESIAN_POINT('',(-0.500000007450581,-3.99999997019768,1.375));
#2918=CARTESIAN_POINT('',(-3.00000004470348,-5.49999999254942,1.375));
#2919=CARTESIAN_POINT('',(-3.00000004470348,-5.49999999254942,1.375));
#2920=CARTESIAN_POINT('',(-2.5000000372529,-6.,1.375));
#2921=CARTESIAN_POINT('',(-2.5000000372529,-6.,1.375));
#2922=CARTESIAN_POINT('',(-0.500000007450581,-3.99999997019768,1.375));
#2923=CARTESIAN_POINT('Origin',(-2.5000000372529,-6.,1.5));
#2924=CARTESIAN_POINT('',(-0.500000007450581,-3.99999997019768,1.625));
#2925=CARTESIAN_POINT('',(-0.500000007450581,-3.99999997019768,1.5));
#2926=CARTESIAN_POINT('',(-2.5000000372529,-6.,1.625));
#2927=CARTESIAN_POINT('',(-2.5000000372529,-6.,1.5));
#2928=CARTESIAN_POINT('',(-0.500000007450581,-3.99999997019768,1.625));
#2929=CARTESIAN_POINT('Origin',(-3.00000004470348,-5.49999999254942,1.5));
#2930=CARTESIAN_POINT('',(-3.00000004470348,-5.49999999254942,1.625));
#2931=CARTESIAN_POINT('',(-3.00000004470348,-5.49999999254942,1.5));
#2932=CARTESIAN_POINT('',(-2.5000000372529,-6.,1.625));
#2933=CARTESIAN_POINT('Origin',(-1.00000001490116,-3.4999999627471,1.5));
#2934=CARTESIAN_POINT('',(-1.00000001490116,-3.4999999627471,1.625));
#2935=CARTESIAN_POINT('',(-1.00000001490116,-3.4999999627471,1.5));
#2936=CARTESIAN_POINT('',(-3.00000004470348,-5.49999999254942,1.625));
#2937=CARTESIAN_POINT('Origin',(-0.500000007450581,-3.99999997019768,1.5));
#2938=CARTESIAN_POINT('',(-0.500000007450581,-3.99999997019768,1.625));
#2939=CARTESIAN_POINT('Origin',(-1.75000002607703,-4.74999998137355,1.625));
#2940=CARTESIAN_POINT('Origin',(-4.75000002607703,-0.749999981373548,1.375));
#2941=CARTESIAN_POINT('',(-4.00000001490116,0.500000037252903,1.375));
#2942=CARTESIAN_POINT('',(-3.50000000745058,2.98023228317845E-8,1.375));
#2943=CARTESIAN_POINT('',(-3.50000000745058,2.98023228317845E-8,1.375));
#2944=CARTESIAN_POINT('',(-6.00000004470348,-1.49999999254942,1.375));
#2945=CARTESIAN_POINT('',(-6.00000004470348,-1.49999999254942,1.375));
#2946=CARTESIAN_POINT('',(-5.5000000372529,-2.,1.375));
#2947=CARTESIAN_POINT('',(-5.5000000372529,-2.,1.375));
#2948=CARTESIAN_POINT('',(-3.50000000745058,2.98023228317845E-8,1.375));
#2949=CARTESIAN_POINT('Origin',(-5.5000000372529,-2.,1.5));
#2950=CARTESIAN_POINT('',(-3.50000000745058,2.98023228317845E-8,1.625));
#2951=CARTESIAN_POINT('',(-3.50000000745058,2.98023228317845E-8,1.5));
#2952=CARTESIAN_POINT('',(-5.5000000372529,-2.,1.625));
#2953=CARTESIAN_POINT('',(-5.5000000372529,-2.,1.5));
#2954=CARTESIAN_POINT('',(-3.50000000745058,2.98023228317845E-8,1.625));
#2955=CARTESIAN_POINT('Origin',(-6.00000004470348,-1.49999999254942,1.5));
#2956=CARTESIAN_POINT('',(-6.00000004470348,-1.49999999254942,1.625));
#2957=CARTESIAN_POINT('',(-6.00000004470348,-1.49999999254942,1.5));
#2958=CARTESIAN_POINT('',(-5.5000000372529,-2.,1.625));
#2959=CARTESIAN_POINT('Origin',(-4.00000001490116,0.500000037252903,1.5));
#2960=CARTESIAN_POINT('',(-4.00000001490116,0.500000037252903,1.625));
#2961=CARTESIAN_POINT('',(-4.00000001490116,0.500000037252903,1.5));
#2962=CARTESIAN_POINT('',(-6.00000004470348,-1.49999999254942,1.625));
#2963=CARTESIAN_POINT('Origin',(-3.50000000745058,2.98023228317845E-8,1.5));
#2964=CARTESIAN_POINT('',(-3.50000000745058,2.98023228317845E-8,1.625));
#2965=CARTESIAN_POINT('Origin',(-4.75000002607703,-0.749999981373548,1.625));
#2966=CARTESIAN_POINT('Origin',(-4.75000002607703,2.25000001862645,1.375));
#2967=CARTESIAN_POINT('',(-4.00000001490116,3.5000000372529,1.375));
#2968=CARTESIAN_POINT('',(-3.50000000745058,3.00000002980232,1.375));
#2969=CARTESIAN_POINT('',(-3.50000000745058,3.00000002980232,1.375));
#2970=CARTESIAN_POINT('',(-6.00000004470348,1.50000000745058,1.375));
#2971=CARTESIAN_POINT('',(-6.00000004470348,1.50000000745058,1.375));
#2972=CARTESIAN_POINT('',(-5.5000000372529,1.,1.375));
#2973=CARTESIAN_POINT('',(-5.5000000372529,1.,1.375));
#2974=CARTESIAN_POINT('',(-3.50000000745058,3.00000002980232,1.375));
#2975=CARTESIAN_POINT('Origin',(-5.5000000372529,1.,1.5));
#2976=CARTESIAN_POINT('',(-3.50000000745058,3.00000002980232,1.625));
#2977=CARTESIAN_POINT('',(-3.50000000745058,3.00000002980232,1.5));
#2978=CARTESIAN_POINT('',(-5.5000000372529,1.,1.625));
#2979=CARTESIAN_POINT('',(-5.5000000372529,1.,1.5));
#2980=CARTESIAN_POINT('',(-3.50000000745058,3.00000002980232,1.625));
#2981=CARTESIAN_POINT('Origin',(-6.00000004470348,1.50000000745058,1.5));
#2982=CARTESIAN_POINT('',(-6.00000004470348,1.50000000745058,1.625));
#2983=CARTESIAN_POINT('',(-6.00000004470348,1.50000000745058,1.5));
#2984=CARTESIAN_POINT('',(-5.5000000372529,1.,1.625));
#2985=CARTESIAN_POINT('Origin',(-4.00000001490116,3.5000000372529,1.5));
#2986=CARTESIAN_POINT('',(-4.00000001490116,3.5000000372529,1.625));
#2987=CARTESIAN_POINT('',(-4.00000001490116,3.5000000372529,1.5));
#2988=CARTESIAN_POINT('',(-6.00000004470348,1.50000000745058,1.625));
#2989=CARTESIAN_POINT('Origin',(-3.50000000745058,3.00000002980232,1.5));
#2990=CARTESIAN_POINT('',(-3.50000000745058,3.00000002980232,1.625));
#2991=CARTESIAN_POINT('Origin',(-4.75000002607703,2.25000001862645,1.625));
#2992=CARTESIAN_POINT('Origin',(6.24999997392297,4.25000001862645,1.375));
#2993=CARTESIAN_POINT('',(6.99999998509884,5.5000000372529,1.375));
#2994=CARTESIAN_POINT('',(7.49999999254942,5.00000002980232,1.375));
#2995=CARTESIAN_POINT('',(7.49999999254942,5.00000002980232,1.375));
#2996=CARTESIAN_POINT('',(4.99999995529652,3.50000000745058,1.375));
#2997=CARTESIAN_POINT('',(4.99999995529652,3.50000000745058,1.375));
#2998=CARTESIAN_POINT('',(5.4999999627471,3.,1.375));
#2999=CARTESIAN_POINT('',(5.4999999627471,3.,1.375));
#3000=CARTESIAN_POINT('',(7.49999999254942,5.00000002980232,1.375));
#3001=CARTESIAN_POINT('Origin',(5.4999999627471,3.,1.5));
#3002=CARTESIAN_POINT('',(7.49999999254942,5.00000002980232,1.625));
#3003=CARTESIAN_POINT('',(7.49999999254942,5.00000002980232,1.5));
#3004=CARTESIAN_POINT('',(5.4999999627471,3.,1.625));
#3005=CARTESIAN_POINT('',(5.4999999627471,3.,1.5));
#3006=CARTESIAN_POINT('',(7.49999999254942,5.00000002980232,1.625));
#3007=CARTESIAN_POINT('Origin',(4.99999995529652,3.50000000745058,1.5));
#3008=CARTESIAN_POINT('',(4.99999995529652,3.50000000745058,1.625));
#3009=CARTESIAN_POINT('',(4.99999995529652,3.50000000745058,1.5));
#3010=CARTESIAN_POINT('',(5.4999999627471,3.,1.625));
#3011=CARTESIAN_POINT('Origin',(6.99999998509884,5.5000000372529,1.5));
#3012=CARTESIAN_POINT('',(6.99999998509884,5.5000000372529,1.625));
#3013=CARTESIAN_POINT('',(6.99999998509884,5.5000000372529,1.5));
#3014=CARTESIAN_POINT('',(4.99999995529652,3.50000000745058,1.625));
#3015=CARTESIAN_POINT('Origin',(7.49999999254942,5.00000002980232,1.5));
#3016=CARTESIAN_POINT('',(7.49999999254942,5.00000002980232,1.625));
#3017=CARTESIAN_POINT('Origin',(6.24999997392297,4.25000001862645,1.625));
#3018=CARTESIAN_POINT('Origin',(2.24999997392297,7.25000001862645,1.375));
#3019=CARTESIAN_POINT('',(2.99999998509884,8.5000000372529,1.375));
#3020=CARTESIAN_POINT('',(3.49999999254942,8.00000002980232,1.375));
#3021=CARTESIAN_POINT('',(3.49999999254942,8.00000002980232,1.375));
#3022=CARTESIAN_POINT('',(0.999999955296517,6.50000000745058,1.375));
#3023=CARTESIAN_POINT('',(0.999999955296517,6.50000000745058,1.375));
#3024=CARTESIAN_POINT('',(1.4999999627471,6.,1.375));
#3025=CARTESIAN_POINT('',(1.4999999627471,6.,1.375));
#3026=CARTESIAN_POINT('',(3.49999999254942,8.00000002980232,1.375));
#3027=CARTESIAN_POINT('Origin',(1.4999999627471,6.,1.5));
#3028=CARTESIAN_POINT('',(3.49999999254942,8.00000002980232,1.625));
#3029=CARTESIAN_POINT('',(3.49999999254942,8.00000002980232,1.5));
#3030=CARTESIAN_POINT('',(1.4999999627471,6.,1.625));
#3031=CARTESIAN_POINT('',(1.4999999627471,6.,1.5));
#3032=CARTESIAN_POINT('',(3.49999999254942,8.00000002980232,1.625));
#3033=CARTESIAN_POINT('Origin',(0.999999955296517,6.50000000745058,1.5));
#3034=CARTESIAN_POINT('',(0.999999955296517,6.50000000745058,1.625));
#3035=CARTESIAN_POINT('',(0.999999955296517,6.50000000745058,1.5));
#3036=CARTESIAN_POINT('',(1.4999999627471,6.,1.625));
#3037=CARTESIAN_POINT('Origin',(2.99999998509884,8.5000000372529,1.5));
#3038=CARTESIAN_POINT('',(2.99999998509884,8.5000000372529,1.625));
#3039=CARTESIAN_POINT('',(2.99999998509884,8.5000000372529,1.5));
#3040=CARTESIAN_POINT('',(0.999999955296517,6.50000000745058,1.625));
#3041=CARTESIAN_POINT('Origin',(3.49999999254942,8.00000002980232,1.5));
#3042=CARTESIAN_POINT('',(3.49999999254942,8.00000002980232,1.625));
#3043=CARTESIAN_POINT('Origin',(2.24999997392297,7.25000001862645,1.625));
#3044=CARTESIAN_POINT('Origin',(2.24999997392297,1.25000001862645,1.375));
#3045=CARTESIAN_POINT('',(2.99999998509884,2.5000000372529,1.375));
#3046=CARTESIAN_POINT('',(3.49999999254942,2.00000002980232,1.375));
#3047=CARTESIAN_POINT('',(3.49999999254942,2.00000002980232,1.375));
#3048=CARTESIAN_POINT('',(0.999999955296517,0.500000007450581,1.375));
#3049=CARTESIAN_POINT('',(0.999999955296517,0.500000007450581,1.375));
#3050=CARTESIAN_POINT('',(1.4999999627471,0.,1.375));
#3051=CARTESIAN_POINT('',(1.4999999627471,0.,1.375));
#3052=CARTESIAN_POINT('',(3.49999999254942,2.00000002980232,1.375));
#3053=CARTESIAN_POINT('Origin',(1.4999999627471,0.,1.5));
#3054=CARTESIAN_POINT('',(3.49999999254942,2.00000002980232,1.625));
#3055=CARTESIAN_POINT('',(3.49999999254942,2.00000002980232,1.5));
#3056=CARTESIAN_POINT('',(1.4999999627471,0.,1.625));
#3057=CARTESIAN_POINT('',(1.4999999627471,0.,1.5));
#3058=CARTESIAN_POINT('',(3.49999999254942,2.00000002980232,1.625));
#3059=CARTESIAN_POINT('Origin',(0.999999955296517,0.500000007450581,1.5));
#3060=CARTESIAN_POINT('',(0.999999955296517,0.500000007450581,1.625));
#3061=CARTESIAN_POINT('',(0.999999955296517,0.500000007450581,1.5));
#3062=CARTESIAN_POINT('',(1.4999999627471,0.,1.625));
#3063=CARTESIAN_POINT('Origin',(2.99999998509884,2.5000000372529,1.5));
#3064=CARTESIAN_POINT('',(2.99999998509884,2.5000000372529,1.625));
#3065=CARTESIAN_POINT('',(2.99999998509884,2.5000000372529,1.5));
#3066=CARTESIAN_POINT('',(0.999999955296517,0.500000007450581,1.625));
#3067=CARTESIAN_POINT('Origin',(3.49999999254942,2.00000002980232,1.5));
#3068=CARTESIAN_POINT('',(3.49999999254942,2.00000002980232,1.625));
#3069=CARTESIAN_POINT('Origin',(2.24999997392297,1.25000001862645,1.625));
#3070=CARTESIAN_POINT('Origin',(-1.75000002607703,-1.74999998137355,1.375));
#3071=CARTESIAN_POINT('',(-1.00000001490116,-0.499999962747097,1.375));
#3072=CARTESIAN_POINT('',(-0.500000007450581,-0.999999970197678,1.375));
#3073=CARTESIAN_POINT('',(-0.500000007450581,-0.999999970197678,1.375));
#3074=CARTESIAN_POINT('',(-3.00000004470348,-2.49999999254942,1.375));
#3075=CARTESIAN_POINT('',(-3.00000004470348,-2.49999999254942,1.375));
#3076=CARTESIAN_POINT('',(-2.5000000372529,-3.,1.375));
#3077=CARTESIAN_POINT('',(-2.5000000372529,-3.,1.375));
#3078=CARTESIAN_POINT('',(-0.500000007450581,-0.999999970197678,1.375));
#3079=CARTESIAN_POINT('Origin',(-2.5000000372529,-3.,1.5));
#3080=CARTESIAN_POINT('',(-0.500000007450581,-0.999999970197678,1.625));
#3081=CARTESIAN_POINT('',(-0.500000007450581,-0.999999970197678,1.5));
#3082=CARTESIAN_POINT('',(-2.5000000372529,-3.,1.625));
#3083=CARTESIAN_POINT('',(-2.5000000372529,-3.,1.5));
#3084=CARTESIAN_POINT('',(-0.500000007450581,-0.999999970197678,1.625));
#3085=CARTESIAN_POINT('Origin',(-3.00000004470348,-2.49999999254942,1.5));
#3086=CARTESIAN_POINT('',(-3.00000004470348,-2.49999999254942,1.625));
#3087=CARTESIAN_POINT('',(-3.00000004470348,-2.49999999254942,1.5));
#3088=CARTESIAN_POINT('',(-2.5000000372529,-3.,1.625));
#3089=CARTESIAN_POINT('Origin',(-1.00000001490116,-0.499999962747097,1.5));
#3090=CARTESIAN_POINT('',(-1.00000001490116,-0.499999962747097,1.625));
#3091=CARTESIAN_POINT('',(-1.00000001490116,-0.499999962747097,1.5));
#3092=CARTESIAN_POINT('',(-3.00000004470348,-2.49999999254942,1.625));
#3093=CARTESIAN_POINT('Origin',(-0.500000007450581,-0.999999970197678,1.5));
#3094=CARTESIAN_POINT('',(-0.500000007450581,-0.999999970197678,1.625));
#3095=CARTESIAN_POINT('Origin',(-1.75000002607703,-1.74999998137355,1.625));
#3096=CARTESIAN_POINT('Origin',(0.249999973922968,7.25000001862645,1.375));
#3097=CARTESIAN_POINT('',(0.999999985098839,8.5000000372529,1.375));
#3098=CARTESIAN_POINT('',(1.49999999254942,8.00000002980232,1.375));
#3099=CARTESIAN_POINT('',(1.49999999254942,8.00000002980232,1.375));
#3100=CARTESIAN_POINT('',(-1.00000004470348,6.50000000745058,1.375));
#3101=CARTESIAN_POINT('',(-1.00000004470348,6.50000000745058,1.375));
#3102=CARTESIAN_POINT('',(-0.500000037252903,6.,1.375));
#3103=CARTESIAN_POINT('',(-0.500000037252903,6.,1.375));
#3104=CARTESIAN_POINT('',(1.49999999254942,8.00000002980232,1.375));
#3105=CARTESIAN_POINT('Origin',(-0.500000037252903,6.,1.5));
#3106=CARTESIAN_POINT('',(1.49999999254942,8.00000002980232,1.625));
#3107=CARTESIAN_POINT('',(1.49999999254942,8.00000002980232,1.5));
#3108=CARTESIAN_POINT('',(-0.500000037252903,6.,1.625));
#3109=CARTESIAN_POINT('',(-0.500000037252903,6.,1.5));
#3110=CARTESIAN_POINT('',(1.49999999254942,8.00000002980232,1.625));
#3111=CARTESIAN_POINT('Origin',(-1.00000004470348,6.50000000745058,1.5));
#3112=CARTESIAN_POINT('',(-1.00000004470348,6.50000000745058,1.625));
#3113=CARTESIAN_POINT('',(-1.00000004470348,6.50000000745058,1.5));
#3114=CARTESIAN_POINT('',(-0.500000037252903,6.,1.625));
#3115=CARTESIAN_POINT('Origin',(0.999999985098839,8.5000000372529,1.5));
#3116=CARTESIAN_POINT('',(0.999999985098839,8.5000000372529,1.625));
#3117=CARTESIAN_POINT('',(0.999999985098839,8.5000000372529,1.5));
#3118=CARTESIAN_POINT('',(-1.00000004470348,6.50000000745058,1.625));
#3119=CARTESIAN_POINT('Origin',(1.49999999254942,8.00000002980232,1.5));
#3120=CARTESIAN_POINT('',(1.49999999254942,8.00000002980232,1.625));
#3121=CARTESIAN_POINT('Origin',(0.249999973922968,7.25000001862645,1.625));
#3122=CARTESIAN_POINT('Origin',(-1.75000002607703,7.25000001862645,1.375));
#3123=CARTESIAN_POINT('',(-1.00000001490116,8.5000000372529,1.375));
#3124=CARTESIAN_POINT('',(-0.500000007450581,8.00000002980232,1.375));
#3125=CARTESIAN_POINT('',(-0.500000007450581,8.00000002980232,1.375));
#3126=CARTESIAN_POINT('',(-3.00000004470348,6.50000000745058,1.375));
#3127=CARTESIAN_POINT('',(-3.00000004470348,6.50000000745058,1.375));
#3128=CARTESIAN_POINT('',(-2.5000000372529,6.,1.375));
#3129=CARTESIAN_POINT('',(-2.5000000372529,6.,1.375));
#3130=CARTESIAN_POINT('',(-0.500000007450581,8.00000002980232,1.375));
#3131=CARTESIAN_POINT('Origin',(-2.5000000372529,6.,1.5));
#3132=CARTESIAN_POINT('',(-0.500000007450581,8.00000002980232,1.625));
#3133=CARTESIAN_POINT('',(-0.500000007450581,8.00000002980232,1.5));
#3134=CARTESIAN_POINT('',(-2.5000000372529,6.,1.625));
#3135=CARTESIAN_POINT('',(-2.5000000372529,6.,1.5));
#3136=CARTESIAN_POINT('',(-0.500000007450581,8.00000002980232,1.625));
#3137=CARTESIAN_POINT('Origin',(-3.00000004470348,6.50000000745058,1.5));
#3138=CARTESIAN_POINT('',(-3.00000004470348,6.50000000745058,1.625));
#3139=CARTESIAN_POINT('',(-3.00000004470348,6.50000000745058,1.5));
#3140=CARTESIAN_POINT('',(-2.5000000372529,6.,1.625));
#3141=CARTESIAN_POINT('Origin',(-1.00000001490116,8.5000000372529,1.5));
#3142=CARTESIAN_POINT('',(-1.00000001490116,8.5000000372529,1.625));
#3143=CARTESIAN_POINT('',(-1.00000001490116,8.5000000372529,1.5));
#3144=CARTESIAN_POINT('',(-3.00000004470348,6.50000000745058,1.625));
#3145=CARTESIAN_POINT('Origin',(-0.500000007450581,8.00000002980232,1.5));
#3146=CARTESIAN_POINT('',(-0.500000007450581,8.00000002980232,1.625));
#3147=CARTESIAN_POINT('Origin',(-1.75000002607703,7.25000001862645,1.625));
#3148=CARTESIAN_POINT('Origin',(-4.75000002607703,6.25000001862645,1.375));
#3149=CARTESIAN_POINT('',(-4.00000001490116,7.5000000372529,1.375));
#3150=CARTESIAN_POINT('',(-3.50000000745058,7.00000002980232,1.375));
#3151=CARTESIAN_POINT('',(-3.50000000745058,7.00000002980232,1.375));
#3152=CARTESIAN_POINT('',(-6.00000004470348,5.50000000745058,1.375));
#3153=CARTESIAN_POINT('',(-6.00000004470348,5.50000000745058,1.375));
#3154=CARTESIAN_POINT('',(-5.5000000372529,5.,1.375));
#3155=CARTESIAN_POINT('',(-5.5000000372529,5.,1.375));
#3156=CARTESIAN_POINT('',(-3.50000000745058,7.00000002980232,1.375));
#3157=CARTESIAN_POINT('Origin',(-5.5000000372529,5.,1.5));
#3158=CARTESIAN_POINT('',(-3.50000000745058,7.00000002980232,1.625));
#3159=CARTESIAN_POINT('',(-3.50000000745058,7.00000002980232,1.5));
#3160=CARTESIAN_POINT('',(-5.5000000372529,5.,1.625));
#3161=CARTESIAN_POINT('',(-5.5000000372529,5.,1.5));
#3162=CARTESIAN_POINT('',(-3.50000000745058,7.00000002980232,1.625));
#3163=CARTESIAN_POINT('Origin',(-6.00000004470348,5.50000000745058,1.5));
#3164=CARTESIAN_POINT('',(-6.00000004470348,5.50000000745058,1.625));
#3165=CARTESIAN_POINT('',(-6.00000004470348,5.50000000745058,1.5));
#3166=CARTESIAN_POINT('',(-5.5000000372529,5.,1.625));
#3167=CARTESIAN_POINT('Origin',(-4.00000001490116,7.5000000372529,1.5));
#3168=CARTESIAN_POINT('',(-4.00000001490116,7.5000000372529,1.625));
#3169=CARTESIAN_POINT('',(-4.00000001490116,7.5000000372529,1.5));
#3170=CARTESIAN_POINT('',(-6.00000004470348,5.50000000745058,1.625));
#3171=CARTESIAN_POINT('Origin',(-3.50000000745058,7.00000002980232,1.5));
#3172=CARTESIAN_POINT('',(-3.50000000745058,7.00000002980232,1.625));
#3173=CARTESIAN_POINT('Origin',(-4.75000002607703,6.25000001862645,1.625));
#3174=CARTESIAN_POINT('Origin',(-4.75000002607703,4.25000001862645,1.375));
#3175=CARTESIAN_POINT('',(-4.00000001490116,5.5000000372529,1.375));
#3176=CARTESIAN_POINT('',(-3.50000000745058,5.00000002980232,1.375));
#3177=CARTESIAN_POINT('',(-3.50000000745058,5.00000002980232,1.375));
#3178=CARTESIAN_POINT('',(-6.00000004470348,3.50000000745058,1.375));
#3179=CARTESIAN_POINT('',(-6.00000004470348,3.50000000745058,1.375));
#3180=CARTESIAN_POINT('',(-5.5000000372529,3.,1.375));
#3181=CARTESIAN_POINT('',(-5.5000000372529,3.,1.375));
#3182=CARTESIAN_POINT('',(-3.50000000745058,5.00000002980232,1.375));
#3183=CARTESIAN_POINT('Origin',(-5.5000000372529,3.,1.5));
#3184=CARTESIAN_POINT('',(-3.50000000745058,5.00000002980232,1.625));
#3185=CARTESIAN_POINT('',(-3.50000000745058,5.00000002980232,1.5));
#3186=CARTESIAN_POINT('',(-5.5000000372529,3.,1.625));
#3187=CARTESIAN_POINT('',(-5.5000000372529,3.,1.5));
#3188=CARTESIAN_POINT('',(-3.50000000745058,5.00000002980232,1.625));
#3189=CARTESIAN_POINT('Origin',(-6.00000004470348,3.50000000745058,1.5));
#3190=CARTESIAN_POINT('',(-6.00000004470348,3.50000000745058,1.625));
#3191=CARTESIAN_POINT('',(-6.00000004470348,3.50000000745058,1.5));
#3192=CARTESIAN_POINT('',(-5.5000000372529,3.,1.625));
#3193=CARTESIAN_POINT('Origin',(-4.00000001490116,5.5000000372529,1.5));
#3194=CARTESIAN_POINT('',(-4.00000001490116,5.5000000372529,1.625));
#3195=CARTESIAN_POINT('',(-4.00000001490116,5.5000000372529,1.5));
#3196=CARTESIAN_POINT('',(-6.00000004470348,3.50000000745058,1.625));
#3197=CARTESIAN_POINT('Origin',(-3.50000000745058,5.00000002980232,1.5));
#3198=CARTESIAN_POINT('',(-3.50000000745058,5.00000002980232,1.625));
#3199=CARTESIAN_POINT('Origin',(-4.75000002607703,4.25000001862645,1.625));
#3200=CARTESIAN_POINT('Origin',(4.24999997392297,4.25000001862645,1.375));
#3201=CARTESIAN_POINT('',(4.99999998509884,5.5000000372529,1.375));
#3202=CARTESIAN_POINT('',(5.49999999254942,5.00000002980232,1.375));
#3203=CARTESIAN_POINT('',(5.49999999254942,5.00000002980232,1.375));
#3204=CARTESIAN_POINT('',(2.99999995529652,3.50000000745058,1.375));
#3205=CARTESIAN_POINT('',(2.99999995529652,3.50000000745058,1.375));
#3206=CARTESIAN_POINT('',(3.4999999627471,3.,1.375));
#3207=CARTESIAN_POINT('',(3.4999999627471,3.,1.375));
#3208=CARTESIAN_POINT('',(5.49999999254942,5.00000002980232,1.375));
#3209=CARTESIAN_POINT('Origin',(3.4999999627471,3.,1.5));
#3210=CARTESIAN_POINT('',(5.49999999254942,5.00000002980232,1.625));
#3211=CARTESIAN_POINT('',(5.49999999254942,5.00000002980232,1.5));
#3212=CARTESIAN_POINT('',(3.4999999627471,3.,1.625));
#3213=CARTESIAN_POINT('',(3.4999999627471,3.,1.5));
#3214=CARTESIAN_POINT('',(5.49999999254942,5.00000002980232,1.625));
#3215=CARTESIAN_POINT('Origin',(2.99999995529652,3.50000000745058,1.5));
#3216=CARTESIAN_POINT('',(2.99999995529652,3.50000000745058,1.625));
#3217=CARTESIAN_POINT('',(2.99999995529652,3.50000000745058,1.5));
#3218=CARTESIAN_POINT('',(3.4999999627471,3.,1.625));
#3219=CARTESIAN_POINT('Origin',(4.99999998509884,5.5000000372529,1.5));
#3220=CARTESIAN_POINT('',(4.99999998509884,5.5000000372529,1.625));
#3221=CARTESIAN_POINT('',(4.99999998509884,5.5000000372529,1.5));
#3222=CARTESIAN_POINT('',(2.99999995529652,3.50000000745058,1.625));
#3223=CARTESIAN_POINT('Origin',(5.49999999254942,5.00000002980232,1.5));
#3224=CARTESIAN_POINT('',(5.49999999254942,5.00000002980232,1.625));
#3225=CARTESIAN_POINT('Origin',(4.24999997392297,4.25000001862645,1.625));
#3226=CARTESIAN_POINT('Origin',(1.24999997392297,4.25000001862645,1.375));
#3227=CARTESIAN_POINT('',(1.99999998509884,5.5000000372529,1.375));
#3228=CARTESIAN_POINT('',(2.49999999254942,5.00000002980232,1.375));
#3229=CARTESIAN_POINT('',(2.49999999254942,5.00000002980232,1.375));
#3230=CARTESIAN_POINT('',(-4.47034831374538E-8,3.50000000745058,1.375));
#3231=CARTESIAN_POINT('',(-4.47034831374538E-8,3.50000000745058,1.375));
#3232=CARTESIAN_POINT('',(0.499999962747097,3.,1.375));
#3233=CARTESIAN_POINT('',(0.499999962747097,3.,1.375));
#3234=CARTESIAN_POINT('',(2.49999999254942,5.00000002980232,1.375));
#3235=CARTESIAN_POINT('Origin',(0.499999962747097,3.,1.5));
#3236=CARTESIAN_POINT('',(2.49999999254942,5.00000002980232,1.625));
#3237=CARTESIAN_POINT('',(2.49999999254942,5.00000002980232,1.5));
#3238=CARTESIAN_POINT('',(0.499999962747097,3.,1.625));
#3239=CARTESIAN_POINT('',(0.499999962747097,3.,1.5));
#3240=CARTESIAN_POINT('',(2.49999999254942,5.00000002980232,1.625));
#3241=CARTESIAN_POINT('Origin',(-4.47034831374538E-8,3.50000000745058,1.5));
#3242=CARTESIAN_POINT('',(-4.47034831374538E-8,3.50000000745058,1.625));
#3243=CARTESIAN_POINT('',(-4.47034831374538E-8,3.50000000745058,1.5));
#3244=CARTESIAN_POINT('',(0.499999962747097,3.,1.625));
#3245=CARTESIAN_POINT('Origin',(1.99999998509884,5.5000000372529,1.5));
#3246=CARTESIAN_POINT('',(1.99999998509884,5.5000000372529,1.625));
#3247=CARTESIAN_POINT('',(1.99999998509884,5.5000000372529,1.5));
#3248=CARTESIAN_POINT('',(-4.47034831374538E-8,3.50000000745058,1.625));
#3249=CARTESIAN_POINT('Origin',(2.49999999254942,5.00000002980232,1.5));
#3250=CARTESIAN_POINT('',(2.49999999254942,5.00000002980232,1.625));
#3251=CARTESIAN_POINT('Origin',(1.24999997392297,4.25000001862645,1.625));
#3252=CARTESIAN_POINT('Origin',(-1.75000002607703,4.25000001862645,1.375));
#3253=CARTESIAN_POINT('',(-1.00000001490116,5.5000000372529,1.375));
#3254=CARTESIAN_POINT('',(-0.500000007450581,5.00000002980232,1.375));
#3255=CARTESIAN_POINT('',(-0.500000007450581,5.00000002980232,1.375));
#3256=CARTESIAN_POINT('',(-3.00000004470348,3.50000000745058,1.375));
#3257=CARTESIAN_POINT('',(-3.00000004470348,3.50000000745058,1.375));
#3258=CARTESIAN_POINT('',(-2.5000000372529,3.,1.375));
#3259=CARTESIAN_POINT('',(-2.5000000372529,3.,1.375));
#3260=CARTESIAN_POINT('',(-0.500000007450581,5.00000002980232,1.375));
#3261=CARTESIAN_POINT('Origin',(-2.5000000372529,3.,1.5));
#3262=CARTESIAN_POINT('',(-0.500000007450581,5.00000002980232,1.625));
#3263=CARTESIAN_POINT('',(-0.500000007450581,5.00000002980232,1.5));
#3264=CARTESIAN_POINT('',(-2.5000000372529,3.,1.625));
#3265=CARTESIAN_POINT('',(-2.5000000372529,3.,1.5));
#3266=CARTESIAN_POINT('',(-0.500000007450581,5.00000002980232,1.625));
#3267=CARTESIAN_POINT('Origin',(-3.00000004470348,3.50000000745058,1.5));
#3268=CARTESIAN_POINT('',(-3.00000004470348,3.50000000745058,1.625));
#3269=CARTESIAN_POINT('',(-3.00000004470348,3.50000000745058,1.5));
#3270=CARTESIAN_POINT('',(-2.5000000372529,3.,1.625));
#3271=CARTESIAN_POINT('Origin',(-1.00000001490116,5.5000000372529,1.5));
#3272=CARTESIAN_POINT('',(-1.00000001490116,5.5000000372529,1.625));
#3273=CARTESIAN_POINT('',(-1.00000001490116,5.5000000372529,1.5));
#3274=CARTESIAN_POINT('',(-3.00000004470348,3.50000000745058,1.625));
#3275=CARTESIAN_POINT('Origin',(-0.500000007450581,5.00000002980232,1.5));
#3276=CARTESIAN_POINT('',(-0.500000007450581,5.00000002980232,1.625));
#3277=CARTESIAN_POINT('Origin',(-1.75000002607703,4.25000001862645,1.625));
#3278=CARTESIAN_POINT('Origin',(4.24999997392297,1.25000001862645,1.375));
#3279=CARTESIAN_POINT('',(4.99999998509884,2.5000000372529,1.375));
#3280=CARTESIAN_POINT('',(5.49999999254942,2.00000002980232,1.375));
#3281=CARTESIAN_POINT('',(5.49999999254942,2.00000002980232,1.375));
#3282=CARTESIAN_POINT('',(2.99999995529652,0.500000007450581,1.375));
#3283=CARTESIAN_POINT('',(2.99999995529652,0.500000007450581,1.375));
#3284=CARTESIAN_POINT('',(3.4999999627471,0.,1.375));
#3285=CARTESIAN_POINT('',(3.4999999627471,0.,1.375));
#3286=CARTESIAN_POINT('',(5.49999999254942,2.00000002980232,1.375));
#3287=CARTESIAN_POINT('Origin',(3.4999999627471,0.,1.5));
#3288=CARTESIAN_POINT('',(5.49999999254942,2.00000002980232,1.625));
#3289=CARTESIAN_POINT('',(5.49999999254942,2.00000002980232,1.5));
#3290=CARTESIAN_POINT('',(3.4999999627471,0.,1.625));
#3291=CARTESIAN_POINT('',(3.4999999627471,0.,1.5));
#3292=CARTESIAN_POINT('',(5.49999999254942,2.00000002980232,1.625));
#3293=CARTESIAN_POINT('Origin',(2.99999995529652,0.500000007450581,1.5));
#3294=CARTESIAN_POINT('',(2.99999995529652,0.500000007450581,1.625));
#3295=CARTESIAN_POINT('',(2.99999995529652,0.500000007450581,1.5));
#3296=CARTESIAN_POINT('',(3.4999999627471,0.,1.625));
#3297=CARTESIAN_POINT('Origin',(4.99999998509884,2.5000000372529,1.5));
#3298=CARTESIAN_POINT('',(4.99999998509884,2.5000000372529,1.625));
#3299=CARTESIAN_POINT('',(4.99999998509884,2.5000000372529,1.5));
#3300=CARTESIAN_POINT('',(2.99999995529652,0.500000007450581,1.625));
#3301=CARTESIAN_POINT('Origin',(5.49999999254942,2.00000002980232,1.5));
#3302=CARTESIAN_POINT('',(5.49999999254942,2.00000002980232,1.625));
#3303=CARTESIAN_POINT('Origin',(4.24999997392297,1.25000001862645,1.625));
#3304=CARTESIAN_POINT('Origin',(-1.75000002607703,1.25000001862645,1.375));
#3305=CARTESIAN_POINT('',(-1.00000001490116,2.5000000372529,1.375));
#3306=CARTESIAN_POINT('',(-0.500000007450581,2.00000002980232,1.375));
#3307=CARTESIAN_POINT('',(-0.500000007450581,2.00000002980232,1.375));
#3308=CARTESIAN_POINT('',(-3.00000004470348,0.500000007450581,1.375));
#3309=CARTESIAN_POINT('',(-3.00000004470348,0.500000007450581,1.375));
#3310=CARTESIAN_POINT('',(-2.5000000372529,0.,1.375));
#3311=CARTESIAN_POINT('',(-2.5000000372529,0.,1.375));
#3312=CARTESIAN_POINT('',(-0.500000007450581,2.00000002980232,1.375));
#3313=CARTESIAN_POINT('Origin',(-2.5000000372529,0.,1.5));
#3314=CARTESIAN_POINT('',(-0.500000007450581,2.00000002980232,1.625));
#3315=CARTESIAN_POINT('',(-0.500000007450581,2.00000002980232,1.5));
#3316=CARTESIAN_POINT('',(-2.5000000372529,0.,1.625));
#3317=CARTESIAN_POINT('',(-2.5000000372529,0.,1.5));
#3318=CARTESIAN_POINT('',(-0.500000007450581,2.00000002980232,1.625));
#3319=CARTESIAN_POINT('Origin',(-3.00000004470348,0.500000007450581,1.5));
#3320=CARTESIAN_POINT('',(-3.00000004470348,0.500000007450581,1.625));
#3321=CARTESIAN_POINT('',(-3.00000004470348,0.500000007450581,1.5));
#3322=CARTESIAN_POINT('',(-2.5000000372529,0.,1.625));
#3323=CARTESIAN_POINT('Origin',(-1.00000001490116,2.5000000372529,1.5));
#3324=CARTESIAN_POINT('',(-1.00000001490116,2.5000000372529,1.625));
#3325=CARTESIAN_POINT('',(-1.00000001490116,2.5000000372529,1.5));
#3326=CARTESIAN_POINT('',(-3.00000004470348,0.500000007450581,1.625));
#3327=CARTESIAN_POINT('Origin',(-0.500000007450581,2.00000002980232,1.5));
#3328=CARTESIAN_POINT('',(-0.500000007450581,2.00000002980232,1.625));
#3329=CARTESIAN_POINT('Origin',(-1.75000002607703,1.25000001862645,1.625));
#3330=UNCERTAINTY_MEASURE_WITH_UNIT(LENGTH_MEASURE(0.01),#3334,
'DISTANCE_ACCURACY_VALUE',
'Maximum model space distance between geometric entities at asserted c
onnectivities');
#3331=UNCERTAINTY_MEASURE_WITH_UNIT(LENGTH_MEASURE(0.01),#3334,
'DISTANCE_ACCURACY_VALUE',
'Maximum model space distance between geometric entities at asserted c
onnectivities');
#3332=(
GEOMETRIC_REPRESENTATION_CONTEXT(3)
GLOBAL_UNCERTAINTY_ASSIGNED_CONTEXT((#3330))
GLOBAL_UNIT_ASSIGNED_CONTEXT((#3334,#3336,#3337))
REPRESENTATION_CONTEXT('','3D')
);
#3333=(
GEOMETRIC_REPRESENTATION_CONTEXT(3)
GLOBAL_UNCERTAINTY_ASSIGNED_CONTEXT((#3331))
GLOBAL_UNIT_ASSIGNED_CONTEXT((#3334,#3336,#3337))
REPRESENTATION_CONTEXT('','3D')
);
#3334=(
LENGTH_UNIT()
NAMED_UNIT(*)
SI_UNIT(.MILLI.,.METRE.)
);
#3335=(
LENGTH_UNIT()
NAMED_UNIT(*)
SI_UNIT($,.METRE.)
);
#3336=(
NAMED_UNIT(*)
PLANE_ANGLE_UNIT()
SI_UNIT($,.RADIAN.)
);
#3337=(
NAMED_UNIT(*)
SI_UNIT($,.STERADIAN.)
SOLID_ANGLE_UNIT()
);
#3338=SHAPE_DEFINITION_REPRESENTATION(#3339,#3340);
#3339=PRODUCT_DEFINITION_SHAPE('',$,#3342);
#3340=SHAPE_REPRESENTATION('',(#2094),#3332);
#3341=PRODUCT_DEFINITION_CONTEXT('part definition',#3346,'design');
#3342=PRODUCT_DEFINITION('ManyStripes','ManyStripes',#3343,#3341);
#3343=PRODUCT_DEFINITION_FORMATION('',$,#3348);
#3344=PRODUCT_RELATED_PRODUCT_CATEGORY('ManyStripes','ManyStripes',(#3348));
#3345=APPLICATION_PROTOCOL_DEFINITION('international standard',
'automotive_design',2009,#3346);
#3346=APPLICATION_CONTEXT(
'Core Data for Automotive Mechanical Design Process');
#3347=PRODUCT_CONTEXT('part definition',#3346,'mechanical');
#3348=PRODUCT('ManyStripes','ManyStripes',$,(#3347));
#3349=PRESENTATION_STYLE_ASSIGNMENT((#3350));
#3350=SURFACE_STYLE_USAGE(.BOTH.,#3351);
#3351=SURFACE_SIDE_STYLE('',(#3352));
#3352=SURFACE_STYLE_FILL_AREA(#3353);
#3353=FILL_AREA_STYLE('Steel - Satin',(#3354));
#3354=FILL_AREA_STYLE_COLOUR('Steel - Satin',#3355);
#3355=COLOUR_RGB('Steel - Satin',0.627450980392157,0.627450980392157,0.627450980392157);
ENDSEC;
END-ISO-10303-21;
