ISO-10303-21;
HEADER;
/* Generated by software containing ST-Developer
 * from STEP Tools, Inc. (www.steptools.com) 
 */

FILE_DESCRIPTION(
/* description */ (''),
/* implementation_level */ '2;1');

FILE_NAME(
/* name */ 'random_voids_CV13.step',
/* time_stamp */ '2026-03-17T10:46:57-04:00',
/* author */ (''),
/* organization */ (''),
/* preprocessor_version */ 'ST-DEVELOPER v20.1',
/* originating_system */ 'Autodesk Translation Framework v14.24.0.0',
/* authorisation */ '');

FILE_SCHEMA (('AUTOMOTIVE_DESIGN { 1 0 10303 214 3 1 1 }'));
ENDSEC;

DATA;
#10=MECHANICAL_DESIGN_GEOMETRIC_PRESENTATION_REPRESENTATION('',(#13),#5823);
#11=SHAPE_REPRESENTATION_RELATIONSHIP('SRR','None',#5830,#12);
#12=ADVANCED_BREP_SHAPE_REPRESENTATION('',(#227),#5822);
#13=STYLED_ITEM('',(#5839),#227);
#14=ORIENTED_CLOSED_SHELL('',*,#217,.F.);
#15=ORIENTED_CLOSED_SHELL('',*,#218,.F.);
#16=ORIENTED_CLOSED_SHELL('',*,#219,.F.);
#17=ORIENTED_CLOSED_SHELL('',*,#220,.F.);
#18=ORIENTED_CLOSED_SHELL('',*,#221,.F.);
#19=ORIENTED_CLOSED_SHELL('',*,#222,.F.);
#20=ORIENTED_CLOSED_SHELL('',*,#223,.F.);
#21=ORIENTED_CLOSED_SHELL('',*,#224,.F.);
#22=ORIENTED_CLOSED_SHELL('',*,#225,.F.);
#23=ORIENTED_CLOSED_SHELL('',*,#226,.F.);
#24=(
BOUNDED_CURVE()
B_SPLINE_CURVE(5,(#797,#798,#799,#800,#801,#802,#803,#804,#805,#806,#807,
#808,#809,#810,#811,#812,#813,#814,#815,#816,#817,#818,#819,#820,#821,#822,
#823,#824,#825,#826,#827,#828,#829,#830,#831,#832,#833,#834,#835,#836,#837,
#838,#839,#840,#841,#842,#843,#844,#845,#846,#847,#848,#849,#850,#851),
 .UNSPECIFIED.,.F.,.F.)
B_SPLINE_CURVE_WITH_KNOTS((6,1,1,1,1,1,1,1,1,1,1,1,1,1,1,1,1,1,1,1,1,1,
1,1,1,1,1,1,1,1,1,1,1,1,1,1,1,1,1,1,1,1,1,1,1,1,1,1,1,1,6),(0.,0.02,0.04,
0.06,0.08,0.1,0.12,0.14,0.16,0.18,0.2,0.22,0.24,0.26,0.28,0.3,0.32,0.34,
0.36,0.38,0.4,0.42,0.44,0.46,0.48,0.5,0.52,0.54,0.56,0.58,0.6,0.62,0.64,
0.66,0.68,0.7,0.72,0.74,0.76,0.78,0.8,0.82,0.84,0.86,0.88,0.9,0.92,0.940000000000001,
0.960000000000001,0.980000000000001,1.),.UNSPECIFIED.)
CURVE()
GEOMETRIC_REPRESENTATION_ITEM()
RATIONAL_B_SPLINE_CURVE((1.,1.,1.,1.,1.,1.,1.,1.,1.,1.,1.,1.,1.,1.,1.,1.,
1.,1.,1.,1.,1.,1.,1.,1.,1.,1.,1.,1.,1.,1.,1.,1.,1.,1.,1.,1.,1.,1.,1.,1.,
1.,1.,1.,1.,1.,1.,1.,1.,1.,1.,1.,1.,1.,1.,1.))
REPRESENTATION_ITEM('')
);
#25=(
BOUNDED_CURVE()
B_SPLINE_CURVE(5,(#1349,#1350,#1351,#1352,#1353,#1354,#1355,#1356,#1357,
#1358,#1359,#1360,#1361,#1362,#1363,#1364,#1365,#1366,#1367,#1368,#1369,
#1370,#1371,#1372,#1373,#1374,#1375,#1376,#1377,#1378,#1379,#1380,#1381,
#1382,#1383,#1384,#1385,#1386,#1387,#1388,#1389,#1390,#1391,#1392,#1393,
#1394,#1395,#1396,#1397,#1398,#1399,#1400,#1401,#1402,#1403),
 .UNSPECIFIED.,.F.,.F.)
B_SPLINE_CURVE_WITH_KNOTS((6,1,1,1,1,1,1,1,1,1,1,1,1,1,1,1,1,1,1,1,1,1,
1,1,1,1,1,1,1,1,1,1,1,1,1,1,1,1,1,1,1,1,1,1,1,1,1,1,1,1,6),(0.,0.02,0.04,
0.06,0.08,0.1,0.12,0.14,0.16,0.18,0.2,0.22,0.24,0.26,0.28,0.3,0.32,0.34,
0.36,0.38,0.4,0.42,0.44,0.46,0.48,0.5,0.52,0.54,0.56,0.58,0.6,0.62,0.64,
0.66,0.68,0.7,0.72,0.74,0.76,0.78,0.8,0.82,0.84,0.86,0.88,0.9,0.92,0.940000000000001,
0.960000000000001,0.980000000000001,1.),.UNSPECIFIED.)
CURVE()
GEOMETRIC_REPRESENTATION_ITEM()
RATIONAL_B_SPLINE_CURVE((1.,1.,1.,1.,1.,1.,1.,1.,1.,1.,1.,1.,1.,1.,1.,1.,
1.,1.,1.,1.,1.,1.,1.,1.,1.,1.,1.,1.,1.,1.,1.,1.,1.,1.,1.,1.,1.,1.,1.,1.,
1.,1.,1.,1.,1.,1.,1.,1.,1.,1.,1.,1.,1.,1.,1.))
REPRESENTATION_ITEM('')
);
#26=(
BOUNDED_CURVE()
B_SPLINE_CURVE(5,(#1901,#1902,#1903,#1904,#1905,#1906,#1907,#1908,#1909,
#1910,#1911,#1912,#1913,#1914,#1915,#1916,#1917,#1918,#1919,#1920,#1921,
#1922,#1923,#1924,#1925,#1926,#1927,#1928,#1929,#1930,#1931,#1932,#1933,
#1934,#1935,#1936,#1937,#1938,#1939,#1940,#1941,#1942,#1943,#1944,#1945,
#1946,#1947,#1948,#1949,#1950,#1951,#1952,#1953,#1954,#1955),
 .UNSPECIFIED.,.F.,.F.)
B_SPLINE_CURVE_WITH_KNOTS((6,1,1,1,1,1,1,1,1,1,1,1,1,1,1,1,1,1,1,1,1,1,
1,1,1,1,1,1,1,1,1,1,1,1,1,1,1,1,1,1,1,1,1,1,1,1,1,1,1,1,6),(0.,0.02,0.04,
0.06,0.08,0.1,0.12,0.14,0.16,0.18,0.2,0.22,0.24,0.26,0.28,0.3,0.32,0.34,
0.36,0.38,0.4,0.42,0.44,0.46,0.48,0.5,0.52,0.54,0.56,0.58,0.6,0.62,0.64,
0.66,0.68,0.7,0.72,0.74,0.76,0.78,0.8,0.82,0.84,0.86,0.88,0.9,0.92,0.940000000000001,
0.960000000000001,0.980000000000001,1.),.UNSPECIFIED.)
CURVE()
GEOMETRIC_REPRESENTATION_ITEM()
RATIONAL_B_SPLINE_CURVE((1.,1.,1.,1.,1.,1.,1.,1.,1.,1.,1.,1.,1.,1.,1.,1.,
1.,1.,1.,1.,1.,1.,1.,1.,1.,1.,1.,1.,1.,1.,1.,1.,1.,1.,1.,1.,1.,1.,1.,1.,
1.,1.,1.,1.,1.,1.,1.,1.,1.,1.,1.,1.,1.,1.,1.))
REPRESENTATION_ITEM('')
);
#27=(
BOUNDED_CURVE()
B_SPLINE_CURVE(5,(#2453,#2454,#2455,#2456,#2457,#2458,#2459,#2460,#2461,
#2462,#2463,#2464,#2465,#2466,#2467,#2468,#2469,#2470,#2471,#2472,#2473,
#2474,#2475,#2476,#2477,#2478,#2479,#2480,#2481,#2482,#2483,#2484,#2485,
#2486,#2487,#2488,#2489,#2490,#2491,#2492,#2493,#2494,#2495,#2496,#2497,
#2498,#2499,#2500,#2501,#2502,#2503,#2504,#2505,#2506,#2507),
 .UNSPECIFIED.,.F.,.F.)
B_SPLINE_CURVE_WITH_KNOTS((6,1,1,1,1,1,1,1,1,1,1,1,1,1,1,1,1,1,1,1,1,1,
1,1,1,1,1,1,1,1,1,1,1,1,1,1,1,1,1,1,1,1,1,1,1,1,1,1,1,1,6),(0.,0.02,0.04,
0.06,0.08,0.1,0.12,0.14,0.16,0.18,0.2,0.22,0.24,0.26,0.28,0.3,0.32,0.34,
0.36,0.38,0.4,0.42,0.44,0.46,0.48,0.5,0.52,0.54,0.56,0.58,0.6,0.62,0.64,
0.66,0.68,0.7,0.72,0.74,0.76,0.78,0.8,0.82,0.84,0.86,0.88,0.9,0.92,0.940000000000001,
0.960000000000001,0.980000000000001,1.),.UNSPECIFIED.)
CURVE()
GEOMETRIC_REPRESENTATION_ITEM()
RATIONAL_B_SPLINE_CURVE((1.,1.,1.,1.,1.,1.,1.,1.,1.,1.,1.,1.,1.,1.,1.,1.,
1.,1.,1.,1.,1.,1.,1.,1.,1.,1.,1.,1.,1.,1.,1.,1.,1.,1.,1.,1.,1.,1.,1.,1.,
1.,1.,1.,1.,1.,1.,1.,1.,1.,1.,1.,1.,1.,1.,1.))
REPRESENTATION_ITEM('')
);
#28=(
BOUNDED_CURVE()
B_SPLINE_CURVE(5,(#3005,#3006,#3007,#3008,#3009,#3010,#3011,#3012,#3013,
#3014,#3015,#3016,#3017,#3018,#3019,#3020,#3021,#3022,#3023,#3024,#3025,
#3026,#3027,#3028,#3029,#3030,#3031,#3032,#3033,#3034,#3035,#3036,#3037,
#3038,#3039,#3040,#3041,#3042,#3043,#3044,#3045,#3046,#3047,#3048,#3049,
#3050,#3051,#3052,#3053,#3054,#3055,#3056,#3057,#3058,#3059),
 .UNSPECIFIED.,.F.,.F.)
B_SPLINE_CURVE_WITH_KNOTS((6,1,1,1,1,1,1,1,1,1,1,1,1,1,1,1,1,1,1,1,1,1,
1,1,1,1,1,1,1,1,1,1,1,1,1,1,1,1,1,1,1,1,1,1,1,1,1,1,1,1,6),(0.,0.02,0.04,
0.06,0.08,0.1,0.12,0.14,0.16,0.18,0.2,0.22,0.24,0.26,0.28,0.3,0.32,0.34,
0.36,0.38,0.4,0.42,0.44,0.46,0.48,0.5,0.52,0.54,0.56,0.58,0.6,0.62,0.64,
0.66,0.68,0.7,0.72,0.74,0.76,0.78,0.8,0.82,0.84,0.86,0.88,0.9,0.92,0.940000000000001,
0.960000000000001,0.980000000000001,1.),.UNSPECIFIED.)
CURVE()
GEOMETRIC_REPRESENTATION_ITEM()
RATIONAL_B_SPLINE_CURVE((1.,1.,1.,1.,1.,1.,1.,1.,1.,1.,1.,1.,1.,1.,1.,1.,
1.,1.,1.,1.,1.,1.,1.,1.,1.,1.,1.,1.,1.,1.,1.,1.,1.,1.,1.,1.,1.,1.,1.,1.,
1.,1.,1.,1.,1.,1.,1.,1.,1.,1.,1.,1.,1.,1.,1.))
REPRESENTATION_ITEM('')
);
#29=(
BOUNDED_CURVE()
B_SPLINE_CURVE(5,(#3557,#3558,#3559,#3560,#3561,#3562,#3563,#3564,#3565,
#3566,#3567,#3568,#3569,#3570,#3571,#3572,#3573,#3574,#3575,#3576,#3577,
#3578,#3579,#3580,#3581,#3582,#3583,#3584,#3585,#3586,#3587,#3588,#3589,
#3590,#3591,#3592,#3593,#3594,#3595,#3596,#3597,#3598,#3599,#3600,#3601,
#3602,#3603,#3604,#3605,#3606,#3607,#3608,#3609,#3610,#3611),
 .UNSPECIFIED.,.F.,.F.)
B_SPLINE_CURVE_WITH_KNOTS((6,1,1,1,1,1,1,1,1,1,1,1,1,1,1,1,1,1,1,1,1,1,
1,1,1,1,1,1,1,1,1,1,1,1,1,1,1,1,1,1,1,1,1,1,1,1,1,1,1,1,6),(0.,0.02,0.04,
0.06,0.08,0.1,0.12,0.14,0.16,0.18,0.2,0.22,0.24,0.26,0.28,0.3,0.32,0.34,
0.36,0.38,0.4,0.42,0.44,0.46,0.48,0.5,0.52,0.54,0.56,0.58,0.6,0.62,0.64,
0.66,0.68,0.7,0.72,0.74,0.76,0.78,0.8,0.82,0.84,0.86,0.88,0.9,0.92,0.940000000000001,
0.960000000000001,0.980000000000001,1.),.UNSPECIFIED.)
CURVE()
GEOMETRIC_REPRESENTATION_ITEM()
RATIONAL_B_SPLINE_CURVE((1.,1.,1.,1.,1.,1.,1.,1.,1.,1.,1.,1.,1.,1.,1.,1.,
1.,1.,1.,1.,1.,1.,1.,1.,1.,1.,1.,1.,1.,1.,1.,1.,1.,1.,1.,1.,1.,1.,1.,1.,
1.,1.,1.,1.,1.,1.,1.,1.,1.,1.,1.,1.,1.,1.,1.))
REPRESENTATION_ITEM('')
);
#30=(
BOUNDED_CURVE()
B_SPLINE_CURVE(5,(#4109,#4110,#4111,#4112,#4113,#4114,#4115,#4116,#4117,
#4118,#4119,#4120,#4121,#4122,#4123,#4124,#4125,#4126,#4127,#4128,#4129,
#4130,#4131,#4132,#4133,#4134,#4135,#4136,#4137,#4138,#4139,#4140,#4141,
#4142,#4143,#4144,#4145,#4146,#4147,#4148,#4149,#4150,#4151,#4152,#4153,
#4154,#4155,#4156,#4157,#4158,#4159,#4160,#4161,#4162,#4163),
 .UNSPECIFIED.,.F.,.F.)
B_SPLINE_CURVE_WITH_KNOTS((6,1,1,1,1,1,1,1,1,1,1,1,1,1,1,1,1,1,1,1,1,1,
1,1,1,1,1,1,1,1,1,1,1,1,1,1,1,1,1,1,1,1,1,1,1,1,1,1,1,1,6),(0.,0.02,0.04,
0.06,0.08,0.1,0.12,0.14,0.16,0.18,0.2,0.22,0.24,0.26,0.28,0.3,0.32,0.34,
0.36,0.38,0.4,0.42,0.44,0.46,0.48,0.5,0.52,0.54,0.56,0.58,0.6,0.62,0.64,
0.66,0.68,0.7,0.72,0.74,0.76,0.78,0.8,0.82,0.84,0.86,0.88,0.9,0.92,0.940000000000001,
0.960000000000001,0.980000000000001,1.),.UNSPECIFIED.)
CURVE()
GEOMETRIC_REPRESENTATION_ITEM()
RATIONAL_B_SPLINE_CURVE((1.,1.,1.,1.,1.,1.,1.,1.,1.,1.,1.,1.,1.,1.,1.,1.,
1.,1.,1.,1.,1.,1.,1.,1.,1.,1.,1.,1.,1.,1.,1.,1.,1.,1.,1.,1.,1.,1.,1.,1.,
1.,1.,1.,1.,1.,1.,1.,1.,1.,1.,1.,1.,1.,1.,1.))
REPRESENTATION_ITEM('')
);
#31=(
BOUNDED_CURVE()
B_SPLINE_CURVE(5,(#4661,#4662,#4663,#4664,#4665,#4666,#4667,#4668,#4669,
#4670,#4671,#4672,#4673,#4674,#4675,#4676,#4677,#4678,#4679,#4680,#4681,
#4682,#4683,#4684,#4685,#4686,#4687,#4688,#4689,#4690,#4691,#4692,#4693,
#4694,#4695,#4696,#4697,#4698,#4699,#4700,#4701,#4702,#4703,#4704,#4705,
#4706,#4707,#4708,#4709,#4710,#4711,#4712,#4713,#4714,#4715),
 .UNSPECIFIED.,.F.,.F.)
B_SPLINE_CURVE_WITH_KNOTS((6,1,1,1,1,1,1,1,1,1,1,1,1,1,1,1,1,1,1,1,1,1,
1,1,1,1,1,1,1,1,1,1,1,1,1,1,1,1,1,1,1,1,1,1,1,1,1,1,1,1,6),(0.,0.02,0.04,
0.06,0.08,0.1,0.12,0.14,0.16,0.18,0.2,0.22,0.24,0.26,0.28,0.3,0.32,0.34,
0.36,0.38,0.4,0.42,0.44,0.46,0.48,0.5,0.52,0.54,0.56,0.58,0.6,0.62,0.64,
0.66,0.68,0.7,0.72,0.74,0.76,0.78,0.8,0.82,0.84,0.86,0.88,0.9,0.92,0.940000000000001,
0.960000000000001,0.980000000000001,1.),.UNSPECIFIED.)
CURVE()
GEOMETRIC_REPRESENTATION_ITEM()
RATIONAL_B_SPLINE_CURVE((1.,1.,1.,1.,1.,1.,1.,1.,1.,1.,1.,1.,1.,1.,1.,1.,
1.,1.,1.,1.,1.,1.,1.,1.,1.,1.,1.,1.,1.,1.,1.,1.,1.,1.,1.,1.,1.,1.,1.,1.,
1.,1.,1.,1.,1.,1.,1.,1.,1.,1.,1.,1.,1.,1.,1.))
REPRESENTATION_ITEM('')
);
#32=(
BOUNDED_CURVE()
B_SPLINE_CURVE(5,(#5213,#5214,#5215,#5216,#5217,#5218,#5219,#5220,#5221,
#5222,#5223,#5224,#5225,#5226,#5227,#5228,#5229,#5230,#5231,#5232,#5233,
#5234,#5235,#5236,#5237,#5238,#5239,#5240,#5241,#5242,#5243,#5244,#5245,
#5246,#5247,#5248,#5249,#5250,#5251,#5252,#5253,#5254,#5255,#5256,#5257,
#5258,#5259,#5260,#5261,#5262,#5263,#5264,#5265,#5266,#5267),
 .UNSPECIFIED.,.F.,.F.)
B_SPLINE_CURVE_WITH_KNOTS((6,1,1,1,1,1,1,1,1,1,1,1,1,1,1,1,1,1,1,1,1,1,
1,1,1,1,1,1,1,1,1,1,1,1,1,1,1,1,1,1,1,1,1,1,1,1,1,1,1,1,6),(0.,0.02,0.04,
0.06,0.08,0.1,0.12,0.14,0.16,0.18,0.2,0.22,0.24,0.26,0.28,0.3,0.32,0.34,
0.36,0.38,0.4,0.42,0.44,0.46,0.48,0.5,0.52,0.54,0.56,0.58,0.6,0.62,0.64,
0.66,0.68,0.7,0.72,0.74,0.76,0.78,0.8,0.82,0.84,0.86,0.88,0.9,0.92,0.940000000000001,
0.960000000000001,0.980000000000001,1.),.UNSPECIFIED.)
CURVE()
GEOMETRIC_REPRESENTATION_ITEM()
RATIONAL_B_SPLINE_CURVE((1.,1.,1.,1.,1.,1.,1.,1.,1.,1.,1.,1.,1.,1.,1.,1.,
1.,1.,1.,1.,1.,1.,1.,1.,1.,1.,1.,1.,1.,1.,1.,1.,1.,1.,1.,1.,1.,1.,1.,1.,
1.,1.,1.,1.,1.,1.,1.,1.,1.,1.,1.,1.,1.,1.,1.))
REPRESENTATION_ITEM('')
);
#33=(
BOUNDED_CURVE()
B_SPLINE_CURVE(5,(#5765,#5766,#5767,#5768,#5769,#5770,#5771,#5772,#5773,
#5774,#5775,#5776,#5777,#5778,#5779,#5780,#5781,#5782,#5783,#5784,#5785,
#5786,#5787,#5788,#5789,#5790,#5791,#5792,#5793,#5794,#5795,#5796,#5797,
#5798,#5799,#5800,#5801,#5802,#5803,#5804,#5805,#5806,#5807,#5808,#5809,
#5810,#5811,#5812,#5813,#5814,#5815,#5816,#5817,#5818,#5819),
 .UNSPECIFIED.,.F.,.F.)
B_SPLINE_CURVE_WITH_KNOTS((6,1,1,1,1,1,1,1,1,1,1,1,1,1,1,1,1,1,1,1,1,1,
1,1,1,1,1,1,1,1,1,1,1,1,1,1,1,1,1,1,1,1,1,1,1,1,1,1,1,1,6),(0.,0.02,0.04,
0.06,0.08,0.1,0.12,0.14,0.16,0.18,0.2,0.22,0.24,0.26,0.28,0.3,0.32,0.34,
0.36,0.38,0.4,0.42,0.44,0.46,0.48,0.5,0.52,0.54,0.56,0.58,0.6,0.62,0.64,
0.66,0.68,0.7,0.72,0.74,0.76,0.78,0.8,0.82,0.84,0.86,0.88,0.9,0.92,0.940000000000001,
0.960000000000001,0.980000000000001,1.),.UNSPECIFIED.)
CURVE()
GEOMETRIC_REPRESENTATION_ITEM()
RATIONAL_B_SPLINE_CURVE((1.,1.,1.,1.,1.,1.,1.,1.,1.,1.,1.,1.,1.,1.,1.,1.,
1.,1.,1.,1.,1.,1.,1.,1.,1.,1.,1.,1.,1.,1.,1.,1.,1.,1.,1.,1.,1.,1.,1.,1.,
1.,1.,1.,1.,1.,1.,1.,1.,1.,1.,1.,1.,1.,1.,1.))
REPRESENTATION_ITEM('')
);
#34=(
BOUNDED_SURFACE()
B_SPLINE_SURFACE(5,2,((#300,#301,#302,#303,#304,#305,#306,#307,#308),(#309,
#310,#311,#312,#313,#314,#315,#316,#317),(#318,#319,#320,#321,#322,#323,
#324,#325,#326),(#327,#328,#329,#330,#331,#332,#333,#334,#335),(#336,#337,
#338,#339,#340,#341,#342,#343,#344),(#345,#346,#347,#348,#349,#350,#351,
#352,#353),(#354,#355,#356,#357,#358,#359,#360,#361,#362),(#363,#364,#365,
#366,#367,#368,#369,#370,#371),(#372,#373,#374,#375,#376,#377,#378,#379,
#380),(#381,#382,#383,#384,#385,#386,#387,#388,#389),(#390,#391,#392,#393,
#394,#395,#396,#397,#398),(#399,#400,#401,#402,#403,#404,#405,#406,#407),
(#408,#409,#410,#411,#412,#413,#414,#415,#416),(#417,#418,#419,#420,#421,
#422,#423,#424,#425),(#426,#427,#428,#429,#430,#431,#432,#433,#434),(#435,
#436,#437,#438,#439,#440,#441,#442,#443),(#444,#445,#446,#447,#448,#449,
#450,#451,#452),(#453,#454,#455,#456,#457,#458,#459,#460,#461),(#462,#463,
#464,#465,#466,#467,#468,#469,#470),(#471,#472,#473,#474,#475,#476,#477,
#478,#479),(#480,#481,#482,#483,#484,#485,#486,#487,#488),(#489,#490,#491,
#492,#493,#494,#495,#496,#497),(#498,#499,#500,#501,#502,#503,#504,#505,
#506),(#507,#508,#509,#510,#511,#512,#513,#514,#515),(#516,#517,#518,#519,
#520,#521,#522,#523,#524),(#525,#526,#527,#528,#529,#530,#531,#532,#533),
(#534,#535,#536,#537,#538,#539,#540,#541,#542),(#543,#544,#545,#546,#547,
#548,#549,#550,#551),(#552,#553,#554,#555,#556,#557,#558,#559,#560),(#561,
#562,#563,#564,#565,#566,#567,#568,#569),(#570,#571,#572,#573,#574,#575,
#576,#577,#578),(#579,#580,#581,#582,#583,#584,#585,#586,#587),(#588,#589,
#590,#591,#592,#593,#594,#595,#596),(#597,#598,#599,#600,#601,#602,#603,
#604,#605),(#606,#607,#608,#609,#610,#611,#612,#613,#614),(#615,#616,#617,
#618,#619,#620,#621,#622,#623),(#624,#625,#626,#627,#628,#629,#630,#631,
#632),(#633,#634,#635,#636,#637,#638,#639,#640,#641),(#642,#643,#644,#645,
#646,#647,#648,#649,#650),(#651,#652,#653,#654,#655,#656,#657,#658,#659),
(#660,#661,#662,#663,#664,#665,#666,#667,#668),(#669,#670,#671,#672,#673,
#674,#675,#676,#677),(#678,#679,#680,#681,#682,#683,#684,#685,#686),(#687,
#688,#689,#690,#691,#692,#693,#694,#695),(#696,#697,#698,#699,#700,#701,
#702,#703,#704),(#705,#706,#707,#708,#709,#710,#711,#712,#713),(#714,#715,
#716,#717,#718,#719,#720,#721,#722),(#723,#724,#725,#726,#727,#728,#729,
#730,#731),(#732,#733,#734,#735,#736,#737,#738,#739,#740),(#741,#742,#743,
#744,#745,#746,#747,#748,#749),(#750,#751,#752,#753,#754,#755,#756,#757,
#758),(#759,#760,#761,#762,#763,#764,#765,#766,#767),(#768,#769,#770,#771,
#772,#773,#774,#775,#776),(#777,#778,#779,#780,#781,#782,#783,#784,#785),
(#786,#787,#788,#789,#790,#791,#792,#793,#794)),.UNSPECIFIED.,.F.,.T.,.F.)
B_SPLINE_SURFACE_WITH_KNOTS((6,1,1,1,1,1,1,1,1,1,1,1,1,1,1,1,1,1,1,1,1,
1,1,1,1,1,1,1,1,1,1,1,1,1,1,1,1,1,1,1,1,1,1,1,1,1,1,1,1,1,6),(3,2,2,2,3),
(0.,0.02,0.04,0.06,0.08,0.1,0.12,0.14,0.16,0.18,0.2,0.22,0.24,0.26,0.28,
0.3,0.32,0.34,0.36,0.38,0.4,0.42,0.44,0.46,0.48,0.5,0.52,0.54,0.56,0.58,
0.6,0.62,0.64,0.66,0.68,0.7,0.72,0.74,0.76,0.78,0.8,0.82,0.84,0.86,0.88,
0.9,0.92,0.940000000000001,0.960000000000001,0.980000000000001,1.),(0.,
1.5707963267949,3.14159265358979,4.71238898038469,6.28318530717959),
 .UNSPECIFIED.)
GEOMETRIC_REPRESENTATION_ITEM()
RATIONAL_B_SPLINE_SURFACE(((1.,0.707106781186548,1.,0.707106781186548,1.,
0.707106781186548,1.,0.707106781186548,1.),(1.,0.707106781186548,1.,0.707106781186548,
1.,0.707106781186548,1.,0.707106781186548,1.),(1.,0.707106781186548,1.,
0.707106781186548,1.,0.707106781186548,1.,0.707106781186548,1.),(1.,0.707106781186548,
1.,0.707106781186548,1.,0.707106781186548,1.,0.707106781186548,1.),(1.,
0.707106781186548,1.,0.707106781186548,1.,0.707106781186548,1.,0.707106781186548,
1.),(1.,0.707106781186548,1.,0.707106781186548,1.,0.707106781186548,1.,
0.707106781186548,1.),(1.,0.707106781186548,1.,0.707106781186548,1.,0.707106781186548,
1.,0.707106781186548,1.),(1.,0.707106781186548,1.,0.707106781186548,1.,
0.707106781186548,1.,0.707106781186548,1.),(1.,0.707106781186548,1.,0.707106781186548,
1.,0.707106781186548,1.,0.707106781186548,1.),(1.,0.707106781186548,1.,
0.707106781186548,1.,0.707106781186548,1.,0.707106781186548,1.),(1.,0.707106781186548,
1.,0.707106781186548,1.,0.707106781186548,1.,0.707106781186548,1.),(1.,
0.707106781186548,1.,0.707106781186548,1.,0.707106781186548,1.,0.707106781186548,
1.),(1.,0.707106781186548,1.,0.707106781186548,1.,0.707106781186548,1.,
0.707106781186548,1.),(1.,0.707106781186548,1.,0.707106781186548,1.,0.707106781186548,
1.,0.707106781186548,1.),(1.,0.707106781186548,1.,0.707106781186548,1.,
0.707106781186548,1.,0.707106781186548,1.),(1.,0.707106781186548,1.,0.707106781186548,
1.,0.707106781186548,1.,0.707106781186548,1.),(1.,0.707106781186548,1.,
0.707106781186548,1.,0.707106781186548,1.,0.707106781186548,1.),(1.,0.707106781186548,
1.,0.707106781186548,1.,0.707106781186548,1.,0.707106781186548,1.),(1.,
0.707106781186548,1.,0.707106781186548,1.,0.707106781186548,1.,0.707106781186548,
1.),(1.,0.707106781186548,1.,0.707106781186548,1.,0.707106781186548,1.,
0.707106781186548,1.),(1.,0.707106781186548,1.,0.707106781186548,1.,0.707106781186548,
1.,0.707106781186548,1.),(1.,0.707106781186548,1.,0.707106781186548,1.,
0.707106781186548,1.,0.707106781186548,1.),(1.,0.707106781186548,1.,0.707106781186548,
1.,0.707106781186548,1.,0.707106781186548,1.),(1.,0.707106781186548,1.,
0.707106781186548,1.,0.707106781186548,1.,0.707106781186548,1.),(1.,0.707106781186548,
1.,0.707106781186548,1.,0.707106781186548,1.,0.707106781186548,1.),(1.,
0.707106781186548,1.,0.707106781186548,1.,0.707106781186548,1.,0.707106781186548,
1.),(1.,0.707106781186548,1.,0.707106781186548,1.,0.707106781186548,1.,
0.707106781186548,1.),(1.,0.707106781186548,1.,0.707106781186548,1.,0.707106781186548,
1.,0.707106781186548,1.),(1.,0.707106781186548,1.,0.707106781186548,1.,
0.707106781186548,1.,0.707106781186548,1.),(1.,0.707106781186548,1.,0.707106781186548,
1.,0.707106781186548,1.,0.707106781186548,1.),(1.,0.707106781186548,1.,
0.707106781186548,1.,0.707106781186548,1.,0.707106781186548,1.),(1.,0.707106781186548,
1.,0.707106781186548,1.,0.707106781186548,1.,0.707106781186548,1.),(1.,
0.707106781186548,1.,0.707106781186548,1.,0.707106781186548,1.,0.707106781186548,
1.),(1.,0.707106781186548,1.,0.707106781186548,1.,0.707106781186548,1.,
0.707106781186548,1.),(1.,0.707106781186548,1.,0.707106781186548,1.,0.707106781186548,
1.,0.707106781186548,1.),(1.,0.707106781186548,1.,0.707106781186548,1.,
0.707106781186548,1.,0.707106781186548,1.),(1.,0.707106781186548,1.,0.707106781186548,
1.,0.707106781186548,1.,0.707106781186548,1.),(1.,0.707106781186548,1.,
0.707106781186548,1.,0.707106781186548,1.,0.707106781186548,1.),(1.,0.707106781186548,
1.,0.707106781186548,1.,0.707106781186548,1.,0.707106781186548,1.),(1.,
0.707106781186548,1.,0.707106781186548,1.,0.707106781186548,1.,0.707106781186548,
1.),(1.,0.707106781186548,1.,0.707106781186548,1.,0.707106781186548,1.,
0.707106781186548,1.),(1.,0.707106781186548,1.,0.707106781186548,1.,0.707106781186548,
1.,0.707106781186548,1.),(1.,0.707106781186548,1.,0.707106781186548,1.,
0.707106781186548,1.,0.707106781186548,1.),(1.,0.707106781186548,1.,0.707106781186548,
1.,0.707106781186548,1.,0.707106781186548,1.),(1.,0.707106781186548,1.,
0.707106781186548,1.,0.707106781186548,1.,0.707106781186548,1.),(1.,0.707106781186548,
1.,0.707106781186548,1.,0.707106781186548,1.,0.707106781186548,1.),(1.,
0.707106781186548,1.,0.707106781186548,1.,0.707106781186548,1.,0.707106781186548,
1.),(1.,0.707106781186548,1.,0.707106781186548,1.,0.707106781186548,1.,
0.707106781186548,1.),(1.,0.707106781186548,1.,0.707106781186548,1.,0.707106781186548,
1.,0.707106781186548,1.),(1.,0.707106781186548,1.,0.707106781186548,1.,
0.707106781186548,1.,0.707106781186548,1.),(1.,0.707106781186548,1.,0.707106781186548,
1.,0.707106781186548,1.,0.707106781186548,1.),(1.,0.707106781186548,1.,
0.707106781186548,1.,0.707106781186548,1.,0.707106781186548,1.),(1.,0.707106781186548,
1.,0.707106781186548,1.,0.707106781186548,1.,0.707106781186548,1.),(1.,
0.707106781186548,1.,0.707106781186548,1.,0.707106781186548,1.,0.707106781186548,
1.),(1.,0.707106781186548,1.,0.707106781186548,1.,0.707106781186548,1.,
0.707106781186548,1.)))
REPRESENTATION_ITEM('')
SURFACE()
);
#35=(
BOUNDED_SURFACE()
B_SPLINE_SURFACE(5,2,((#852,#853,#854,#855,#856,#857,#858,#859,#860),(#861,
#862,#863,#864,#865,#866,#867,#868,#869),(#870,#871,#872,#873,#874,#875,
#876,#877,#878),(#879,#880,#881,#882,#883,#884,#885,#886,#887),(#888,#889,
#890,#891,#892,#893,#894,#895,#896),(#897,#898,#899,#900,#901,#902,#903,
#904,#905),(#906,#907,#908,#909,#910,#911,#912,#913,#914),(#915,#916,#917,
#918,#919,#920,#921,#922,#923),(#924,#925,#926,#927,#928,#929,#930,#931,
#932),(#933,#934,#935,#936,#937,#938,#939,#940,#941),(#942,#943,#944,#945,
#946,#947,#948,#949,#950),(#951,#952,#953,#954,#955,#956,#957,#958,#959),
(#960,#961,#962,#963,#964,#965,#966,#967,#968),(#969,#970,#971,#972,#973,
#974,#975,#976,#977),(#978,#979,#980,#981,#982,#983,#984,#985,#986),(#987,
#988,#989,#990,#991,#992,#993,#994,#995),(#996,#997,#998,#999,#1000,#1001,
#1002,#1003,#1004),(#1005,#1006,#1007,#1008,#1009,#1010,#1011,#1012,#1013),
(#1014,#1015,#1016,#1017,#1018,#1019,#1020,#1021,#1022),(#1023,#1024,#1025,
#1026,#1027,#1028,#1029,#1030,#1031),(#1032,#1033,#1034,#1035,#1036,#1037,
#1038,#1039,#1040),(#1041,#1042,#1043,#1044,#1045,#1046,#1047,#1048,#1049),
(#1050,#1051,#1052,#1053,#1054,#1055,#1056,#1057,#1058),(#1059,#1060,#1061,
#1062,#1063,#1064,#1065,#1066,#1067),(#1068,#1069,#1070,#1071,#1072,#1073,
#1074,#1075,#1076),(#1077,#1078,#1079,#1080,#1081,#1082,#1083,#1084,#1085),
(#1086,#1087,#1088,#1089,#1090,#1091,#1092,#1093,#1094),(#1095,#1096,#1097,
#1098,#1099,#1100,#1101,#1102,#1103),(#1104,#1105,#1106,#1107,#1108,#1109,
#1110,#1111,#1112),(#1113,#1114,#1115,#1116,#1117,#1118,#1119,#1120,#1121),
(#1122,#1123,#1124,#1125,#1126,#1127,#1128,#1129,#1130),(#1131,#1132,#1133,
#1134,#1135,#1136,#1137,#1138,#1139),(#1140,#1141,#1142,#1143,#1144,#1145,
#1146,#1147,#1148),(#1149,#1150,#1151,#1152,#1153,#1154,#1155,#1156,#1157),
(#1158,#1159,#1160,#1161,#1162,#1163,#1164,#1165,#1166),(#1167,#1168,#1169,
#1170,#1171,#1172,#1173,#1174,#1175),(#1176,#1177,#1178,#1179,#1180,#1181,
#1182,#1183,#1184),(#1185,#1186,#1187,#1188,#1189,#1190,#1191,#1192,#1193),
(#1194,#1195,#1196,#1197,#1198,#1199,#1200,#1201,#1202),(#1203,#1204,#1205,
#1206,#1207,#1208,#1209,#1210,#1211),(#1212,#1213,#1214,#1215,#1216,#1217,
#1218,#1219,#1220),(#1221,#1222,#1223,#1224,#1225,#1226,#1227,#1228,#1229),
(#1230,#1231,#1232,#1233,#1234,#1235,#1236,#1237,#1238),(#1239,#1240,#1241,
#1242,#1243,#1244,#1245,#1246,#1247),(#1248,#1249,#1250,#1251,#1252,#1253,
#1254,#1255,#1256),(#1257,#1258,#1259,#1260,#1261,#1262,#1263,#1264,#1265),
(#1266,#1267,#1268,#1269,#1270,#1271,#1272,#1273,#1274),(#1275,#1276,#1277,
#1278,#1279,#1280,#1281,#1282,#1283),(#1284,#1285,#1286,#1287,#1288,#1289,
#1290,#1291,#1292),(#1293,#1294,#1295,#1296,#1297,#1298,#1299,#1300,#1301),
(#1302,#1303,#1304,#1305,#1306,#1307,#1308,#1309,#1310),(#1311,#1312,#1313,
#1314,#1315,#1316,#1317,#1318,#1319),(#1320,#1321,#1322,#1323,#1324,#1325,
#1326,#1327,#1328),(#1329,#1330,#1331,#1332,#1333,#1334,#1335,#1336,#1337),
(#1338,#1339,#1340,#1341,#1342,#1343,#1344,#1345,#1346)),.UNSPECIFIED.,
 .F.,.T.,.F.)
B_SPLINE_SURFACE_WITH_KNOTS((6,1,1,1,1,1,1,1,1,1,1,1,1,1,1,1,1,1,1,1,1,
1,1,1,1,1,1,1,1,1,1,1,1,1,1,1,1,1,1,1,1,1,1,1,1,1,1,1,1,1,6),(3,2,2,2,3),
(0.,0.02,0.04,0.06,0.08,0.1,0.12,0.14,0.16,0.18,0.2,0.22,0.24,0.26,0.28,
0.3,0.32,0.34,0.36,0.38,0.4,0.42,0.44,0.46,0.48,0.5,0.52,0.54,0.56,0.58,
0.6,0.62,0.64,0.66,0.68,0.7,0.72,0.74,0.76,0.78,0.8,0.82,0.84,0.86,0.88,
0.9,0.92,0.940000000000001,0.960000000000001,0.980000000000001,1.),(0.,
1.5707963267949,3.14159265358979,4.71238898038469,6.28318530717959),
 .UNSPECIFIED.)
GEOMETRIC_REPRESENTATION_ITEM()
RATIONAL_B_SPLINE_SURFACE(((1.,0.707106781186548,1.,0.707106781186548,1.,
0.707106781186548,1.,0.707106781186548,1.),(1.,0.707106781186548,1.,0.707106781186548,
1.,0.707106781186548,1.,0.707106781186548,1.),(1.,0.707106781186548,1.,
0.707106781186548,1.,0.707106781186548,1.,0.707106781186548,1.),(1.,0.707106781186548,
1.,0.707106781186548,1.,0.707106781186548,1.,0.707106781186548,1.),(1.,
0.707106781186548,1.,0.707106781186548,1.,0.707106781186548,1.,0.707106781186548,
1.),(1.,0.707106781186548,1.,0.707106781186548,1.,0.707106781186548,1.,
0.707106781186548,1.),(1.,0.707106781186548,1.,0.707106781186548,1.,0.707106781186548,
1.,0.707106781186548,1.),(1.,0.707106781186548,1.,0.707106781186548,1.,
0.707106781186548,1.,0.707106781186548,1.),(1.,0.707106781186548,1.,0.707106781186548,
1.,0.707106781186548,1.,0.707106781186548,1.),(1.,0.707106781186548,1.,
0.707106781186548,1.,0.707106781186548,1.,0.707106781186548,1.),(1.,0.707106781186548,
1.,0.707106781186548,1.,0.707106781186548,1.,0.707106781186548,1.),(1.,
0.707106781186548,1.,0.707106781186548,1.,0.707106781186548,1.,0.707106781186548,
1.),(1.,0.707106781186548,1.,0.707106781186548,1.,0.707106781186548,1.,
0.707106781186548,1.),(1.,0.707106781186548,1.,0.707106781186548,1.,0.707106781186548,
1.,0.707106781186548,1.),(1.,0.707106781186548,1.,0.707106781186548,1.,
0.707106781186548,1.,0.707106781186548,1.),(1.,0.707106781186548,1.,0.707106781186548,
1.,0.707106781186548,1.,0.707106781186548,1.),(1.,0.707106781186548,1.,
0.707106781186548,1.,0.707106781186548,1.,0.707106781186548,1.),(1.,0.707106781186548,
1.,0.707106781186548,1.,0.707106781186548,1.,0.707106781186548,1.),(1.,
0.707106781186548,1.,0.707106781186548,1.,0.707106781186548,1.,0.707106781186548,
1.),(1.,0.707106781186548,1.,0.707106781186548,1.,0.707106781186548,1.,
0.707106781186548,1.),(1.,0.707106781186548,1.,0.707106781186548,1.,0.707106781186548,
1.,0.707106781186548,1.),(1.,0.707106781186548,1.,0.707106781186548,1.,
0.707106781186548,1.,0.707106781186548,1.),(1.,0.707106781186548,1.,0.707106781186548,
1.,0.707106781186548,1.,0.707106781186548,1.),(1.,0.707106781186548,1.,
0.707106781186548,1.,0.707106781186548,1.,0.707106781186548,1.),(1.,0.707106781186548,
1.,0.707106781186548,1.,0.707106781186548,1.,0.707106781186548,1.),(1.,
0.707106781186548,1.,0.707106781186548,1.,0.707106781186548,1.,0.707106781186548,
1.),(1.,0.707106781186548,1.,0.707106781186548,1.,0.707106781186548,1.,
0.707106781186548,1.),(1.,0.707106781186548,1.,0.707106781186548,1.,0.707106781186548,
1.,0.707106781186548,1.),(1.,0.707106781186548,1.,0.707106781186548,1.,
0.707106781186548,1.,0.707106781186548,1.),(1.,0.707106781186548,1.,0.707106781186548,
1.,0.707106781186548,1.,0.707106781186548,1.),(1.,0.707106781186548,1.,
0.707106781186548,1.,0.707106781186548,1.,0.707106781186548,1.),(1.,0.707106781186548,
1.,0.707106781186548,1.,0.707106781186548,1.,0.707106781186548,1.),(1.,
0.707106781186548,1.,0.707106781186548,1.,0.707106781186548,1.,0.707106781186548,
1.),(1.,0.707106781186548,1.,0.707106781186548,1.,0.707106781186548,1.,
0.707106781186548,1.),(1.,0.707106781186548,1.,0.707106781186548,1.,0.707106781186548,
1.,0.707106781186548,1.),(1.,0.707106781186548,1.,0.707106781186548,1.,
0.707106781186548,1.,0.707106781186548,1.),(1.,0.707106781186548,1.,0.707106781186548,
1.,0.707106781186548,1.,0.707106781186548,1.),(1.,0.707106781186548,1.,
0.707106781186548,1.,0.707106781186548,1.,0.707106781186548,1.),(1.,0.707106781186548,
1.,0.707106781186548,1.,0.707106781186548,1.,0.707106781186548,1.),(1.,
0.707106781186548,1.,0.707106781186548,1.,0.707106781186548,1.,0.707106781186548,
1.),(1.,0.707106781186548,1.,0.707106781186548,1.,0.707106781186548,1.,
0.707106781186548,1.),(1.,0.707106781186548,1.,0.707106781186548,1.,0.707106781186548,
1.,0.707106781186548,1.),(1.,0.707106781186548,1.,0.707106781186548,1.,
0.707106781186548,1.,0.707106781186548,1.),(1.,0.707106781186548,1.,0.707106781186548,
1.,0.707106781186548,1.,0.707106781186548,1.),(1.,0.707106781186548,1.,
0.707106781186548,1.,0.707106781186548,1.,0.707106781186548,1.),(1.,0.707106781186548,
1.,0.707106781186548,1.,0.707106781186548,1.,0.707106781186548,1.),(1.,
0.707106781186548,1.,0.707106781186548,1.,0.707106781186548,1.,0.707106781186548,
1.),(1.,0.707106781186548,1.,0.707106781186548,1.,0.707106781186548,1.,
0.707106781186548,1.),(1.,0.707106781186548,1.,0.707106781186548,1.,0.707106781186548,
1.,0.707106781186548,1.),(1.,0.707106781186548,1.,0.707106781186548,1.,
0.707106781186548,1.,0.707106781186548,1.),(1.,0.707106781186548,1.,0.707106781186548,
1.,0.707106781186548,1.,0.707106781186548,1.),(1.,0.707106781186548,1.,
0.707106781186548,1.,0.707106781186548,1.,0.707106781186548,1.),(1.,0.707106781186548,
1.,0.707106781186548,1.,0.707106781186548,1.,0.707106781186548,1.),(1.,
0.707106781186548,1.,0.707106781186548,1.,0.707106781186548,1.,0.707106781186548,
1.),(1.,0.707106781186548,1.,0.707106781186548,1.,0.707106781186548,1.,
0.707106781186548,1.)))
REPRESENTATION_ITEM('')
SURFACE()
);
#36=(
BOUNDED_SURFACE()
B_SPLINE_SURFACE(5,2,((#1404,#1405,#1406,#1407,#1408,#1409,#1410,#1411,
#1412),(#1413,#1414,#1415,#1416,#1417,#1418,#1419,#1420,#1421),(#1422,#1423,
#1424,#1425,#1426,#1427,#1428,#1429,#1430),(#1431,#1432,#1433,#1434,#1435,
#1436,#1437,#1438,#1439),(#1440,#1441,#1442,#1443,#1444,#1445,#1446,#1447,
#1448),(#1449,#1450,#1451,#1452,#1453,#1454,#1455,#1456,#1457),(#1458,#1459,
#1460,#1461,#1462,#1463,#1464,#1465,#1466),(#1467,#1468,#1469,#1470,#1471,
#1472,#1473,#1474,#1475),(#1476,#1477,#1478,#1479,#1480,#1481,#1482,#1483,
#1484),(#1485,#1486,#1487,#1488,#1489,#1490,#1491,#1492,#1493),(#1494,#1495,
#1496,#1497,#1498,#1499,#1500,#1501,#1502),(#1503,#1504,#1505,#1506,#1507,
#1508,#1509,#1510,#1511),(#1512,#1513,#1514,#1515,#1516,#1517,#1518,#1519,
#1520),(#1521,#1522,#1523,#1524,#1525,#1526,#1527,#1528,#1529),(#1530,#1531,
#1532,#1533,#1534,#1535,#1536,#1537,#1538),(#1539,#1540,#1541,#1542,#1543,
#1544,#1545,#1546,#1547),(#1548,#1549,#1550,#1551,#1552,#1553,#1554,#1555,
#1556),(#1557,#1558,#1559,#1560,#1561,#1562,#1563,#1564,#1565),(#1566,#1567,
#1568,#1569,#1570,#1571,#1572,#1573,#1574),(#1575,#1576,#1577,#1578,#1579,
#1580,#1581,#1582,#1583),(#1584,#1585,#1586,#1587,#1588,#1589,#1590,#1591,
#1592),(#1593,#1594,#1595,#1596,#1597,#1598,#1599,#1600,#1601),(#1602,#1603,
#1604,#1605,#1606,#1607,#1608,#1609,#1610),(#1611,#1612,#1613,#1614,#1615,
#1616,#1617,#1618,#1619),(#1620,#1621,#1622,#1623,#1624,#1625,#1626,#1627,
#1628),(#1629,#1630,#1631,#1632,#1633,#1634,#1635,#1636,#1637),(#1638,#1639,
#1640,#1641,#1642,#1643,#1644,#1645,#1646),(#1647,#1648,#1649,#1650,#1651,
#1652,#1653,#1654,#1655),(#1656,#1657,#1658,#1659,#1660,#1661,#1662,#1663,
#1664),(#1665,#1666,#1667,#1668,#1669,#1670,#1671,#1672,#1673),(#1674,#1675,
#1676,#1677,#1678,#1679,#1680,#1681,#1682),(#1683,#1684,#1685,#1686,#1687,
#1688,#1689,#1690,#1691),(#1692,#1693,#1694,#1695,#1696,#1697,#1698,#1699,
#1700),(#1701,#1702,#1703,#1704,#1705,#1706,#1707,#1708,#1709),(#1710,#1711,
#1712,#1713,#1714,#1715,#1716,#1717,#1718),(#1719,#1720,#1721,#1722,#1723,
#1724,#1725,#1726,#1727),(#1728,#1729,#1730,#1731,#1732,#1733,#1734,#1735,
#1736),(#1737,#1738,#1739,#1740,#1741,#1742,#1743,#1744,#1745),(#1746,#1747,
#1748,#1749,#1750,#1751,#1752,#1753,#1754),(#1755,#1756,#1757,#1758,#1759,
#1760,#1761,#1762,#1763),(#1764,#1765,#1766,#1767,#1768,#1769,#1770,#1771,
#1772),(#1773,#1774,#1775,#1776,#1777,#1778,#1779,#1780,#1781),(#1782,#1783,
#1784,#1785,#1786,#1787,#1788,#1789,#1790),(#1791,#1792,#1793,#1794,#1795,
#1796,#1797,#1798,#1799),(#1800,#1801,#1802,#1803,#1804,#1805,#1806,#1807,
#1808),(#1809,#1810,#1811,#1812,#1813,#1814,#1815,#1816,#1817),(#1818,#1819,
#1820,#1821,#1822,#1823,#1824,#1825,#1826),(#1827,#1828,#1829,#1830,#1831,
#1832,#1833,#1834,#1835),(#1836,#1837,#1838,#1839,#1840,#1841,#1842,#1843,
#1844),(#1845,#1846,#1847,#1848,#1849,#1850,#1851,#1852,#1853),(#1854,#1855,
#1856,#1857,#1858,#1859,#1860,#1861,#1862),(#1863,#1864,#1865,#1866,#1867,
#1868,#1869,#1870,#1871),(#1872,#1873,#1874,#1875,#1876,#1877,#1878,#1879,
#1880),(#1881,#1882,#1883,#1884,#1885,#1886,#1887,#1888,#1889),(#1890,#1891,
#1892,#1893,#1894,#1895,#1896,#1897,#1898)),.UNSPECIFIED.,.F.,.T.,.F.)
B_SPLINE_SURFACE_WITH_KNOTS((6,1,1,1,1,1,1,1,1,1,1,1,1,1,1,1,1,1,1,1,1,
1,1,1,1,1,1,1,1,1,1,1,1,1,1,1,1,1,1,1,1,1,1,1,1,1,1,1,1,1,6),(3,2,2,2,3),
(0.,0.02,0.04,0.06,0.08,0.1,0.12,0.14,0.16,0.18,0.2,0.22,0.24,0.26,0.28,
0.3,0.32,0.34,0.36,0.38,0.4,0.42,0.44,0.46,0.48,0.5,0.52,0.54,0.56,0.58,
0.6,0.62,0.64,0.66,0.68,0.7,0.72,0.74,0.76,0.78,0.8,0.82,0.84,0.86,0.88,
0.9,0.92,0.940000000000001,0.960000000000001,0.980000000000001,1.),(0.,
1.5707963267949,3.14159265358979,4.71238898038469,6.28318530717959),
 .UNSPECIFIED.)
GEOMETRIC_REPRESENTATION_ITEM()
RATIONAL_B_SPLINE_SURFACE(((1.,0.707106781186548,1.,0.707106781186548,1.,
0.707106781186548,1.,0.707106781186548,1.),(1.,0.707106781186548,1.,0.707106781186548,
1.,0.707106781186548,1.,0.707106781186548,1.),(1.,0.707106781186548,1.,
0.707106781186548,1.,0.707106781186548,1.,0.707106781186548,1.),(1.,0.707106781186548,
1.,0.707106781186548,1.,0.707106781186548,1.,0.707106781186548,1.),(1.,
0.707106781186548,1.,0.707106781186548,1.,0.707106781186548,1.,0.707106781186548,
1.),(1.,0.707106781186548,1.,0.707106781186548,1.,0.707106781186548,1.,
0.707106781186548,1.),(1.,0.707106781186548,1.,0.707106781186548,1.,0.707106781186548,
1.,0.707106781186548,1.),(1.,0.707106781186548,1.,0.707106781186548,1.,
0.707106781186548,1.,0.707106781186548,1.),(1.,0.707106781186548,1.,0.707106781186548,
1.,0.707106781186548,1.,0.707106781186548,1.),(1.,0.707106781186548,1.,
0.707106781186548,1.,0.707106781186548,1.,0.707106781186548,1.),(1.,0.707106781186548,
1.,0.707106781186548,1.,0.707106781186548,1.,0.707106781186548,1.),(1.,
0.707106781186548,1.,0.707106781186548,1.,0.707106781186548,1.,0.707106781186548,
1.),(1.,0.707106781186548,1.,0.707106781186548,1.,0.707106781186548,1.,
0.707106781186548,1.),(1.,0.707106781186548,1.,0.707106781186548,1.,0.707106781186548,
1.,0.707106781186548,1.),(1.,0.707106781186548,1.,0.707106781186548,1.,
0.707106781186548,1.,0.707106781186548,1.),(1.,0.707106781186548,1.,0.707106781186548,
1.,0.707106781186548,1.,0.707106781186548,1.),(1.,0.707106781186548,1.,
0.707106781186548,1.,0.707106781186548,1.,0.707106781186548,1.),(1.,0.707106781186548,
1.,0.707106781186548,1.,0.707106781186548,1.,0.707106781186548,1.),(1.,
0.707106781186548,1.,0.707106781186548,1.,0.707106781186548,1.,0.707106781186548,
1.),(1.,0.707106781186548,1.,0.707106781186548,1.,0.707106781186548,1.,
0.707106781186548,1.),(1.,0.707106781186548,1.,0.707106781186548,1.,0.707106781186548,
1.,0.707106781186548,1.),(1.,0.707106781186548,1.,0.707106781186548,1.,
0.707106781186548,1.,0.707106781186548,1.),(1.,0.707106781186548,1.,0.707106781186548,
1.,0.707106781186548,1.,0.707106781186548,1.),(1.,0.707106781186548,1.,
0.707106781186548,1.,0.707106781186548,1.,0.707106781186548,1.),(1.,0.707106781186548,
1.,0.707106781186548,1.,0.707106781186548,1.,0.707106781186548,1.),(1.,
0.707106781186548,1.,0.707106781186548,1.,0.707106781186548,1.,0.707106781186548,
1.),(1.,0.707106781186548,1.,0.707106781186548,1.,0.707106781186548,1.,
0.707106781186548,1.),(1.,0.707106781186548,1.,0.707106781186548,1.,0.707106781186548,
1.,0.707106781186548,1.),(1.,0.707106781186548,1.,0.707106781186548,1.,
0.707106781186548,1.,0.707106781186548,1.),(1.,0.707106781186548,1.,0.707106781186548,
1.,0.707106781186548,1.,0.707106781186548,1.),(1.,0.707106781186548,1.,
0.707106781186548,1.,0.707106781186548,1.,0.707106781186548,1.),(1.,0.707106781186548,
1.,0.707106781186548,1.,0.707106781186548,1.,0.707106781186548,1.),(1.,
0.707106781186548,1.,0.707106781186548,1.,0.707106781186548,1.,0.707106781186548,
1.),(1.,0.707106781186548,1.,0.707106781186548,1.,0.707106781186548,1.,
0.707106781186548,1.),(1.,0.707106781186548,1.,0.707106781186548,1.,0.707106781186548,
1.,0.707106781186548,1.),(1.,0.707106781186548,1.,0.707106781186548,1.,
0.707106781186548,1.,0.707106781186548,1.),(1.,0.707106781186548,1.,0.707106781186548,
1.,0.707106781186548,1.,0.707106781186548,1.),(1.,0.707106781186548,1.,
0.707106781186548,1.,0.707106781186548,1.,0.707106781186548,1.),(1.,0.707106781186548,
1.,0.707106781186548,1.,0.707106781186548,1.,0.707106781186548,1.),(1.,
0.707106781186548,1.,0.707106781186548,1.,0.707106781186548,1.,0.707106781186548,
1.),(1.,0.707106781186548,1.,0.707106781186548,1.,0.707106781186548,1.,
0.707106781186548,1.),(1.,0.707106781186548,1.,0.707106781186548,1.,0.707106781186548,
1.,0.707106781186548,1.),(1.,0.707106781186548,1.,0.707106781186548,1.,
0.707106781186548,1.,0.707106781186548,1.),(1.,0.707106781186548,1.,0.707106781186548,
1.,0.707106781186548,1.,0.707106781186548,1.),(1.,0.707106781186548,1.,
0.707106781186548,1.,0.707106781186548,1.,0.707106781186548,1.),(1.,0.707106781186548,
1.,0.707106781186548,1.,0.707106781186548,1.,0.707106781186548,1.),(1.,
0.707106781186548,1.,0.707106781186548,1.,0.707106781186548,1.,0.707106781186548,
1.),(1.,0.707106781186548,1.,0.707106781186548,1.,0.707106781186548,1.,
0.707106781186548,1.),(1.,0.707106781186548,1.,0.707106781186548,1.,0.707106781186548,
1.,0.707106781186548,1.),(1.,0.707106781186548,1.,0.707106781186548,1.,
0.707106781186548,1.,0.707106781186548,1.),(1.,0.707106781186548,1.,0.707106781186548,
1.,0.707106781186548,1.,0.707106781186548,1.),(1.,0.707106781186548,1.,
0.707106781186548,1.,0.707106781186548,1.,0.707106781186548,1.),(1.,0.707106781186548,
1.,0.707106781186548,1.,0.707106781186548,1.,0.707106781186548,1.),(1.,
0.707106781186548,1.,0.707106781186548,1.,0.707106781186548,1.,0.707106781186548,
1.),(1.,0.707106781186548,1.,0.707106781186548,1.,0.707106781186548,1.,
0.707106781186548,1.)))
REPRESENTATION_ITEM('')
SURFACE()
);
#37=(
BOUNDED_SURFACE()
B_SPLINE_SURFACE(5,2,((#1956,#1957,#1958,#1959,#1960,#1961,#1962,#1963,
#1964),(#1965,#1966,#1967,#1968,#1969,#1970,#1971,#1972,#1973),(#1974,#1975,
#1976,#1977,#1978,#1979,#1980,#1981,#1982),(#1983,#1984,#1985,#1986,#1987,
#1988,#1989,#1990,#1991),(#1992,#1993,#1994,#1995,#1996,#1997,#1998,#1999,
#2000),(#2001,#2002,#2003,#2004,#2005,#2006,#2007,#2008,#2009),(#2010,#2011,
#2012,#2013,#2014,#2015,#2016,#2017,#2018),(#2019,#2020,#2021,#2022,#2023,
#2024,#2025,#2026,#2027),(#2028,#2029,#2030,#2031,#2032,#2033,#2034,#2035,
#2036),(#2037,#2038,#2039,#2040,#2041,#2042,#2043,#2044,#2045),(#2046,#2047,
#2048,#2049,#2050,#2051,#2052,#2053,#2054),(#2055,#2056,#2057,#2058,#2059,
#2060,#2061,#2062,#2063),(#2064,#2065,#2066,#2067,#2068,#2069,#2070,#2071,
#2072),(#2073,#2074,#2075,#2076,#2077,#2078,#2079,#2080,#2081),(#2082,#2083,
#2084,#2085,#2086,#2087,#2088,#2089,#2090),(#2091,#2092,#2093,#2094,#2095,
#2096,#2097,#2098,#2099),(#2100,#2101,#2102,#2103,#2104,#2105,#2106,#2107,
#2108),(#2109,#2110,#2111,#2112,#2113,#2114,#2115,#2116,#2117),(#2118,#2119,
#2120,#2121,#2122,#2123,#2124,#2125,#2126),(#2127,#2128,#2129,#2130,#2131,
#2132,#2133,#2134,#2135),(#2136,#2137,#2138,#2139,#2140,#2141,#2142,#2143,
#2144),(#2145,#2146,#2147,#2148,#2149,#2150,#2151,#2152,#2153),(#2154,#2155,
#2156,#2157,#2158,#2159,#2160,#2161,#2162),(#2163,#2164,#2165,#2166,#2167,
#2168,#2169,#2170,#2171),(#2172,#2173,#2174,#2175,#2176,#2177,#2178,#2179,
#2180),(#2181,#2182,#2183,#2184,#2185,#2186,#2187,#2188,#2189),(#2190,#2191,
#2192,#2193,#2194,#2195,#2196,#2197,#2198),(#2199,#2200,#2201,#2202,#2203,
#2204,#2205,#2206,#2207),(#2208,#2209,#2210,#2211,#2212,#2213,#2214,#2215,
#2216),(#2217,#2218,#2219,#2220,#2221,#2222,#2223,#2224,#2225),(#2226,#2227,
#2228,#2229,#2230,#2231,#2232,#2233,#2234),(#2235,#2236,#2237,#2238,#2239,
#2240,#2241,#2242,#2243),(#2244,#2245,#2246,#2247,#2248,#2249,#2250,#2251,
#2252),(#2253,#2254,#2255,#2256,#2257,#2258,#2259,#2260,#2261),(#2262,#2263,
#2264,#2265,#2266,#2267,#2268,#2269,#2270),(#2271,#2272,#2273,#2274,#2275,
#2276,#2277,#2278,#2279),(#2280,#2281,#2282,#2283,#2284,#2285,#2286,#2287,
#2288),(#2289,#2290,#2291,#2292,#2293,#2294,#2295,#2296,#2297),(#2298,#2299,
#2300,#2301,#2302,#2303,#2304,#2305,#2306),(#2307,#2308,#2309,#2310,#2311,
#2312,#2313,#2314,#2315),(#2316,#2317,#2318,#2319,#2320,#2321,#2322,#2323,
#2324),(#2325,#2326,#2327,#2328,#2329,#2330,#2331,#2332,#2333),(#2334,#2335,
#2336,#2337,#2338,#2339,#2340,#2341,#2342),(#2343,#2344,#2345,#2346,#2347,
#2348,#2349,#2350,#2351),(#2352,#2353,#2354,#2355,#2356,#2357,#2358,#2359,
#2360),(#2361,#2362,#2363,#2364,#2365,#2366,#2367,#2368,#2369),(#2370,#2371,
#2372,#2373,#2374,#2375,#2376,#2377,#2378),(#2379,#2380,#2381,#2382,#2383,
#2384,#2385,#2386,#2387),(#2388,#2389,#2390,#2391,#2392,#2393,#2394,#2395,
#2396),(#2397,#2398,#2399,#2400,#2401,#2402,#2403,#2404,#2405),(#2406,#2407,
#2408,#2409,#2410,#2411,#2412,#2413,#2414),(#2415,#2416,#2417,#2418,#2419,
#2420,#2421,#2422,#2423),(#2424,#2425,#2426,#2427,#2428,#2429,#2430,#2431,
#2432),(#2433,#2434,#2435,#2436,#2437,#2438,#2439,#2440,#2441),(#2442,#2443,
#2444,#2445,#2446,#2447,#2448,#2449,#2450)),.UNSPECIFIED.,.F.,.T.,.F.)
B_SPLINE_SURFACE_WITH_KNOTS((6,1,1,1,1,1,1,1,1,1,1,1,1,1,1,1,1,1,1,1,1,
1,1,1,1,1,1,1,1,1,1,1,1,1,1,1,1,1,1,1,1,1,1,1,1,1,1,1,1,1,6),(3,2,2,2,3),
(0.,0.02,0.04,0.06,0.08,0.1,0.12,0.14,0.16,0.18,0.2,0.22,0.24,0.26,0.28,
0.3,0.32,0.34,0.36,0.38,0.4,0.42,0.44,0.46,0.48,0.5,0.52,0.54,0.56,0.58,
0.6,0.62,0.64,0.66,0.68,0.7,0.72,0.74,0.76,0.78,0.8,0.82,0.84,0.86,0.88,
0.9,0.92,0.940000000000001,0.960000000000001,0.980000000000001,1.),(0.,
1.5707963267949,3.14159265358979,4.71238898038469,6.28318530717959),
 .UNSPECIFIED.)
GEOMETRIC_REPRESENTATION_ITEM()
RATIONAL_B_SPLINE_SURFACE(((1.,0.707106781186548,1.,0.707106781186548,1.,
0.707106781186548,1.,0.707106781186548,1.),(1.,0.707106781186548,1.,0.707106781186548,
1.,0.707106781186548,1.,0.707106781186548,1.),(1.,0.707106781186548,1.,
0.707106781186548,1.,0.707106781186548,1.,0.707106781186548,1.),(1.,0.707106781186548,
1.,0.707106781186548,1.,0.707106781186548,1.,0.707106781186548,1.),(1.,
0.707106781186548,1.,0.707106781186548,1.,0.707106781186548,1.,0.707106781186548,
1.),(1.,0.707106781186548,1.,0.707106781186548,1.,0.707106781186548,1.,
0.707106781186548,1.),(1.,0.707106781186548,1.,0.707106781186548,1.,0.707106781186548,
1.,0.707106781186548,1.),(1.,0.707106781186548,1.,0.707106781186548,1.,
0.707106781186548,1.,0.707106781186548,1.),(1.,0.707106781186548,1.,0.707106781186548,
1.,0.707106781186548,1.,0.707106781186548,1.),(1.,0.707106781186548,1.,
0.707106781186548,1.,0.707106781186548,1.,0.707106781186548,1.),(1.,0.707106781186548,
1.,0.707106781186548,1.,0.707106781186548,1.,0.707106781186548,1.),(1.,
0.707106781186548,1.,0.707106781186548,1.,0.707106781186548,1.,0.707106781186548,
1.),(1.,0.707106781186548,1.,0.707106781186548,1.,0.707106781186548,1.,
0.707106781186548,1.),(1.,0.707106781186548,1.,0.707106781186548,1.,0.707106781186548,
1.,0.707106781186548,1.),(1.,0.707106781186548,1.,0.707106781186548,1.,
0.707106781186548,1.,0.707106781186548,1.),(1.,0.707106781186548,1.,0.707106781186548,
1.,0.707106781186548,1.,0.707106781186548,1.),(1.,0.707106781186548,1.,
0.707106781186548,1.,0.707106781186548,1.,0.707106781186548,1.),(1.,0.707106781186548,
1.,0.707106781186548,1.,0.707106781186548,1.,0.707106781186548,1.),(1.,
0.707106781186548,1.,0.707106781186548,1.,0.707106781186548,1.,0.707106781186548,
1.),(1.,0.707106781186548,1.,0.707106781186548,1.,0.707106781186548,1.,
0.707106781186548,1.),(1.,0.707106781186548,1.,0.707106781186548,1.,0.707106781186548,
1.,0.707106781186548,1.),(1.,0.707106781186548,1.,0.707106781186548,1.,
0.707106781186548,1.,0.707106781186548,1.),(1.,0.707106781186548,1.,0.707106781186548,
1.,0.707106781186548,1.,0.707106781186548,1.),(1.,0.707106781186548,1.,
0.707106781186548,1.,0.707106781186548,1.,0.707106781186548,1.),(1.,0.707106781186548,
1.,0.707106781186548,1.,0.707106781186548,1.,0.707106781186548,1.),(1.,
0.707106781186548,1.,0.707106781186548,1.,0.707106781186548,1.,0.707106781186548,
1.),(1.,0.707106781186548,1.,0.707106781186548,1.,0.707106781186548,1.,
0.707106781186548,1.),(1.,0.707106781186548,1.,0.707106781186548,1.,0.707106781186548,
1.,0.707106781186548,1.),(1.,0.707106781186548,1.,0.707106781186548,1.,
0.707106781186548,1.,0.707106781186548,1.),(1.,0.707106781186548,1.,0.707106781186548,
1.,0.707106781186548,1.,0.707106781186548,1.),(1.,0.707106781186548,1.,
0.707106781186548,1.,0.707106781186548,1.,0.707106781186548,1.),(1.,0.707106781186548,
1.,0.707106781186548,1.,0.707106781186548,1.,0.707106781186548,1.),(1.,
0.707106781186548,1.,0.707106781186548,1.,0.707106781186548,1.,0.707106781186548,
1.),(1.,0.707106781186548,1.,0.707106781186548,1.,0.707106781186548,1.,
0.707106781186548,1.),(1.,0.707106781186548,1.,0.707106781186548,1.,0.707106781186548,
1.,0.707106781186548,1.),(1.,0.707106781186548,1.,0.707106781186548,1.,
0.707106781186548,1.,0.707106781186548,1.),(1.,0.707106781186548,1.,0.707106781186548,
1.,0.707106781186548,1.,0.707106781186548,1.),(1.,0.707106781186548,1.,
0.707106781186548,1.,0.707106781186548,1.,0.707106781186548,1.),(1.,0.707106781186548,
1.,0.707106781186548,1.,0.707106781186548,1.,0.707106781186548,1.),(1.,
0.707106781186548,1.,0.707106781186548,1.,0.707106781186548,1.,0.707106781186548,
1.),(1.,0.707106781186548,1.,0.707106781186548,1.,0.707106781186548,1.,
0.707106781186548,1.),(1.,0.707106781186548,1.,0.707106781186548,1.,0.707106781186548,
1.,0.707106781186548,1.),(1.,0.707106781186548,1.,0.707106781186548,1.,
0.707106781186548,1.,0.707106781186548,1.),(1.,0.707106781186548,1.,0.707106781186548,
1.,0.707106781186548,1.,0.707106781186548,1.),(1.,0.707106781186548,1.,
0.707106781186548,1.,0.707106781186548,1.,0.707106781186548,1.),(1.,0.707106781186548,
1.,0.707106781186548,1.,0.707106781186548,1.,0.707106781186548,1.),(1.,
0.707106781186548,1.,0.707106781186548,1.,0.707106781186548,1.,0.707106781186548,
1.),(1.,0.707106781186548,1.,0.707106781186548,1.,0.707106781186548,1.,
0.707106781186548,1.),(1.,0.707106781186548,1.,0.707106781186548,1.,0.707106781186548,
1.,0.707106781186548,1.),(1.,0.707106781186548,1.,0.707106781186548,1.,
0.707106781186548,1.,0.707106781186548,1.),(1.,0.707106781186548,1.,0.707106781186548,
1.,0.707106781186548,1.,0.707106781186548,1.),(1.,0.707106781186548,1.,
0.707106781186548,1.,0.707106781186548,1.,0.707106781186548,1.),(1.,0.707106781186548,
1.,0.707106781186548,1.,0.707106781186548,1.,0.707106781186548,1.),(1.,
0.707106781186548,1.,0.707106781186548,1.,0.707106781186548,1.,0.707106781186548,
1.),(1.,0.707106781186548,1.,0.707106781186548,1.,0.707106781186548,1.,
0.707106781186548,1.)))
REPRESENTATION_ITEM('')
SURFACE()
);
#38=(
BOUNDED_SURFACE()
B_SPLINE_SURFACE(5,2,((#2508,#2509,#2510,#2511,#2512,#2513,#2514,#2515,
#2516),(#2517,#2518,#2519,#2520,#2521,#2522,#2523,#2524,#2525),(#2526,#2527,
#2528,#2529,#2530,#2531,#2532,#2533,#2534),(#2535,#2536,#2537,#2538,#2539,
#2540,#2541,#2542,#2543),(#2544,#2545,#2546,#2547,#2548,#2549,#2550,#2551,
#2552),(#2553,#2554,#2555,#2556,#2557,#2558,#2559,#2560,#2561),(#2562,#2563,
#2564,#2565,#2566,#2567,#2568,#2569,#2570),(#2571,#2572,#2573,#2574,#2575,
#2576,#2577,#2578,#2579),(#2580,#2581,#2582,#2583,#2584,#2585,#2586,#2587,
#2588),(#2589,#2590,#2591,#2592,#2593,#2594,#2595,#2596,#2597),(#2598,#2599,
#2600,#2601,#2602,#2603,#2604,#2605,#2606),(#2607,#2608,#2609,#2610,#2611,
#2612,#2613,#2614,#2615),(#2616,#2617,#2618,#2619,#2620,#2621,#2622,#2623,
#2624),(#2625,#2626,#2627,#2628,#2629,#2630,#2631,#2632,#2633),(#2634,#2635,
#2636,#2637,#2638,#2639,#2640,#2641,#2642),(#2643,#2644,#2645,#2646,#2647,
#2648,#2649,#2650,#2651),(#2652,#2653,#2654,#2655,#2656,#2657,#2658,#2659,
#2660),(#2661,#2662,#2663,#2664,#2665,#2666,#2667,#2668,#2669),(#2670,#2671,
#2672,#2673,#2674,#2675,#2676,#2677,#2678),(#2679,#2680,#2681,#2682,#2683,
#2684,#2685,#2686,#2687),(#2688,#2689,#2690,#2691,#2692,#2693,#2694,#2695,
#2696),(#2697,#2698,#2699,#2700,#2701,#2702,#2703,#2704,#2705),(#2706,#2707,
#2708,#2709,#2710,#2711,#2712,#2713,#2714),(#2715,#2716,#2717,#2718,#2719,
#2720,#2721,#2722,#2723),(#2724,#2725,#2726,#2727,#2728,#2729,#2730,#2731,
#2732),(#2733,#2734,#2735,#2736,#2737,#2738,#2739,#2740,#2741),(#2742,#2743,
#2744,#2745,#2746,#2747,#2748,#2749,#2750),(#2751,#2752,#2753,#2754,#2755,
#2756,#2757,#2758,#2759),(#2760,#2761,#2762,#2763,#2764,#2765,#2766,#2767,
#2768),(#2769,#2770,#2771,#2772,#2773,#2774,#2775,#2776,#2777),(#2778,#2779,
#2780,#2781,#2782,#2783,#2784,#2785,#2786),(#2787,#2788,#2789,#2790,#2791,
#2792,#2793,#2794,#2795),(#2796,#2797,#2798,#2799,#2800,#2801,#2802,#2803,
#2804),(#2805,#2806,#2807,#2808,#2809,#2810,#2811,#2812,#2813),(#2814,#2815,
#2816,#2817,#2818,#2819,#2820,#2821,#2822),(#2823,#2824,#2825,#2826,#2827,
#2828,#2829,#2830,#2831),(#2832,#2833,#2834,#2835,#2836,#2837,#2838,#2839,
#2840),(#2841,#2842,#2843,#2844,#2845,#2846,#2847,#2848,#2849),(#2850,#2851,
#2852,#2853,#2854,#2855,#2856,#2857,#2858),(#2859,#2860,#2861,#2862,#2863,
#2864,#2865,#2866,#2867),(#2868,#2869,#2870,#2871,#2872,#2873,#2874,#2875,
#2876),(#2877,#2878,#2879,#2880,#2881,#2882,#2883,#2884,#2885),(#2886,#2887,
#2888,#2889,#2890,#2891,#2892,#2893,#2894),(#2895,#2896,#2897,#2898,#2899,
#2900,#2901,#2902,#2903),(#2904,#2905,#2906,#2907,#2908,#2909,#2910,#2911,
#2912),(#2913,#2914,#2915,#2916,#2917,#2918,#2919,#2920,#2921),(#2922,#2923,
#2924,#2925,#2926,#2927,#2928,#2929,#2930),(#2931,#2932,#2933,#2934,#2935,
#2936,#2937,#2938,#2939),(#2940,#2941,#2942,#2943,#2944,#2945,#2946,#2947,
#2948),(#2949,#2950,#2951,#2952,#2953,#2954,#2955,#2956,#2957),(#2958,#2959,
#2960,#2961,#2962,#2963,#2964,#2965,#2966),(#2967,#2968,#2969,#2970,#2971,
#2972,#2973,#2974,#2975),(#2976,#2977,#2978,#2979,#2980,#2981,#2982,#2983,
#2984),(#2985,#2986,#2987,#2988,#2989,#2990,#2991,#2992,#2993),(#2994,#2995,
#2996,#2997,#2998,#2999,#3000,#3001,#3002)),.UNSPECIFIED.,.F.,.T.,.F.)
B_SPLINE_SURFACE_WITH_KNOTS((6,1,1,1,1,1,1,1,1,1,1,1,1,1,1,1,1,1,1,1,1,
1,1,1,1,1,1,1,1,1,1,1,1,1,1,1,1,1,1,1,1,1,1,1,1,1,1,1,1,1,6),(3,2,2,2,3),
(0.,0.02,0.04,0.06,0.08,0.1,0.12,0.14,0.16,0.18,0.2,0.22,0.24,0.26,0.28,
0.3,0.32,0.34,0.36,0.38,0.4,0.42,0.44,0.46,0.48,0.5,0.52,0.54,0.56,0.58,
0.6,0.62,0.64,0.66,0.68,0.7,0.72,0.74,0.76,0.78,0.8,0.82,0.84,0.86,0.88,
0.9,0.92,0.940000000000001,0.960000000000001,0.980000000000001,1.),(0.,
1.5707963267949,3.14159265358979,4.71238898038469,6.28318530717959),
 .UNSPECIFIED.)
GEOMETRIC_REPRESENTATION_ITEM()
RATIONAL_B_SPLINE_SURFACE(((1.,0.707106781186548,1.,0.707106781186548,1.,
0.707106781186548,1.,0.707106781186548,1.),(1.,0.707106781186548,1.,0.707106781186548,
1.,0.707106781186548,1.,0.707106781186548,1.),(1.,0.707106781186548,1.,
0.707106781186548,1.,0.707106781186548,1.,0.707106781186548,1.),(1.,0.707106781186548,
1.,0.707106781186548,1.,0.707106781186548,1.,0.707106781186548,1.),(1.,
0.707106781186548,1.,0.707106781186548,1.,0.707106781186548,1.,0.707106781186548,
1.),(1.,0.707106781186548,1.,0.707106781186548,1.,0.707106781186548,1.,
0.707106781186548,1.),(1.,0.707106781186548,1.,0.707106781186548,1.,0.707106781186548,
1.,0.707106781186548,1.),(1.,0.707106781186548,1.,0.707106781186548,1.,
0.707106781186548,1.,0.707106781186548,1.),(1.,0.707106781186548,1.,0.707106781186548,
1.,0.707106781186548,1.,0.707106781186548,1.),(1.,0.707106781186548,1.,
0.707106781186548,1.,0.707106781186548,1.,0.707106781186548,1.),(1.,0.707106781186548,
1.,0.707106781186548,1.,0.707106781186548,1.,0.707106781186548,1.),(1.,
0.707106781186548,1.,0.707106781186548,1.,0.707106781186548,1.,0.707106781186548,
1.),(1.,0.707106781186548,1.,0.707106781186548,1.,0.707106781186548,1.,
0.707106781186548,1.),(1.,0.707106781186548,1.,0.707106781186548,1.,0.707106781186548,
1.,0.707106781186548,1.),(1.,0.707106781186548,1.,0.707106781186548,1.,
0.707106781186548,1.,0.707106781186548,1.),(1.,0.707106781186548,1.,0.707106781186548,
1.,0.707106781186548,1.,0.707106781186548,1.),(1.,0.707106781186548,1.,
0.707106781186548,1.,0.707106781186548,1.,0.707106781186548,1.),(1.,0.707106781186548,
1.,0.707106781186548,1.,0.707106781186548,1.,0.707106781186548,1.),(1.,
0.707106781186548,1.,0.707106781186548,1.,0.707106781186548,1.,0.707106781186548,
1.),(1.,0.707106781186548,1.,0.707106781186548,1.,0.707106781186548,1.,
0.707106781186548,1.),(1.,0.707106781186548,1.,0.707106781186548,1.,0.707106781186548,
1.,0.707106781186548,1.),(1.,0.707106781186548,1.,0.707106781186548,1.,
0.707106781186548,1.,0.707106781186548,1.),(1.,0.707106781186548,1.,0.707106781186548,
1.,0.707106781186548,1.,0.707106781186548,1.),(1.,0.707106781186548,1.,
0.707106781186548,1.,0.707106781186548,1.,0.707106781186548,1.),(1.,0.707106781186548,
1.,0.707106781186548,1.,0.707106781186548,1.,0.707106781186548,1.),(1.,
0.707106781186548,1.,0.707106781186548,1.,0.707106781186548,1.,0.707106781186548,
1.),(1.,0.707106781186548,1.,0.707106781186548,1.,0.707106781186548,1.,
0.707106781186548,1.),(1.,0.707106781186548,1.,0.707106781186548,1.,0.707106781186548,
1.,0.707106781186548,1.),(1.,0.707106781186548,1.,0.707106781186548,1.,
0.707106781186548,1.,0.707106781186548,1.),(1.,0.707106781186548,1.,0.707106781186548,
1.,0.707106781186548,1.,0.707106781186548,1.),(1.,0.707106781186548,1.,
0.707106781186548,1.,0.707106781186548,1.,0.707106781186548,1.),(1.,0.707106781186548,
1.,0.707106781186548,1.,0.707106781186548,1.,0.707106781186548,1.),(1.,
0.707106781186548,1.,0.707106781186548,1.,0.707106781186548,1.,0.707106781186548,
1.),(1.,0.707106781186548,1.,0.707106781186548,1.,0.707106781186548,1.,
0.707106781186548,1.),(1.,0.707106781186548,1.,0.707106781186548,1.,0.707106781186548,
1.,0.707106781186548,1.),(1.,0.707106781186548,1.,0.707106781186548,1.,
0.707106781186548,1.,0.707106781186548,1.),(1.,0.707106781186548,1.,0.707106781186548,
1.,0.707106781186548,1.,0.707106781186548,1.),(1.,0.707106781186548,1.,
0.707106781186548,1.,0.707106781186548,1.,0.707106781186548,1.),(1.,0.707106781186548,
1.,0.707106781186548,1.,0.707106781186548,1.,0.707106781186548,1.),(1.,
0.707106781186548,1.,0.707106781186548,1.,0.707106781186548,1.,0.707106781186548,
1.),(1.,0.707106781186548,1.,0.707106781186548,1.,0.707106781186548,1.,
0.707106781186548,1.),(1.,0.707106781186548,1.,0.707106781186548,1.,0.707106781186548,
1.,0.707106781186548,1.),(1.,0.707106781186548,1.,0.707106781186548,1.,
0.707106781186548,1.,0.707106781186548,1.),(1.,0.707106781186548,1.,0.707106781186548,
1.,0.707106781186548,1.,0.707106781186548,1.),(1.,0.707106781186548,1.,
0.707106781186548,1.,0.707106781186548,1.,0.707106781186548,1.),(1.,0.707106781186548,
1.,0.707106781186548,1.,0.707106781186548,1.,0.707106781186548,1.),(1.,
0.707106781186548,1.,0.707106781186548,1.,0.707106781186548,1.,0.707106781186548,
1.),(1.,0.707106781186548,1.,0.707106781186548,1.,0.707106781186548,1.,
0.707106781186548,1.),(1.,0.707106781186548,1.,0.707106781186548,1.,0.707106781186548,
1.,0.707106781186548,1.),(1.,0.707106781186548,1.,0.707106781186548,1.,
0.707106781186548,1.,0.707106781186548,1.),(1.,0.707106781186548,1.,0.707106781186548,
1.,0.707106781186548,1.,0.707106781186548,1.),(1.,0.707106781186548,1.,
0.707106781186548,1.,0.707106781186548,1.,0.707106781186548,1.),(1.,0.707106781186548,
1.,0.707106781186548,1.,0.707106781186548,1.,0.707106781186548,1.),(1.,
0.707106781186548,1.,0.707106781186548,1.,0.707106781186548,1.,0.707106781186548,
1.),(1.,0.707106781186548,1.,0.707106781186548,1.,0.707106781186548,1.,
0.707106781186548,1.)))
REPRESENTATION_ITEM('')
SURFACE()
);
#39=(
BOUNDED_SURFACE()
B_SPLINE_SURFACE(5,2,((#3060,#3061,#3062,#3063,#3064,#3065,#3066,#3067,
#3068),(#3069,#3070,#3071,#3072,#3073,#3074,#3075,#3076,#3077),(#3078,#3079,
#3080,#3081,#3082,#3083,#3084,#3085,#3086),(#3087,#3088,#3089,#3090,#3091,
#3092,#3093,#3094,#3095),(#3096,#3097,#3098,#3099,#3100,#3101,#3102,#3103,
#3104),(#3105,#3106,#3107,#3108,#3109,#3110,#3111,#3112,#3113),(#3114,#3115,
#3116,#3117,#3118,#3119,#3120,#3121,#3122),(#3123,#3124,#3125,#3126,#3127,
#3128,#3129,#3130,#3131),(#3132,#3133,#3134,#3135,#3136,#3137,#3138,#3139,
#3140),(#3141,#3142,#3143,#3144,#3145,#3146,#3147,#3148,#3149),(#3150,#3151,
#3152,#3153,#3154,#3155,#3156,#3157,#3158),(#3159,#3160,#3161,#3162,#3163,
#3164,#3165,#3166,#3167),(#3168,#3169,#3170,#3171,#3172,#3173,#3174,#3175,
#3176),(#3177,#3178,#3179,#3180,#3181,#3182,#3183,#3184,#3185),(#3186,#3187,
#3188,#3189,#3190,#3191,#3192,#3193,#3194),(#3195,#3196,#3197,#3198,#3199,
#3200,#3201,#3202,#3203),(#3204,#3205,#3206,#3207,#3208,#3209,#3210,#3211,
#3212),(#3213,#3214,#3215,#3216,#3217,#3218,#3219,#3220,#3221),(#3222,#3223,
#3224,#3225,#3226,#3227,#3228,#3229,#3230),(#3231,#3232,#3233,#3234,#3235,
#3236,#3237,#3238,#3239),(#3240,#3241,#3242,#3243,#3244,#3245,#3246,#3247,
#3248),(#3249,#3250,#3251,#3252,#3253,#3254,#3255,#3256,#3257),(#3258,#3259,
#3260,#3261,#3262,#3263,#3264,#3265,#3266),(#3267,#3268,#3269,#3270,#3271,
#3272,#3273,#3274,#3275),(#3276,#3277,#3278,#3279,#3280,#3281,#3282,#3283,
#3284),(#3285,#3286,#3287,#3288,#3289,#3290,#3291,#3292,#3293),(#3294,#3295,
#3296,#3297,#3298,#3299,#3300,#3301,#3302),(#3303,#3304,#3305,#3306,#3307,
#3308,#3309,#3310,#3311),(#3312,#3313,#3314,#3315,#3316,#3317,#3318,#3319,
#3320),(#3321,#3322,#3323,#3324,#3325,#3326,#3327,#3328,#3329),(#3330,#3331,
#3332,#3333,#3334,#3335,#3336,#3337,#3338),(#3339,#3340,#3341,#3342,#3343,
#3344,#3345,#3346,#3347),(#3348,#3349,#3350,#3351,#3352,#3353,#3354,#3355,
#3356),(#3357,#3358,#3359,#3360,#3361,#3362,#3363,#3364,#3365),(#3366,#3367,
#3368,#3369,#3370,#3371,#3372,#3373,#3374),(#3375,#3376,#3377,#3378,#3379,
#3380,#3381,#3382,#3383),(#3384,#3385,#3386,#3387,#3388,#3389,#3390,#3391,
#3392),(#3393,#3394,#3395,#3396,#3397,#3398,#3399,#3400,#3401),(#3402,#3403,
#3404,#3405,#3406,#3407,#3408,#3409,#3410),(#3411,#3412,#3413,#3414,#3415,
#3416,#3417,#3418,#3419),(#3420,#3421,#3422,#3423,#3424,#3425,#3426,#3427,
#3428),(#3429,#3430,#3431,#3432,#3433,#3434,#3435,#3436,#3437),(#3438,#3439,
#3440,#3441,#3442,#3443,#3444,#3445,#3446),(#3447,#3448,#3449,#3450,#3451,
#3452,#3453,#3454,#3455),(#3456,#3457,#3458,#3459,#3460,#3461,#3462,#3463,
#3464),(#3465,#3466,#3467,#3468,#3469,#3470,#3471,#3472,#3473),(#3474,#3475,
#3476,#3477,#3478,#3479,#3480,#3481,#3482),(#3483,#3484,#3485,#3486,#3487,
#3488,#3489,#3490,#3491),(#3492,#3493,#3494,#3495,#3496,#3497,#3498,#3499,
#3500),(#3501,#3502,#3503,#3504,#3505,#3506,#3507,#3508,#3509),(#3510,#3511,
#3512,#3513,#3514,#3515,#3516,#3517,#3518),(#3519,#3520,#3521,#3522,#3523,
#3524,#3525,#3526,#3527),(#3528,#3529,#3530,#3531,#3532,#3533,#3534,#3535,
#3536),(#3537,#3538,#3539,#3540,#3541,#3542,#3543,#3544,#3545),(#3546,#3547,
#3548,#3549,#3550,#3551,#3552,#3553,#3554)),.UNSPECIFIED.,.F.,.T.,.F.)
B_SPLINE_SURFACE_WITH_KNOTS((6,1,1,1,1,1,1,1,1,1,1,1,1,1,1,1,1,1,1,1,1,
1,1,1,1,1,1,1,1,1,1,1,1,1,1,1,1,1,1,1,1,1,1,1,1,1,1,1,1,1,6),(3,2,2,2,3),
(0.,0.02,0.04,0.06,0.08,0.1,0.12,0.14,0.16,0.18,0.2,0.22,0.24,0.26,0.28,
0.3,0.32,0.34,0.36,0.38,0.4,0.42,0.44,0.46,0.48,0.5,0.52,0.54,0.56,0.58,
0.6,0.62,0.64,0.66,0.68,0.7,0.72,0.74,0.76,0.78,0.8,0.82,0.84,0.86,0.88,
0.9,0.92,0.940000000000001,0.960000000000001,0.980000000000001,1.),(0.,
1.5707963267949,3.14159265358979,4.71238898038469,6.28318530717959),
 .UNSPECIFIED.)
GEOMETRIC_REPRESENTATION_ITEM()
RATIONAL_B_SPLINE_SURFACE(((1.,0.707106781186548,1.,0.707106781186548,1.,
0.707106781186548,1.,0.707106781186548,1.),(1.,0.707106781186548,1.,0.707106781186548,
1.,0.707106781186548,1.,0.707106781186548,1.),(1.,0.707106781186548,1.,
0.707106781186548,1.,0.707106781186548,1.,0.707106781186548,1.),(1.,0.707106781186548,
1.,0.707106781186548,1.,0.707106781186548,1.,0.707106781186548,1.),(1.,
0.707106781186548,1.,0.707106781186548,1.,0.707106781186548,1.,0.707106781186548,
1.),(1.,0.707106781186548,1.,0.707106781186548,1.,0.707106781186548,1.,
0.707106781186548,1.),(1.,0.707106781186548,1.,0.707106781186548,1.,0.707106781186548,
1.,0.707106781186548,1.),(1.,0.707106781186548,1.,0.707106781186548,1.,
0.707106781186548,1.,0.707106781186548,1.),(1.,0.707106781186548,1.,0.707106781186548,
1.,0.707106781186548,1.,0.707106781186548,1.),(1.,0.707106781186548,1.,
0.707106781186548,1.,0.707106781186548,1.,0.707106781186548,1.),(1.,0.707106781186548,
1.,0.707106781186548,1.,0.707106781186548,1.,0.707106781186548,1.),(1.,
0.707106781186548,1.,0.707106781186548,1.,0.707106781186548,1.,0.707106781186548,
1.),(1.,0.707106781186548,1.,0.707106781186548,1.,0.707106781186548,1.,
0.707106781186548,1.),(1.,0.707106781186548,1.,0.707106781186548,1.,0.707106781186548,
1.,0.707106781186548,1.),(1.,0.707106781186548,1.,0.707106781186548,1.,
0.707106781186548,1.,0.707106781186548,1.),(1.,0.707106781186548,1.,0.707106781186548,
1.,0.707106781186548,1.,0.707106781186548,1.),(1.,0.707106781186548,1.,
0.707106781186548,1.,0.707106781186548,1.,0.707106781186548,1.),(1.,0.707106781186548,
1.,0.707106781186548,1.,0.707106781186548,1.,0.707106781186548,1.),(1.,
0.707106781186548,1.,0.707106781186548,1.,0.707106781186548,1.,0.707106781186548,
1.),(1.,0.707106781186548,1.,0.707106781186548,1.,0.707106781186548,1.,
0.707106781186548,1.),(1.,0.707106781186548,1.,0.707106781186548,1.,0.707106781186548,
1.,0.707106781186548,1.),(1.,0.707106781186548,1.,0.707106781186548,1.,
0.707106781186548,1.,0.707106781186548,1.),(1.,0.707106781186548,1.,0.707106781186548,
1.,0.707106781186548,1.,0.707106781186548,1.),(1.,0.707106781186548,1.,
0.707106781186548,1.,0.707106781186548,1.,0.707106781186548,1.),(1.,0.707106781186548,
1.,0.707106781186548,1.,0.707106781186548,1.,0.707106781186548,1.),(1.,
0.707106781186548,1.,0.707106781186548,1.,0.707106781186548,1.,0.707106781186548,
1.),(1.,0.707106781186548,1.,0.707106781186548,1.,0.707106781186548,1.,
0.707106781186548,1.),(1.,0.707106781186548,1.,0.707106781186548,1.,0.707106781186548,
1.,0.707106781186548,1.),(1.,0.707106781186548,1.,0.707106781186548,1.,
0.707106781186548,1.,0.707106781186548,1.),(1.,0.707106781186548,1.,0.707106781186548,
1.,0.707106781186548,1.,0.707106781186548,1.),(1.,0.707106781186548,1.,
0.707106781186548,1.,0.707106781186548,1.,0.707106781186548,1.),(1.,0.707106781186548,
1.,0.707106781186548,1.,0.707106781186548,1.,0.707106781186548,1.),(1.,
0.707106781186548,1.,0.707106781186548,1.,0.707106781186548,1.,0.707106781186548,
1.),(1.,0.707106781186548,1.,0.707106781186548,1.,0.707106781186548,1.,
0.707106781186548,1.),(1.,0.707106781186548,1.,0.707106781186548,1.,0.707106781186548,
1.,0.707106781186548,1.),(1.,0.707106781186548,1.,0.707106781186548,1.,
0.707106781186548,1.,0.707106781186548,1.),(1.,0.707106781186548,1.,0.707106781186548,
1.,0.707106781186548,1.,0.707106781186548,1.),(1.,0.707106781186548,1.,
0.707106781186548,1.,0.707106781186548,1.,0.707106781186548,1.),(1.,0.707106781186548,
1.,0.707106781186548,1.,0.707106781186548,1.,0.707106781186548,1.),(1.,
0.707106781186548,1.,0.707106781186548,1.,0.707106781186548,1.,0.707106781186548,
1.),(1.,0.707106781186548,1.,0.707106781186548,1.,0.707106781186548,1.,
0.707106781186548,1.),(1.,0.707106781186548,1.,0.707106781186548,1.,0.707106781186548,
1.,0.707106781186548,1.),(1.,0.707106781186548,1.,0.707106781186548,1.,
0.707106781186548,1.,0.707106781186548,1.),(1.,0.707106781186548,1.,0.707106781186548,
1.,0.707106781186548,1.,0.707106781186548,1.),(1.,0.707106781186548,1.,
0.707106781186548,1.,0.707106781186548,1.,0.707106781186548,1.),(1.,0.707106781186548,
1.,0.707106781186548,1.,0.707106781186548,1.,0.707106781186548,1.),(1.,
0.707106781186548,1.,0.707106781186548,1.,0.707106781186548,1.,0.707106781186548,
1.),(1.,0.707106781186548,1.,0.707106781186548,1.,0.707106781186548,1.,
0.707106781186548,1.),(1.,0.707106781186548,1.,0.707106781186548,1.,0.707106781186548,
1.,0.707106781186548,1.),(1.,0.707106781186548,1.,0.707106781186548,1.,
0.707106781186548,1.,0.707106781186548,1.),(1.,0.707106781186548,1.,0.707106781186548,
1.,0.707106781186548,1.,0.707106781186548,1.),(1.,0.707106781186548,1.,
0.707106781186548,1.,0.707106781186548,1.,0.707106781186548,1.),(1.,0.707106781186548,
1.,0.707106781186548,1.,0.707106781186548,1.,0.707106781186548,1.),(1.,
0.707106781186548,1.,0.707106781186548,1.,0.707106781186548,1.,0.707106781186548,
1.),(1.,0.707106781186548,1.,0.707106781186548,1.,0.707106781186548,1.,
0.707106781186548,1.)))
REPRESENTATION_ITEM('')
SURFACE()
);
#40=(
BOUNDED_SURFACE()
B_SPLINE_SURFACE(5,2,((#3612,#3613,#3614,#3615,#3616,#3617,#3618,#3619,
#3620),(#3621,#3622,#3623,#3624,#3625,#3626,#3627,#3628,#3629),(#3630,#3631,
#3632,#3633,#3634,#3635,#3636,#3637,#3638),(#3639,#3640,#3641,#3642,#3643,
#3644,#3645,#3646,#3647),(#3648,#3649,#3650,#3651,#3652,#3653,#3654,#3655,
#3656),(#3657,#3658,#3659,#3660,#3661,#3662,#3663,#3664,#3665),(#3666,#3667,
#3668,#3669,#3670,#3671,#3672,#3673,#3674),(#3675,#3676,#3677,#3678,#3679,
#3680,#3681,#3682,#3683),(#3684,#3685,#3686,#3687,#3688,#3689,#3690,#3691,
#3692),(#3693,#3694,#3695,#3696,#3697,#3698,#3699,#3700,#3701),(#3702,#3703,
#3704,#3705,#3706,#3707,#3708,#3709,#3710),(#3711,#3712,#3713,#3714,#3715,
#3716,#3717,#3718,#3719),(#3720,#3721,#3722,#3723,#3724,#3725,#3726,#3727,
#3728),(#3729,#3730,#3731,#3732,#3733,#3734,#3735,#3736,#3737),(#3738,#3739,
#3740,#3741,#3742,#3743,#3744,#3745,#3746),(#3747,#3748,#3749,#3750,#3751,
#3752,#3753,#3754,#3755),(#3756,#3757,#3758,#3759,#3760,#3761,#3762,#3763,
#3764),(#3765,#3766,#3767,#3768,#3769,#3770,#3771,#3772,#3773),(#3774,#3775,
#3776,#3777,#3778,#3779,#3780,#3781,#3782),(#3783,#3784,#3785,#3786,#3787,
#3788,#3789,#3790,#3791),(#3792,#3793,#3794,#3795,#3796,#3797,#3798,#3799,
#3800),(#3801,#3802,#3803,#3804,#3805,#3806,#3807,#3808,#3809),(#3810,#3811,
#3812,#3813,#3814,#3815,#3816,#3817,#3818),(#3819,#3820,#3821,#3822,#3823,
#3824,#3825,#3826,#3827),(#3828,#3829,#3830,#3831,#3832,#3833,#3834,#3835,
#3836),(#3837,#3838,#3839,#3840,#3841,#3842,#3843,#3844,#3845),(#3846,#3847,
#3848,#3849,#3850,#3851,#3852,#3853,#3854),(#3855,#3856,#3857,#3858,#3859,
#3860,#3861,#3862,#3863),(#3864,#3865,#3866,#3867,#3868,#3869,#3870,#3871,
#3872),(#3873,#3874,#3875,#3876,#3877,#3878,#3879,#3880,#3881),(#3882,#3883,
#3884,#3885,#3886,#3887,#3888,#3889,#3890),(#3891,#3892,#3893,#3894,#3895,
#3896,#3897,#3898,#3899),(#3900,#3901,#3902,#3903,#3904,#3905,#3906,#3907,
#3908),(#3909,#3910,#3911,#3912,#3913,#3914,#3915,#3916,#3917),(#3918,#3919,
#3920,#3921,#3922,#3923,#3924,#3925,#3926),(#3927,#3928,#3929,#3930,#3931,
#3932,#3933,#3934,#3935),(#3936,#3937,#3938,#3939,#3940,#3941,#3942,#3943,
#3944),(#3945,#3946,#3947,#3948,#3949,#3950,#3951,#3952,#3953),(#3954,#3955,
#3956,#3957,#3958,#3959,#3960,#3961,#3962),(#3963,#3964,#3965,#3966,#3967,
#3968,#3969,#3970,#3971),(#3972,#3973,#3974,#3975,#3976,#3977,#3978,#3979,
#3980),(#3981,#3982,#3983,#3984,#3985,#3986,#3987,#3988,#3989),(#3990,#3991,
#3992,#3993,#3994,#3995,#3996,#3997,#3998),(#3999,#4000,#4001,#4002,#4003,
#4004,#4005,#4006,#4007),(#4008,#4009,#4010,#4011,#4012,#4013,#4014,#4015,
#4016),(#4017,#4018,#4019,#4020,#4021,#4022,#4023,#4024,#4025),(#4026,#4027,
#4028,#4029,#4030,#4031,#4032,#4033,#4034),(#4035,#4036,#4037,#4038,#4039,
#4040,#4041,#4042,#4043),(#4044,#4045,#4046,#4047,#4048,#4049,#4050,#4051,
#4052),(#4053,#4054,#4055,#4056,#4057,#4058,#4059,#4060,#4061),(#4062,#4063,
#4064,#4065,#4066,#4067,#4068,#4069,#4070),(#4071,#4072,#4073,#4074,#4075,
#4076,#4077,#4078,#4079),(#4080,#4081,#4082,#4083,#4084,#4085,#4086,#4087,
#4088),(#4089,#4090,#4091,#4092,#4093,#4094,#4095,#4096,#4097),(#4098,#4099,
#4100,#4101,#4102,#4103,#4104,#4105,#4106)),.UNSPECIFIED.,.F.,.T.,.F.)
B_SPLINE_SURFACE_WITH_KNOTS((6,1,1,1,1,1,1,1,1,1,1,1,1,1,1,1,1,1,1,1,1,
1,1,1,1,1,1,1,1,1,1,1,1,1,1,1,1,1,1,1,1,1,1,1,1,1,1,1,1,1,6),(3,2,2,2,3),
(0.,0.02,0.04,0.06,0.08,0.1,0.12,0.14,0.16,0.18,0.2,0.22,0.24,0.26,0.28,
0.3,0.32,0.34,0.36,0.38,0.4,0.42,0.44,0.46,0.48,0.5,0.52,0.54,0.56,0.58,
0.6,0.62,0.64,0.66,0.68,0.7,0.72,0.74,0.76,0.78,0.8,0.82,0.84,0.86,0.88,
0.9,0.92,0.940000000000001,0.960000000000001,0.980000000000001,1.),(0.,
1.5707963267949,3.14159265358979,4.71238898038469,6.28318530717959),
 .UNSPECIFIED.)
GEOMETRIC_REPRESENTATION_ITEM()
RATIONAL_B_SPLINE_SURFACE(((1.,0.707106781186548,1.,0.707106781186548,1.,
0.707106781186548,1.,0.707106781186548,1.),(1.,0.707106781186548,1.,0.707106781186548,
1.,0.707106781186548,1.,0.707106781186548,1.),(1.,0.707106781186548,1.,
0.707106781186548,1.,0.707106781186548,1.,0.707106781186548,1.),(1.,0.707106781186548,
1.,0.707106781186548,1.,0.707106781186548,1.,0.707106781186548,1.),(1.,
0.707106781186548,1.,0.707106781186548,1.,0.707106781186548,1.,0.707106781186548,
1.),(1.,0.707106781186548,1.,0.707106781186548,1.,0.707106781186548,1.,
0.707106781186548,1.),(1.,0.707106781186548,1.,0.707106781186548,1.,0.707106781186548,
1.,0.707106781186548,1.),(1.,0.707106781186548,1.,0.707106781186548,1.,
0.707106781186548,1.,0.707106781186548,1.),(1.,0.707106781186548,1.,0.707106781186548,
1.,0.707106781186548,1.,0.707106781186548,1.),(1.,0.707106781186548,1.,
0.707106781186548,1.,0.707106781186548,1.,0.707106781186548,1.),(1.,0.707106781186548,
1.,0.707106781186548,1.,0.707106781186548,1.,0.707106781186548,1.),(1.,
0.707106781186548,1.,0.707106781186548,1.,0.707106781186548,1.,0.707106781186548,
1.),(1.,0.707106781186548,1.,0.707106781186548,1.,0.707106781186548,1.,
0.707106781186548,1.),(1.,0.707106781186548,1.,0.707106781186548,1.,0.707106781186548,
1.,0.707106781186548,1.),(1.,0.707106781186548,1.,0.707106781186548,1.,
0.707106781186548,1.,0.707106781186548,1.),(1.,0.707106781186548,1.,0.707106781186548,
1.,0.707106781186548,1.,0.707106781186548,1.),(1.,0.707106781186548,1.,
0.707106781186548,1.,0.707106781186548,1.,0.707106781186548,1.),(1.,0.707106781186548,
1.,0.707106781186548,1.,0.707106781186548,1.,0.707106781186548,1.),(1.,
0.707106781186548,1.,0.707106781186548,1.,0.707106781186548,1.,0.707106781186548,
1.),(1.,0.707106781186548,1.,0.707106781186548,1.,0.707106781186548,1.,
0.707106781186548,1.),(1.,0.707106781186548,1.,0.707106781186548,1.,0.707106781186548,
1.,0.707106781186548,1.),(1.,0.707106781186548,1.,0.707106781186548,1.,
0.707106781186548,1.,0.707106781186548,1.),(1.,0.707106781186548,1.,0.707106781186548,
1.,0.707106781186548,1.,0.707106781186548,1.),(1.,0.707106781186548,1.,
0.707106781186548,1.,0.707106781186548,1.,0.707106781186548,1.),(1.,0.707106781186548,
1.,0.707106781186548,1.,0.707106781186548,1.,0.707106781186548,1.),(1.,
0.707106781186548,1.,0.707106781186548,1.,0.707106781186548,1.,0.707106781186548,
1.),(1.,0.707106781186548,1.,0.707106781186548,1.,0.707106781186548,1.,
0.707106781186548,1.),(1.,0.707106781186548,1.,0.707106781186548,1.,0.707106781186548,
1.,0.707106781186548,1.),(1.,0.707106781186548,1.,0.707106781186548,1.,
0.707106781186548,1.,0.707106781186548,1.),(1.,0.707106781186548,1.,0.707106781186548,
1.,0.707106781186548,1.,0.707106781186548,1.),(1.,0.707106781186548,1.,
0.707106781186548,1.,0.707106781186548,1.,0.707106781186548,1.),(1.,0.707106781186548,
1.,0.707106781186548,1.,0.707106781186548,1.,0.707106781186548,1.),(1.,
0.707106781186548,1.,0.707106781186548,1.,0.707106781186548,1.,0.707106781186548,
1.),(1.,0.707106781186548,1.,0.707106781186548,1.,0.707106781186548,1.,
0.707106781186548,1.),(1.,0.707106781186548,1.,0.707106781186548,1.,0.707106781186548,
1.,0.707106781186548,1.),(1.,0.707106781186548,1.,0.707106781186548,1.,
0.707106781186548,1.,0.707106781186548,1.),(1.,0.707106781186548,1.,0.707106781186548,
1.,0.707106781186548,1.,0.707106781186548,1.),(1.,0.707106781186548,1.,
0.707106781186548,1.,0.707106781186548,1.,0.707106781186548,1.),(1.,0.707106781186548,
1.,0.707106781186548,1.,0.707106781186548,1.,0.707106781186548,1.),(1.,
0.707106781186548,1.,0.707106781186548,1.,0.707106781186548,1.,0.707106781186548,
1.),(1.,0.707106781186548,1.,0.707106781186548,1.,0.707106781186548,1.,
0.707106781186548,1.),(1.,0.707106781186548,1.,0.707106781186548,1.,0.707106781186548,
1.,0.707106781186548,1.),(1.,0.707106781186548,1.,0.707106781186548,1.,
0.707106781186548,1.,0.707106781186548,1.),(1.,0.707106781186548,1.,0.707106781186548,
1.,0.707106781186548,1.,0.707106781186548,1.),(1.,0.707106781186548,1.,
0.707106781186548,1.,0.707106781186548,1.,0.707106781186548,1.),(1.,0.707106781186548,
1.,0.707106781186548,1.,0.707106781186548,1.,0.707106781186548,1.),(1.,
0.707106781186548,1.,0.707106781186548,1.,0.707106781186548,1.,0.707106781186548,
1.),(1.,0.707106781186548,1.,0.707106781186548,1.,0.707106781186548,1.,
0.707106781186548,1.),(1.,0.707106781186548,1.,0.707106781186548,1.,0.707106781186548,
1.,0.707106781186548,1.),(1.,0.707106781186548,1.,0.707106781186548,1.,
0.707106781186548,1.,0.707106781186548,1.),(1.,0.707106781186548,1.,0.707106781186548,
1.,0.707106781186548,1.,0.707106781186548,1.),(1.,0.707106781186548,1.,
0.707106781186548,1.,0.707106781186548,1.,0.707106781186548,1.),(1.,0.707106781186548,
1.,0.707106781186548,1.,0.707106781186548,1.,0.707106781186548,1.),(1.,
0.707106781186548,1.,0.707106781186548,1.,0.707106781186548,1.,0.707106781186548,
1.),(1.,0.707106781186548,1.,0.707106781186548,1.,0.707106781186548,1.,
0.707106781186548,1.)))
REPRESENTATION_ITEM('')
SURFACE()
);
#41=(
BOUNDED_SURFACE()
B_SPLINE_SURFACE(5,2,((#4164,#4165,#4166,#4167,#4168,#4169,#4170,#4171,
#4172),(#4173,#4174,#4175,#4176,#4177,#4178,#4179,#4180,#4181),(#4182,#4183,
#4184,#4185,#4186,#4187,#4188,#4189,#4190),(#4191,#4192,#4193,#4194,#4195,
#4196,#4197,#4198,#4199),(#4200,#4201,#4202,#4203,#4204,#4205,#4206,#4207,
#4208),(#4209,#4210,#4211,#4212,#4213,#4214,#4215,#4216,#4217),(#4218,#4219,
#4220,#4221,#4222,#4223,#4224,#4225,#4226),(#4227,#4228,#4229,#4230,#4231,
#4232,#4233,#4234,#4235),(#4236,#4237,#4238,#4239,#4240,#4241,#4242,#4243,
#4244),(#4245,#4246,#4247,#4248,#4249,#4250,#4251,#4252,#4253),(#4254,#4255,
#4256,#4257,#4258,#4259,#4260,#4261,#4262),(#4263,#4264,#4265,#4266,#4267,
#4268,#4269,#4270,#4271),(#4272,#4273,#4274,#4275,#4276,#4277,#4278,#4279,
#4280),(#4281,#4282,#4283,#4284,#4285,#4286,#4287,#4288,#4289),(#4290,#4291,
#4292,#4293,#4294,#4295,#4296,#4297,#4298),(#4299,#4300,#4301,#4302,#4303,
#4304,#4305,#4306,#4307),(#4308,#4309,#4310,#4311,#4312,#4313,#4314,#4315,
#4316),(#4317,#4318,#4319,#4320,#4321,#4322,#4323,#4324,#4325),(#4326,#4327,
#4328,#4329,#4330,#4331,#4332,#4333,#4334),(#4335,#4336,#4337,#4338,#4339,
#4340,#4341,#4342,#4343),(#4344,#4345,#4346,#4347,#4348,#4349,#4350,#4351,
#4352),(#4353,#4354,#4355,#4356,#4357,#4358,#4359,#4360,#4361),(#4362,#4363,
#4364,#4365,#4366,#4367,#4368,#4369,#4370),(#4371,#4372,#4373,#4374,#4375,
#4376,#4377,#4378,#4379),(#4380,#4381,#4382,#4383,#4384,#4385,#4386,#4387,
#4388),(#4389,#4390,#4391,#4392,#4393,#4394,#4395,#4396,#4397),(#4398,#4399,
#4400,#4401,#4402,#4403,#4404,#4405,#4406),(#4407,#4408,#4409,#4410,#4411,
#4412,#4413,#4414,#4415),(#4416,#4417,#4418,#4419,#4420,#4421,#4422,#4423,
#4424),(#4425,#4426,#4427,#4428,#4429,#4430,#4431,#4432,#4433),(#4434,#4435,
#4436,#4437,#4438,#4439,#4440,#4441,#4442),(#4443,#4444,#4445,#4446,#4447,
#4448,#4449,#4450,#4451),(#4452,#4453,#4454,#4455,#4456,#4457,#4458,#4459,
#4460),(#4461,#4462,#4463,#4464,#4465,#4466,#4467,#4468,#4469),(#4470,#4471,
#4472,#4473,#4474,#4475,#4476,#4477,#4478),(#4479,#4480,#4481,#4482,#4483,
#4484,#4485,#4486,#4487),(#4488,#4489,#4490,#4491,#4492,#4493,#4494,#4495,
#4496),(#4497,#4498,#4499,#4500,#4501,#4502,#4503,#4504,#4505),(#4506,#4507,
#4508,#4509,#4510,#4511,#4512,#4513,#4514),(#4515,#4516,#4517,#4518,#4519,
#4520,#4521,#4522,#4523),(#4524,#4525,#4526,#4527,#4528,#4529,#4530,#4531,
#4532),(#4533,#4534,#4535,#4536,#4537,#4538,#4539,#4540,#4541),(#4542,#4543,
#4544,#4545,#4546,#4547,#4548,#4549,#4550),(#4551,#4552,#4553,#4554,#4555,
#4556,#4557,#4558,#4559),(#4560,#4561,#4562,#4563,#4564,#4565,#4566,#4567,
#4568),(#4569,#4570,#4571,#4572,#4573,#4574,#4575,#4576,#4577),(#4578,#4579,
#4580,#4581,#4582,#4583,#4584,#4585,#4586),(#4587,#4588,#4589,#4590,#4591,
#4592,#4593,#4594,#4595),(#4596,#4597,#4598,#4599,#4600,#4601,#4602,#4603,
#4604),(#4605,#4606,#4607,#4608,#4609,#4610,#4611,#4612,#4613),(#4614,#4615,
#4616,#4617,#4618,#4619,#4620,#4621,#4622),(#4623,#4624,#4625,#4626,#4627,
#4628,#4629,#4630,#4631),(#4632,#4633,#4634,#4635,#4636,#4637,#4638,#4639,
#4640),(#4641,#4642,#4643,#4644,#4645,#4646,#4647,#4648,#4649),(#4650,#4651,
#4652,#4653,#4654,#4655,#4656,#4657,#4658)),.UNSPECIFIED.,.F.,.T.,.F.)
B_SPLINE_SURFACE_WITH_KNOTS((6,1,1,1,1,1,1,1,1,1,1,1,1,1,1,1,1,1,1,1,1,
1,1,1,1,1,1,1,1,1,1,1,1,1,1,1,1,1,1,1,1,1,1,1,1,1,1,1,1,1,6),(3,2,2,2,3),
(0.,0.02,0.04,0.06,0.08,0.1,0.12,0.14,0.16,0.18,0.2,0.22,0.24,0.26,0.28,
0.3,0.32,0.34,0.36,0.38,0.4,0.42,0.44,0.46,0.48,0.5,0.52,0.54,0.56,0.58,
0.6,0.62,0.64,0.66,0.68,0.7,0.72,0.74,0.76,0.78,0.8,0.82,0.84,0.86,0.88,
0.9,0.92,0.940000000000001,0.960000000000001,0.980000000000001,1.),(0.,
1.5707963267949,3.14159265358979,4.71238898038469,6.28318530717959),
 .UNSPECIFIED.)
GEOMETRIC_REPRESENTATION_ITEM()
RATIONAL_B_SPLINE_SURFACE(((1.,0.707106781186548,1.,0.707106781186548,1.,
0.707106781186548,1.,0.707106781186548,1.),(1.,0.707106781186548,1.,0.707106781186548,
1.,0.707106781186548,1.,0.707106781186548,1.),(1.,0.707106781186548,1.,
0.707106781186548,1.,0.707106781186548,1.,0.707106781186548,1.),(1.,0.707106781186548,
1.,0.707106781186548,1.,0.707106781186548,1.,0.707106781186548,1.),(1.,
0.707106781186548,1.,0.707106781186548,1.,0.707106781186548,1.,0.707106781186548,
1.),(1.,0.707106781186548,1.,0.707106781186548,1.,0.707106781186548,1.,
0.707106781186548,1.),(1.,0.707106781186548,1.,0.707106781186548,1.,0.707106781186548,
1.,0.707106781186548,1.),(1.,0.707106781186548,1.,0.707106781186548,1.,
0.707106781186548,1.,0.707106781186548,1.),(1.,0.707106781186548,1.,0.707106781186548,
1.,0.707106781186548,1.,0.707106781186548,1.),(1.,0.707106781186548,1.,
0.707106781186548,1.,0.707106781186548,1.,0.707106781186548,1.),(1.,0.707106781186548,
1.,0.707106781186548,1.,0.707106781186548,1.,0.707106781186548,1.),(1.,
0.707106781186548,1.,0.707106781186548,1.,0.707106781186548,1.,0.707106781186548,
1.),(1.,0.707106781186548,1.,0.707106781186548,1.,0.707106781186548,1.,
0.707106781186548,1.),(1.,0.707106781186548,1.,0.707106781186548,1.,0.707106781186548,
1.,0.707106781186548,1.),(1.,0.707106781186548,1.,0.707106781186548,1.,
0.707106781186548,1.,0.707106781186548,1.),(1.,0.707106781186548,1.,0.707106781186548,
1.,0.707106781186548,1.,0.707106781186548,1.),(1.,0.707106781186548,1.,
0.707106781186548,1.,0.707106781186548,1.,0.707106781186548,1.),(1.,0.707106781186548,
1.,0.707106781186548,1.,0.707106781186548,1.,0.707106781186548,1.),(1.,
0.707106781186548,1.,0.707106781186548,1.,0.707106781186548,1.,0.707106781186548,
1.),(1.,0.707106781186548,1.,0.707106781186548,1.,0.707106781186548,1.,
0.707106781186548,1.),(1.,0.707106781186548,1.,0.707106781186548,1.,0.707106781186548,
1.,0.707106781186548,1.),(1.,0.707106781186548,1.,0.707106781186548,1.,
0.707106781186548,1.,0.707106781186548,1.),(1.,0.707106781186548,1.,0.707106781186548,
1.,0.707106781186548,1.,0.707106781186548,1.),(1.,0.707106781186548,1.,
0.707106781186548,1.,0.707106781186548,1.,0.707106781186548,1.),(1.,0.707106781186548,
1.,0.707106781186548,1.,0.707106781186548,1.,0.707106781186548,1.),(1.,
0.707106781186548,1.,0.707106781186548,1.,0.707106781186548,1.,0.707106781186548,
1.),(1.,0.707106781186548,1.,0.707106781186548,1.,0.707106781186548,1.,
0.707106781186548,1.),(1.,0.707106781186548,1.,0.707106781186548,1.,0.707106781186548,
1.,0.707106781186548,1.),(1.,0.707106781186548,1.,0.707106781186548,1.,
0.707106781186548,1.,0.707106781186548,1.),(1.,0.707106781186548,1.,0.707106781186548,
1.,0.707106781186548,1.,0.707106781186548,1.),(1.,0.707106781186548,1.,
0.707106781186548,1.,0.707106781186548,1.,0.707106781186548,1.),(1.,0.707106781186548,
1.,0.707106781186548,1.,0.707106781186548,1.,0.707106781186548,1.),(1.,
0.707106781186548,1.,0.707106781186548,1.,0.707106781186548,1.,0.707106781186548,
1.),(1.,0.707106781186548,1.,0.707106781186548,1.,0.707106781186548,1.,
0.707106781186548,1.),(1.,0.707106781186548,1.,0.707106781186548,1.,0.707106781186548,
1.,0.707106781186548,1.),(1.,0.707106781186548,1.,0.707106781186548,1.,
0.707106781186548,1.,0.707106781186548,1.),(1.,0.707106781186548,1.,0.707106781186548,
1.,0.707106781186548,1.,0.707106781186548,1.),(1.,0.707106781186548,1.,
0.707106781186548,1.,0.707106781186548,1.,0.707106781186548,1.),(1.,0.707106781186548,
1.,0.707106781186548,1.,0.707106781186548,1.,0.707106781186548,1.),(1.,
0.707106781186548,1.,0.707106781186548,1.,0.707106781186548,1.,0.707106781186548,
1.),(1.,0.707106781186548,1.,0.707106781186548,1.,0.707106781186548,1.,
0.707106781186548,1.),(1.,0.707106781186548,1.,0.707106781186548,1.,0.707106781186548,
1.,0.707106781186548,1.),(1.,0.707106781186548,1.,0.707106781186548,1.,
0.707106781186548,1.,0.707106781186548,1.),(1.,0.707106781186548,1.,0.707106781186548,
1.,0.707106781186548,1.,0.707106781186548,1.),(1.,0.707106781186548,1.,
0.707106781186548,1.,0.707106781186548,1.,0.707106781186548,1.),(1.,0.707106781186548,
1.,0.707106781186548,1.,0.707106781186548,1.,0.707106781186548,1.),(1.,
0.707106781186548,1.,0.707106781186548,1.,0.707106781186548,1.,0.707106781186548,
1.),(1.,0.707106781186548,1.,0.707106781186548,1.,0.707106781186548,1.,
0.707106781186548,1.),(1.,0.707106781186548,1.,0.707106781186548,1.,0.707106781186548,
1.,0.707106781186548,1.),(1.,0.707106781186548,1.,0.707106781186548,1.,
0.707106781186548,1.,0.707106781186548,1.),(1.,0.707106781186548,1.,0.707106781186548,
1.,0.707106781186548,1.,0.707106781186548,1.),(1.,0.707106781186548,1.,
0.707106781186548,1.,0.707106781186548,1.,0.707106781186548,1.),(1.,0.707106781186548,
1.,0.707106781186548,1.,0.707106781186548,1.,0.707106781186548,1.),(1.,
0.707106781186548,1.,0.707106781186548,1.,0.707106781186548,1.,0.707106781186548,
1.),(1.,0.707106781186548,1.,0.707106781186548,1.,0.707106781186548,1.,
0.707106781186548,1.)))
REPRESENTATION_ITEM('')
SURFACE()
);
#42=(
BOUNDED_SURFACE()
B_SPLINE_SURFACE(5,2,((#4716,#4717,#4718,#4719,#4720,#4721,#4722,#4723,
#4724),(#4725,#4726,#4727,#4728,#4729,#4730,#4731,#4732,#4733),(#4734,#4735,
#4736,#4737,#4738,#4739,#4740,#4741,#4742),(#4743,#4744,#4745,#4746,#4747,
#4748,#4749,#4750,#4751),(#4752,#4753,#4754,#4755,#4756,#4757,#4758,#4759,
#4760),(#4761,#4762,#4763,#4764,#4765,#4766,#4767,#4768,#4769),(#4770,#4771,
#4772,#4773,#4774,#4775,#4776,#4777,#4778),(#4779,#4780,#4781,#4782,#4783,
#4784,#4785,#4786,#4787),(#4788,#4789,#4790,#4791,#4792,#4793,#4794,#4795,
#4796),(#4797,#4798,#4799,#4800,#4801,#4802,#4803,#4804,#4805),(#4806,#4807,
#4808,#4809,#4810,#4811,#4812,#4813,#4814),(#4815,#4816,#4817,#4818,#4819,
#4820,#4821,#4822,#4823),(#4824,#4825,#4826,#4827,#4828,#4829,#4830,#4831,
#4832),(#4833,#4834,#4835,#4836,#4837,#4838,#4839,#4840,#4841),(#4842,#4843,
#4844,#4845,#4846,#4847,#4848,#4849,#4850),(#4851,#4852,#4853,#4854,#4855,
#4856,#4857,#4858,#4859),(#4860,#4861,#4862,#4863,#4864,#4865,#4866,#4867,
#4868),(#4869,#4870,#4871,#4872,#4873,#4874,#4875,#4876,#4877),(#4878,#4879,
#4880,#4881,#4882,#4883,#4884,#4885,#4886),(#4887,#4888,#4889,#4890,#4891,
#4892,#4893,#4894,#4895),(#4896,#4897,#4898,#4899,#4900,#4901,#4902,#4903,
#4904),(#4905,#4906,#4907,#4908,#4909,#4910,#4911,#4912,#4913),(#4914,#4915,
#4916,#4917,#4918,#4919,#4920,#4921,#4922),(#4923,#4924,#4925,#4926,#4927,
#4928,#4929,#4930,#4931),(#4932,#4933,#4934,#4935,#4936,#4937,#4938,#4939,
#4940),(#4941,#4942,#4943,#4944,#4945,#4946,#4947,#4948,#4949),(#4950,#4951,
#4952,#4953,#4954,#4955,#4956,#4957,#4958),(#4959,#4960,#4961,#4962,#4963,
#4964,#4965,#4966,#4967),(#4968,#4969,#4970,#4971,#4972,#4973,#4974,#4975,
#4976),(#4977,#4978,#4979,#4980,#4981,#4982,#4983,#4984,#4985),(#4986,#4987,
#4988,#4989,#4990,#4991,#4992,#4993,#4994),(#4995,#4996,#4997,#4998,#4999,
#5000,#5001,#5002,#5003),(#5004,#5005,#5006,#5007,#5008,#5009,#5010,#5011,
#5012),(#5013,#5014,#5015,#5016,#5017,#5018,#5019,#5020,#5021),(#5022,#5023,
#5024,#5025,#5026,#5027,#5028,#5029,#5030),(#5031,#5032,#5033,#5034,#5035,
#5036,#5037,#5038,#5039),(#5040,#5041,#5042,#5043,#5044,#5045,#5046,#5047,
#5048),(#5049,#5050,#5051,#5052,#5053,#5054,#5055,#5056,#5057),(#5058,#5059,
#5060,#5061,#5062,#5063,#5064,#5065,#5066),(#5067,#5068,#5069,#5070,#5071,
#5072,#5073,#5074,#5075),(#5076,#5077,#5078,#5079,#5080,#5081,#5082,#5083,
#5084),(#5085,#5086,#5087,#5088,#5089,#5090,#5091,#5092,#5093),(#5094,#5095,
#5096,#5097,#5098,#5099,#5100,#5101,#5102),(#5103,#5104,#5105,#5106,#5107,
#5108,#5109,#5110,#5111),(#5112,#5113,#5114,#5115,#5116,#5117,#5118,#5119,
#5120),(#5121,#5122,#5123,#5124,#5125,#5126,#5127,#5128,#5129),(#5130,#5131,
#5132,#5133,#5134,#5135,#5136,#5137,#5138),(#5139,#5140,#5141,#5142,#5143,
#5144,#5145,#5146,#5147),(#5148,#5149,#5150,#5151,#5152,#5153,#5154,#5155,
#5156),(#5157,#5158,#5159,#5160,#5161,#5162,#5163,#5164,#5165),(#5166,#5167,
#5168,#5169,#5170,#5171,#5172,#5173,#5174),(#5175,#5176,#5177,#5178,#5179,
#5180,#5181,#5182,#5183),(#5184,#5185,#5186,#5187,#5188,#5189,#5190,#5191,
#5192),(#5193,#5194,#5195,#5196,#5197,#5198,#5199,#5200,#5201),(#5202,#5203,
#5204,#5205,#5206,#5207,#5208,#5209,#5210)),.UNSPECIFIED.,.F.,.T.,.F.)
B_SPLINE_SURFACE_WITH_KNOTS((6,1,1,1,1,1,1,1,1,1,1,1,1,1,1,1,1,1,1,1,1,
1,1,1,1,1,1,1,1,1,1,1,1,1,1,1,1,1,1,1,1,1,1,1,1,1,1,1,1,1,6),(3,2,2,2,3),
(0.,0.02,0.04,0.06,0.08,0.1,0.12,0.14,0.16,0.18,0.2,0.22,0.24,0.26,0.28,
0.3,0.32,0.34,0.36,0.38,0.4,0.42,0.44,0.46,0.48,0.5,0.52,0.54,0.56,0.58,
0.6,0.62,0.64,0.66,0.68,0.7,0.72,0.74,0.76,0.78,0.8,0.82,0.84,0.86,0.88,
0.9,0.92,0.940000000000001,0.960000000000001,0.980000000000001,1.),(0.,
1.5707963267949,3.14159265358979,4.71238898038469,6.28318530717959),
 .UNSPECIFIED.)
GEOMETRIC_REPRESENTATION_ITEM()
RATIONAL_B_SPLINE_SURFACE(((1.,0.707106781186548,1.,0.707106781186548,1.,
0.707106781186548,1.,0.707106781186548,1.),(1.,0.707106781186548,1.,0.707106781186548,
1.,0.707106781186548,1.,0.707106781186548,1.),(1.,0.707106781186548,1.,
0.707106781186548,1.,0.707106781186548,1.,0.707106781186548,1.),(1.,0.707106781186548,
1.,0.707106781186548,1.,0.707106781186548,1.,0.707106781186548,1.),(1.,
0.707106781186548,1.,0.707106781186548,1.,0.707106781186548,1.,0.707106781186548,
1.),(1.,0.707106781186548,1.,0.707106781186548,1.,0.707106781186548,1.,
0.707106781186548,1.),(1.,0.707106781186548,1.,0.707106781186548,1.,0.707106781186548,
1.,0.707106781186548,1.),(1.,0.707106781186548,1.,0.707106781186548,1.,
0.707106781186548,1.,0.707106781186548,1.),(1.,0.707106781186548,1.,0.707106781186548,
1.,0.707106781186548,1.,0.707106781186548,1.),(1.,0.707106781186548,1.,
0.707106781186548,1.,0.707106781186548,1.,0.707106781186548,1.),(1.,0.707106781186548,
1.,0.707106781186548,1.,0.707106781186548,1.,0.707106781186548,1.),(1.,
0.707106781186548,1.,0.707106781186548,1.,0.707106781186548,1.,0.707106781186548,
1.),(1.,0.707106781186548,1.,0.707106781186548,1.,0.707106781186548,1.,
0.707106781186548,1.),(1.,0.707106781186548,1.,0.707106781186548,1.,0.707106781186548,
1.,0.707106781186548,1.),(1.,0.707106781186548,1.,0.707106781186548,1.,
0.707106781186548,1.,0.707106781186548,1.),(1.,0.707106781186548,1.,0.707106781186548,
1.,0.707106781186548,1.,0.707106781186548,1.),(1.,0.707106781186548,1.,
0.707106781186548,1.,0.707106781186548,1.,0.707106781186548,1.),(1.,0.707106781186548,
1.,0.707106781186548,1.,0.707106781186548,1.,0.707106781186548,1.),(1.,
0.707106781186548,1.,0.707106781186548,1.,0.707106781186548,1.,0.707106781186548,
1.),(1.,0.707106781186548,1.,0.707106781186548,1.,0.707106781186548,1.,
0.707106781186548,1.),(1.,0.707106781186548,1.,0.707106781186548,1.,0.707106781186548,
1.,0.707106781186548,1.),(1.,0.707106781186548,1.,0.707106781186548,1.,
0.707106781186548,1.,0.707106781186548,1.),(1.,0.707106781186548,1.,0.707106781186548,
1.,0.707106781186548,1.,0.707106781186548,1.),(1.,0.707106781186548,1.,
0.707106781186548,1.,0.707106781186548,1.,0.707106781186548,1.),(1.,0.707106781186548,
1.,0.707106781186548,1.,0.707106781186548,1.,0.707106781186548,1.),(1.,
0.707106781186548,1.,0.707106781186548,1.,0.707106781186548,1.,0.707106781186548,
1.),(1.,0.707106781186548,1.,0.707106781186548,1.,0.707106781186548,1.,
0.707106781186548,1.),(1.,0.707106781186548,1.,0.707106781186548,1.,0.707106781186548,
1.,0.707106781186548,1.),(1.,0.707106781186548,1.,0.707106781186548,1.,
0.707106781186548,1.,0.707106781186548,1.),(1.,0.707106781186548,1.,0.707106781186548,
1.,0.707106781186548,1.,0.707106781186548,1.),(1.,0.707106781186548,1.,
0.707106781186548,1.,0.707106781186548,1.,0.707106781186548,1.),(1.,0.707106781186548,
1.,0.707106781186548,1.,0.707106781186548,1.,0.707106781186548,1.),(1.,
0.707106781186548,1.,0.707106781186548,1.,0.707106781186548,1.,0.707106781186548,
1.),(1.,0.707106781186548,1.,0.707106781186548,1.,0.707106781186548,1.,
0.707106781186548,1.),(1.,0.707106781186548,1.,0.707106781186548,1.,0.707106781186548,
1.,0.707106781186548,1.),(1.,0.707106781186548,1.,0.707106781186548,1.,
0.707106781186548,1.,0.707106781186548,1.),(1.,0.707106781186548,1.,0.707106781186548,
1.,0.707106781186548,1.,0.707106781186548,1.),(1.,0.707106781186548,1.,
0.707106781186548,1.,0.707106781186548,1.,0.707106781186548,1.),(1.,0.707106781186548,
1.,0.707106781186548,1.,0.707106781186548,1.,0.707106781186548,1.),(1.,
0.707106781186548,1.,0.707106781186548,1.,0.707106781186548,1.,0.707106781186548,
1.),(1.,0.707106781186548,1.,0.707106781186548,1.,0.707106781186548,1.,
0.707106781186548,1.),(1.,0.707106781186548,1.,0.707106781186548,1.,0.707106781186548,
1.,0.707106781186548,1.),(1.,0.707106781186548,1.,0.707106781186548,1.,
0.707106781186548,1.,0.707106781186548,1.),(1.,0.707106781186548,1.,0.707106781186548,
1.,0.707106781186548,1.,0.707106781186548,1.),(1.,0.707106781186548,1.,
0.707106781186548,1.,0.707106781186548,1.,0.707106781186548,1.),(1.,0.707106781186548,
1.,0.707106781186548,1.,0.707106781186548,1.,0.707106781186548,1.),(1.,
0.707106781186548,1.,0.707106781186548,1.,0.707106781186548,1.,0.707106781186548,
1.),(1.,0.707106781186548,1.,0.707106781186548,1.,0.707106781186548,1.,
0.707106781186548,1.),(1.,0.707106781186548,1.,0.707106781186548,1.,0.707106781186548,
1.,0.707106781186548,1.),(1.,0.707106781186548,1.,0.707106781186548,1.,
0.707106781186548,1.,0.707106781186548,1.),(1.,0.707106781186548,1.,0.707106781186548,
1.,0.707106781186548,1.,0.707106781186548,1.),(1.,0.707106781186548,1.,
0.707106781186548,1.,0.707106781186548,1.,0.707106781186548,1.),(1.,0.707106781186548,
1.,0.707106781186548,1.,0.707106781186548,1.,0.707106781186548,1.),(1.,
0.707106781186548,1.,0.707106781186548,1.,0.707106781186548,1.,0.707106781186548,
1.),(1.,0.707106781186548,1.,0.707106781186548,1.,0.707106781186548,1.,
0.707106781186548,1.)))
REPRESENTATION_ITEM('')
SURFACE()
);
#43=(
BOUNDED_SURFACE()
B_SPLINE_SURFACE(5,2,((#5268,#5269,#5270,#5271,#5272,#5273,#5274,#5275,
#5276),(#5277,#5278,#5279,#5280,#5281,#5282,#5283,#5284,#5285),(#5286,#5287,
#5288,#5289,#5290,#5291,#5292,#5293,#5294),(#5295,#5296,#5297,#5298,#5299,
#5300,#5301,#5302,#5303),(#5304,#5305,#5306,#5307,#5308,#5309,#5310,#5311,
#5312),(#5313,#5314,#5315,#5316,#5317,#5318,#5319,#5320,#5321),(#5322,#5323,
#5324,#5325,#5326,#5327,#5328,#5329,#5330),(#5331,#5332,#5333,#5334,#5335,
#5336,#5337,#5338,#5339),(#5340,#5341,#5342,#5343,#5344,#5345,#5346,#5347,
#5348),(#5349,#5350,#5351,#5352,#5353,#5354,#5355,#5356,#5357),(#5358,#5359,
#5360,#5361,#5362,#5363,#5364,#5365,#5366),(#5367,#5368,#5369,#5370,#5371,
#5372,#5373,#5374,#5375),(#5376,#5377,#5378,#5379,#5380,#5381,#5382,#5383,
#5384),(#5385,#5386,#5387,#5388,#5389,#5390,#5391,#5392,#5393),(#5394,#5395,
#5396,#5397,#5398,#5399,#5400,#5401,#5402),(#5403,#5404,#5405,#5406,#5407,
#5408,#5409,#5410,#5411),(#5412,#5413,#5414,#5415,#5416,#5417,#5418,#5419,
#5420),(#5421,#5422,#5423,#5424,#5425,#5426,#5427,#5428,#5429),(#5430,#5431,
#5432,#5433,#5434,#5435,#5436,#5437,#5438),(#5439,#5440,#5441,#5442,#5443,
#5444,#5445,#5446,#5447),(#5448,#5449,#5450,#5451,#5452,#5453,#5454,#5455,
#5456),(#5457,#5458,#5459,#5460,#5461,#5462,#5463,#5464,#5465),(#5466,#5467,
#5468,#5469,#5470,#5471,#5472,#5473,#5474),(#5475,#5476,#5477,#5478,#5479,
#5480,#5481,#5482,#5483),(#5484,#5485,#5486,#5487,#5488,#5489,#5490,#5491,
#5492),(#5493,#5494,#5495,#5496,#5497,#5498,#5499,#5500,#5501),(#5502,#5503,
#5504,#5505,#5506,#5507,#5508,#5509,#5510),(#5511,#5512,#5513,#5514,#5515,
#5516,#5517,#5518,#5519),(#5520,#5521,#5522,#5523,#5524,#5525,#5526,#5527,
#5528),(#5529,#5530,#5531,#5532,#5533,#5534,#5535,#5536,#5537),(#5538,#5539,
#5540,#5541,#5542,#5543,#5544,#5545,#5546),(#5547,#5548,#5549,#5550,#5551,
#5552,#5553,#5554,#5555),(#5556,#5557,#5558,#5559,#5560,#5561,#5562,#5563,
#5564),(#5565,#5566,#5567,#5568,#5569,#5570,#5571,#5572,#5573),(#5574,#5575,
#5576,#5577,#5578,#5579,#5580,#5581,#5582),(#5583,#5584,#5585,#5586,#5587,
#5588,#5589,#5590,#5591),(#5592,#5593,#5594,#5595,#5596,#5597,#5598,#5599,
#5600),(#5601,#5602,#5603,#5604,#5605,#5606,#5607,#5608,#5609),(#5610,#5611,
#5612,#5613,#5614,#5615,#5616,#5617,#5618),(#5619,#5620,#5621,#5622,#5623,
#5624,#5625,#5626,#5627),(#5628,#5629,#5630,#5631,#5632,#5633,#5634,#5635,
#5636),(#5637,#5638,#5639,#5640,#5641,#5642,#5643,#5644,#5645),(#5646,#5647,
#5648,#5649,#5650,#5651,#5652,#5653,#5654),(#5655,#5656,#5657,#5658,#5659,
#5660,#5661,#5662,#5663),(#5664,#5665,#5666,#5667,#5668,#5669,#5670,#5671,
#5672),(#5673,#5674,#5675,#5676,#5677,#5678,#5679,#5680,#5681),(#5682,#5683,
#5684,#5685,#5686,#5687,#5688,#5689,#5690),(#5691,#5692,#5693,#5694,#5695,
#5696,#5697,#5698,#5699),(#5700,#5701,#5702,#5703,#5704,#5705,#5706,#5707,
#5708),(#5709,#5710,#5711,#5712,#5713,#5714,#5715,#5716,#5717),(#5718,#5719,
#5720,#5721,#5722,#5723,#5724,#5725,#5726),(#5727,#5728,#5729,#5730,#5731,
#5732,#5733,#5734,#5735),(#5736,#5737,#5738,#5739,#5740,#5741,#5742,#5743,
#5744),(#5745,#5746,#5747,#5748,#5749,#5750,#5751,#5752,#5753),(#5754,#5755,
#5756,#5757,#5758,#5759,#5760,#5761,#5762)),.UNSPECIFIED.,.F.,.T.,.F.)
B_SPLINE_SURFACE_WITH_KNOTS((6,1,1,1,1,1,1,1,1,1,1,1,1,1,1,1,1,1,1,1,1,
1,1,1,1,1,1,1,1,1,1,1,1,1,1,1,1,1,1,1,1,1,1,1,1,1,1,1,1,1,6),(3,2,2,2,3),
(0.,0.02,0.04,0.06,0.08,0.1,0.12,0.14,0.16,0.18,0.2,0.22,0.24,0.26,0.28,
0.3,0.32,0.34,0.36,0.38,0.4,0.42,0.44,0.46,0.48,0.5,0.52,0.54,0.56,0.58,
0.6,0.62,0.64,0.66,0.68,0.7,0.72,0.74,0.76,0.78,0.8,0.82,0.84,0.86,0.88,
0.9,0.92,0.940000000000001,0.960000000000001,0.980000000000001,1.),(0.,
1.5707963267949,3.14159265358979,4.71238898038469,6.28318530717959),
 .UNSPECIFIED.)
GEOMETRIC_REPRESENTATION_ITEM()
RATIONAL_B_SPLINE_SURFACE(((1.,0.707106781186548,1.,0.707106781186548,1.,
0.707106781186548,1.,0.707106781186548,1.),(1.,0.707106781186548,1.,0.707106781186548,
1.,0.707106781186548,1.,0.707106781186548,1.),(1.,0.707106781186548,1.,
0.707106781186548,1.,0.707106781186548,1.,0.707106781186548,1.),(1.,0.707106781186548,
1.,0.707106781186548,1.,0.707106781186548,1.,0.707106781186548,1.),(1.,
0.707106781186548,1.,0.707106781186548,1.,0.707106781186548,1.,0.707106781186548,
1.),(1.,0.707106781186548,1.,0.707106781186548,1.,0.707106781186548,1.,
0.707106781186548,1.),(1.,0.707106781186548,1.,0.707106781186548,1.,0.707106781186548,
1.,0.707106781186548,1.),(1.,0.707106781186548,1.,0.707106781186548,1.,
0.707106781186548,1.,0.707106781186548,1.),(1.,0.707106781186548,1.,0.707106781186548,
1.,0.707106781186548,1.,0.707106781186548,1.),(1.,0.707106781186548,1.,
0.707106781186548,1.,0.707106781186548,1.,0.707106781186548,1.),(1.,0.707106781186548,
1.,0.707106781186548,1.,0.707106781186548,1.,0.707106781186548,1.),(1.,
0.707106781186548,1.,0.707106781186548,1.,0.707106781186548,1.,0.707106781186548,
1.),(1.,0.707106781186548,1.,0.707106781186548,1.,0.707106781186548,1.,
0.707106781186548,1.),(1.,0.707106781186548,1.,0.707106781186548,1.,0.707106781186548,
1.,0.707106781186548,1.),(1.,0.707106781186548,1.,0.707106781186548,1.,
0.707106781186548,1.,0.707106781186548,1.),(1.,0.707106781186548,1.,0.707106781186548,
1.,0.707106781186548,1.,0.707106781186548,1.),(1.,0.707106781186548,1.,
0.707106781186548,1.,0.707106781186548,1.,0.707106781186548,1.),(1.,0.707106781186548,
1.,0.707106781186548,1.,0.707106781186548,1.,0.707106781186548,1.),(1.,
0.707106781186548,1.,0.707106781186548,1.,0.707106781186548,1.,0.707106781186548,
1.),(1.,0.707106781186548,1.,0.707106781186548,1.,0.707106781186548,1.,
0.707106781186548,1.),(1.,0.707106781186548,1.,0.707106781186548,1.,0.707106781186548,
1.,0.707106781186548,1.),(1.,0.707106781186548,1.,0.707106781186548,1.,
0.707106781186548,1.,0.707106781186548,1.),(1.,0.707106781186548,1.,0.707106781186548,
1.,0.707106781186548,1.,0.707106781186548,1.),(1.,0.707106781186548,1.,
0.707106781186548,1.,0.707106781186548,1.,0.707106781186548,1.),(1.,0.707106781186548,
1.,0.707106781186548,1.,0.707106781186548,1.,0.707106781186548,1.),(1.,
0.707106781186548,1.,0.707106781186548,1.,0.707106781186548,1.,0.707106781186548,
1.),(1.,0.707106781186548,1.,0.707106781186548,1.,0.707106781186548,1.,
0.707106781186548,1.),(1.,0.707106781186548,1.,0.707106781186548,1.,0.707106781186548,
1.,0.707106781186548,1.),(1.,0.707106781186548,1.,0.707106781186548,1.,
0.707106781186548,1.,0.707106781186548,1.),(1.,0.707106781186548,1.,0.707106781186548,
1.,0.707106781186548,1.,0.707106781186548,1.),(1.,0.707106781186548,1.,
0.707106781186548,1.,0.707106781186548,1.,0.707106781186548,1.),(1.,0.707106781186548,
1.,0.707106781186548,1.,0.707106781186548,1.,0.707106781186548,1.),(1.,
0.707106781186548,1.,0.707106781186548,1.,0.707106781186548,1.,0.707106781186548,
1.),(1.,0.707106781186548,1.,0.707106781186548,1.,0.707106781186548,1.,
0.707106781186548,1.),(1.,0.707106781186548,1.,0.707106781186548,1.,0.707106781186548,
1.,0.707106781186548,1.),(1.,0.707106781186548,1.,0.707106781186548,1.,
0.707106781186548,1.,0.707106781186548,1.),(1.,0.707106781186548,1.,0.707106781186548,
1.,0.707106781186548,1.,0.707106781186548,1.),(1.,0.707106781186548,1.,
0.707106781186548,1.,0.707106781186548,1.,0.707106781186548,1.),(1.,0.707106781186548,
1.,0.707106781186548,1.,0.707106781186548,1.,0.707106781186548,1.),(1.,
0.707106781186548,1.,0.707106781186548,1.,0.707106781186548,1.,0.707106781186548,
1.),(1.,0.707106781186548,1.,0.707106781186548,1.,0.707106781186548,1.,
0.707106781186548,1.),(1.,0.707106781186548,1.,0.707106781186548,1.,0.707106781186548,
1.,0.707106781186548,1.),(1.,0.707106781186548,1.,0.707106781186548,1.,
0.707106781186548,1.,0.707106781186548,1.),(1.,0.707106781186548,1.,0.707106781186548,
1.,0.707106781186548,1.,0.707106781186548,1.),(1.,0.707106781186548,1.,
0.707106781186548,1.,0.707106781186548,1.,0.707106781186548,1.),(1.,0.707106781186548,
1.,0.707106781186548,1.,0.707106781186548,1.,0.707106781186548,1.),(1.,
0.707106781186548,1.,0.707106781186548,1.,0.707106781186548,1.,0.707106781186548,
1.),(1.,0.707106781186548,1.,0.707106781186548,1.,0.707106781186548,1.,
0.707106781186548,1.),(1.,0.707106781186548,1.,0.707106781186548,1.,0.707106781186548,
1.,0.707106781186548,1.),(1.,0.707106781186548,1.,0.707106781186548,1.,
0.707106781186548,1.,0.707106781186548,1.),(1.,0.707106781186548,1.,0.707106781186548,
1.,0.707106781186548,1.,0.707106781186548,1.),(1.,0.707106781186548,1.,
0.707106781186548,1.,0.707106781186548,1.,0.707106781186548,1.),(1.,0.707106781186548,
1.,0.707106781186548,1.,0.707106781186548,1.,0.707106781186548,1.),(1.,
0.707106781186548,1.,0.707106781186548,1.,0.707106781186548,1.,0.707106781186548,
1.),(1.,0.707106781186548,1.,0.707106781186548,1.,0.707106781186548,1.,
0.707106781186548,1.)))
REPRESENTATION_ITEM('')
SURFACE()
);
#44=FACE_OUTER_BOUND('',#60,.T.);
#45=FACE_OUTER_BOUND('',#61,.T.);
#46=FACE_OUTER_BOUND('',#62,.T.);
#47=FACE_OUTER_BOUND('',#63,.T.);
#48=FACE_OUTER_BOUND('',#64,.T.);
#49=FACE_OUTER_BOUND('',#65,.T.);
#50=FACE_OUTER_BOUND('',#66,.T.);
#51=FACE_OUTER_BOUND('',#67,.T.);
#52=FACE_OUTER_BOUND('',#68,.T.);
#53=FACE_OUTER_BOUND('',#69,.T.);
#54=FACE_OUTER_BOUND('',#70,.T.);
#55=FACE_OUTER_BOUND('',#71,.T.);
#56=FACE_OUTER_BOUND('',#72,.T.);
#57=FACE_OUTER_BOUND('',#73,.T.);
#58=FACE_OUTER_BOUND('',#74,.T.);
#59=FACE_OUTER_BOUND('',#75,.T.);
#60=EDGE_LOOP('',(#150,#151,#152,#153));
#61=EDGE_LOOP('',(#154,#155,#156,#157));
#62=EDGE_LOOP('',(#158,#159,#160,#161));
#63=EDGE_LOOP('',(#162,#163,#164,#165));
#64=EDGE_LOOP('',(#166,#167,#168,#169));
#65=EDGE_LOOP('',(#170,#171,#172,#173));
#66=EDGE_LOOP('',(#174,#175));
#67=EDGE_LOOP('',(#176,#177));
#68=EDGE_LOOP('',(#178,#179));
#69=EDGE_LOOP('',(#180,#181));
#70=EDGE_LOOP('',(#182,#183));
#71=EDGE_LOOP('',(#184,#185));
#72=EDGE_LOOP('',(#186,#187));
#73=EDGE_LOOP('',(#188,#189));
#74=EDGE_LOOP('',(#190,#191));
#75=EDGE_LOOP('',(#192,#193));
#76=LINE('',#277,#88);
#77=LINE('',#279,#89);
#78=LINE('',#281,#90);
#79=LINE('',#282,#91);
#80=LINE('',#285,#92);
#81=LINE('',#287,#93);
#82=LINE('',#288,#94);
#83=LINE('',#291,#95);
#84=LINE('',#292,#96);
#85=LINE('',#295,#97);
#86=LINE('',#296,#98);
#87=LINE('',#298,#99);
#88=VECTOR('',#251,10.);
#89=VECTOR('',#252,10.);
#90=VECTOR('',#253,10.);
#91=VECTOR('',#254,10.);
#92=VECTOR('',#257,10.);
#93=VECTOR('',#258,10.);
#94=VECTOR('',#259,10.);
#95=VECTOR('',#262,10.);
#96=VECTOR('',#263,10.);
#97=VECTOR('',#266,10.);
#98=VECTOR('',#267,10.);
#99=VECTOR('',#270,10.);
#100=VERTEX_POINT('',#275);
#101=VERTEX_POINT('',#276);
#102=VERTEX_POINT('',#278);
#103=VERTEX_POINT('',#280);
#104=VERTEX_POINT('',#284);
#105=VERTEX_POINT('',#286);
#106=VERTEX_POINT('',#290);
#107=VERTEX_POINT('',#294);
#108=VERTEX_POINT('',#795);
#109=VERTEX_POINT('',#796);
#110=VERTEX_POINT('',#1347);
#111=VERTEX_POINT('',#1348);
#112=VERTEX_POINT('',#1899);
#113=VERTEX_POINT('',#1900);
#114=VERTEX_POINT('',#2451);
#115=VERTEX_POINT('',#2452);
#116=VERTEX_POINT('',#3003);
#117=VERTEX_POINT('',#3004);
#118=VERTEX_POINT('',#3555);
#119=VERTEX_POINT('',#3556);
#120=VERTEX_POINT('',#4107);
#121=VERTEX_POINT('',#4108);
#122=VERTEX_POINT('',#4659);
#123=VERTEX_POINT('',#4660);
#124=VERTEX_POINT('',#5211);
#125=VERTEX_POINT('',#5212);
#126=VERTEX_POINT('',#5763);
#127=VERTEX_POINT('',#5764);
#128=EDGE_CURVE('',#100,#101,#76,.T.);
#129=EDGE_CURVE('',#101,#102,#77,.T.);
#130=EDGE_CURVE('',#102,#103,#78,.T.);
#131=EDGE_CURVE('',#103,#100,#79,.T.);
#132=EDGE_CURVE('',#104,#101,#80,.T.);
#133=EDGE_CURVE('',#105,#104,#81,.T.);
#134=EDGE_CURVE('',#102,#105,#82,.T.);
#135=EDGE_CURVE('',#106,#105,#83,.T.);
#136=EDGE_CURVE('',#103,#106,#84,.T.);
#137=EDGE_CURVE('',#107,#106,#85,.T.);
#138=EDGE_CURVE('',#100,#107,#86,.T.);
#139=EDGE_CURVE('',#104,#107,#87,.T.);
#140=EDGE_CURVE('',#108,#109,#24,.T.);
#141=EDGE_CURVE('',#110,#111,#25,.T.);
#142=EDGE_CURVE('',#112,#113,#26,.T.);
#143=EDGE_CURVE('',#114,#115,#27,.T.);
#144=EDGE_CURVE('',#116,#117,#28,.T.);
#145=EDGE_CURVE('',#118,#119,#29,.T.);
#146=EDGE_CURVE('',#120,#121,#30,.T.);
#147=EDGE_CURVE('',#122,#123,#31,.T.);
#148=EDGE_CURVE('',#124,#125,#32,.T.);
#149=EDGE_CURVE('',#126,#127,#33,.T.);
#150=ORIENTED_EDGE('',*,*,#128,.T.);
#151=ORIENTED_EDGE('',*,*,#129,.T.);
#152=ORIENTED_EDGE('',*,*,#130,.T.);
#153=ORIENTED_EDGE('',*,*,#131,.T.);
#154=ORIENTED_EDGE('',*,*,#132,.F.);
#155=ORIENTED_EDGE('',*,*,#133,.F.);
#156=ORIENTED_EDGE('',*,*,#134,.F.);
#157=ORIENTED_EDGE('',*,*,#129,.F.);
#158=ORIENTED_EDGE('',*,*,#134,.T.);
#159=ORIENTED_EDGE('',*,*,#135,.F.);
#160=ORIENTED_EDGE('',*,*,#136,.F.);
#161=ORIENTED_EDGE('',*,*,#130,.F.);
#162=ORIENTED_EDGE('',*,*,#136,.T.);
#163=ORIENTED_EDGE('',*,*,#137,.F.);
#164=ORIENTED_EDGE('',*,*,#138,.F.);
#165=ORIENTED_EDGE('',*,*,#131,.F.);
#166=ORIENTED_EDGE('',*,*,#138,.T.);
#167=ORIENTED_EDGE('',*,*,#139,.F.);
#168=ORIENTED_EDGE('',*,*,#132,.T.);
#169=ORIENTED_EDGE('',*,*,#128,.F.);
#170=ORIENTED_EDGE('',*,*,#139,.T.);
#171=ORIENTED_EDGE('',*,*,#137,.T.);
#172=ORIENTED_EDGE('',*,*,#135,.T.);
#173=ORIENTED_EDGE('',*,*,#133,.T.);
#174=ORIENTED_EDGE('',*,*,#140,.F.);
#175=ORIENTED_EDGE('',*,*,#140,.T.);
#176=ORIENTED_EDGE('',*,*,#141,.F.);
#177=ORIENTED_EDGE('',*,*,#141,.T.);
#178=ORIENTED_EDGE('',*,*,#142,.F.);
#179=ORIENTED_EDGE('',*,*,#142,.T.);
#180=ORIENTED_EDGE('',*,*,#143,.F.);
#181=ORIENTED_EDGE('',*,*,#143,.T.);
#182=ORIENTED_EDGE('',*,*,#144,.F.);
#183=ORIENTED_EDGE('',*,*,#144,.T.);
#184=ORIENTED_EDGE('',*,*,#145,.F.);
#185=ORIENTED_EDGE('',*,*,#145,.T.);
#186=ORIENTED_EDGE('',*,*,#146,.F.);
#187=ORIENTED_EDGE('',*,*,#146,.T.);
#188=ORIENTED_EDGE('',*,*,#147,.F.);
#189=ORIENTED_EDGE('',*,*,#147,.T.);
#190=ORIENTED_EDGE('',*,*,#148,.F.);
#191=ORIENTED_EDGE('',*,*,#148,.T.);
#192=ORIENTED_EDGE('',*,*,#149,.F.);
#193=ORIENTED_EDGE('',*,*,#149,.T.);
#194=PLANE('',#241);
#195=PLANE('',#242);
#196=PLANE('',#243);
#197=PLANE('',#244);
#198=PLANE('',#245);
#199=PLANE('',#246);
#200=ADVANCED_FACE('',(#44),#194,.T.);
#201=ADVANCED_FACE('',(#45),#195,.T.);
#202=ADVANCED_FACE('',(#46),#196,.T.);
#203=ADVANCED_FACE('',(#47),#197,.T.);
#204=ADVANCED_FACE('',(#48),#198,.T.);
#205=ADVANCED_FACE('',(#49),#199,.T.);
#206=ADVANCED_FACE('',(#50),#34,.F.);
#207=ADVANCED_FACE('',(#51),#35,.F.);
#208=ADVANCED_FACE('',(#52),#36,.F.);
#209=ADVANCED_FACE('',(#53),#37,.F.);
#210=ADVANCED_FACE('',(#54),#38,.F.);
#211=ADVANCED_FACE('',(#55),#39,.F.);
#212=ADVANCED_FACE('',(#56),#40,.F.);
#213=ADVANCED_FACE('',(#57),#41,.F.);
#214=ADVANCED_FACE('',(#58),#42,.F.);
#215=ADVANCED_FACE('',(#59),#43,.F.);
#216=CLOSED_SHELL('',(#200,#201,#202,#203,#204,#205));
#217=CLOSED_SHELL('',(#206));
#218=CLOSED_SHELL('',(#207));
#219=CLOSED_SHELL('',(#208));
#220=CLOSED_SHELL('',(#209));
#221=CLOSED_SHELL('',(#210));
#222=CLOSED_SHELL('',(#211));
#223=CLOSED_SHELL('',(#212));
#224=CLOSED_SHELL('',(#213));
#225=CLOSED_SHELL('',(#214));
#226=CLOSED_SHELL('',(#215));
#227=BREP_WITH_VOIDS('Body1',#216,(#14,#15,#16,#17,#18,#19,#20,#21,#22,
#23));
#228=DERIVED_UNIT_ELEMENT(#230,1.);
#229=DERIVED_UNIT_ELEMENT(#5825,-3.);
#230=(
MASS_UNIT()
NAMED_UNIT(*)
SI_UNIT(.KILO.,.GRAM.)
);
#231=DERIVED_UNIT((#228,#229));
#232=MEASURE_REPRESENTATION_ITEM('density measure',
POSITIVE_RATIO_MEASURE(7850.),#231);
#233=PROPERTY_DEFINITION_REPRESENTATION(#238,#235);
#234=PROPERTY_DEFINITION_REPRESENTATION(#239,#236);
#235=REPRESENTATION('material name',(#237),#5822);
#236=REPRESENTATION('density',(#232),#5822);
#237=DESCRIPTIVE_REPRESENTATION_ITEM('Steel','Steel');
#238=PROPERTY_DEFINITION('material property','material name',#5832);
#239=PROPERTY_DEFINITION('material property','density of part',#5832);
#240=AXIS2_PLACEMENT_3D('',#273,#247,#248);
#241=AXIS2_PLACEMENT_3D('',#274,#249,#250);
#242=AXIS2_PLACEMENT_3D('',#283,#255,#256);
#243=AXIS2_PLACEMENT_3D('',#289,#260,#261);
#244=AXIS2_PLACEMENT_3D('',#293,#264,#265);
#245=AXIS2_PLACEMENT_3D('',#297,#268,#269);
#246=AXIS2_PLACEMENT_3D('',#299,#271,#272);
#247=DIRECTION('axis',(0.,0.,1.));
#248=DIRECTION('refdir',(1.,0.,0.));
#249=DIRECTION('center_axis',(0.,0.,-1.));
#250=DIRECTION('ref_axis',(-1.,0.,0.));
#251=DIRECTION('',(-1.,0.,0.));
#252=DIRECTION('',(0.,1.,0.));
#253=DIRECTION('',(1.,0.,0.));
#254=DIRECTION('',(0.,-1.,0.));
#255=DIRECTION('center_axis',(-1.,0.,0.));
#256=DIRECTION('ref_axis',(0.,-1.,0.));
#257=DIRECTION('',(0.,0.,-1.));
#258=DIRECTION('',(0.,-1.,0.));
#259=DIRECTION('',(0.,0.,1.));
#260=DIRECTION('center_axis',(0.,1.,0.));
#261=DIRECTION('ref_axis',(-1.,0.,0.));
#262=DIRECTION('',(-1.,0.,0.));
#263=DIRECTION('',(0.,0.,1.));
#264=DIRECTION('center_axis',(1.,0.,0.));
#265=DIRECTION('ref_axis',(0.,1.,0.));
#266=DIRECTION('',(0.,1.,0.));
#267=DIRECTION('',(0.,0.,1.));
#268=DIRECTION('center_axis',(0.,-1.,0.));
#269=DIRECTION('ref_axis',(1.,0.,0.));
#270=DIRECTION('',(1.,0.,0.));
#271=DIRECTION('center_axis',(0.,0.,1.));
#272=DIRECTION('ref_axis',(1.,0.,0.));
#273=CARTESIAN_POINT('',(0.,0.,0.));
#274=CARTESIAN_POINT('Origin',(0.,0.,-2.5));
#275=CARTESIAN_POINT('',(10.,-10.,-2.5));
#276=CARTESIAN_POINT('',(-10.,-10.,-2.5));
#277=CARTESIAN_POINT('',(10.,-10.,-2.5));
#278=CARTESIAN_POINT('',(-10.,10.,-2.5));
#279=CARTESIAN_POINT('',(-10.,-10.,-2.5));
#280=CARTESIAN_POINT('',(10.,10.,-2.5));
#281=CARTESIAN_POINT('',(-10.,10.,-2.5));
#282=CARTESIAN_POINT('',(10.,10.,-2.5));
#283=CARTESIAN_POINT('Origin',(-10.,10.,0.));
#284=CARTESIAN_POINT('',(-10.,-10.,2.5));
#285=CARTESIAN_POINT('',(-10.,-10.,0.));
#286=CARTESIAN_POINT('',(-10.,10.,2.5));
#287=CARTESIAN_POINT('',(-10.,-10.,2.5));
#288=CARTESIAN_POINT('',(-10.,10.,0.));
#289=CARTESIAN_POINT('Origin',(10.,10.,0.));
#290=CARTESIAN_POINT('',(10.,10.,2.5));
#291=CARTESIAN_POINT('',(-10.,10.,2.5));
#292=CARTESIAN_POINT('',(10.,10.,0.));
#293=CARTESIAN_POINT('Origin',(10.,-10.,0.));
#294=CARTESIAN_POINT('',(10.,-10.,2.5));
#295=CARTESIAN_POINT('',(10.,10.,2.5));
#296=CARTESIAN_POINT('',(10.,-10.,0.));
#297=CARTESIAN_POINT('Origin',(-10.,-10.,0.));
#298=CARTESIAN_POINT('',(10.,-10.,2.5));
#299=CARTESIAN_POINT('Origin',(0.,0.,2.5));
#300=CARTESIAN_POINT('Ctrl Pts',(-1.00000011920929,-6.39999993890524,-0.7));
#301=CARTESIAN_POINT('Ctrl Pts',(-1.00000011920929,-6.39999993890524,-0.7));
#302=CARTESIAN_POINT('Ctrl Pts',(-1.00000011920929,-6.39999993890524,-0.7));
#303=CARTESIAN_POINT('Ctrl Pts',(-1.00000011920929,-6.39999993890524,-0.7));
#304=CARTESIAN_POINT('Ctrl Pts',(-1.00000011920929,-6.39999993890524,-0.7));
#305=CARTESIAN_POINT('Ctrl Pts',(-1.00000011920929,-6.39999993890524,-0.7));
#306=CARTESIAN_POINT('Ctrl Pts',(-1.00000011920929,-6.39999993890524,-0.7));
#307=CARTESIAN_POINT('Ctrl Pts',(-1.00000011920929,-6.39999993890524,-0.7));
#308=CARTESIAN_POINT('Ctrl Pts',(-1.00000011920929,-6.39999993890524,-0.7));
#309=CARTESIAN_POINT('Ctrl Pts',(-0.985891818025326,-6.42677583280947,-0.7));
#310=CARTESIAN_POINT('Ctrl Pts',(-0.985891818025326,-6.42677583280947,-0.685891698816036));
#311=CARTESIAN_POINT('Ctrl Pts',(-1.00000011920929,-6.42677583280947,-0.685891698816036));
#312=CARTESIAN_POINT('Ctrl Pts',(-1.01410842039325,-6.42677583280947,-0.685891698816036));
#313=CARTESIAN_POINT('Ctrl Pts',(-1.01410842039325,-6.42677583280947,-0.7));
#314=CARTESIAN_POINT('Ctrl Pts',(-1.01410842039325,-6.42677583280947,-0.714108301183965));
#315=CARTESIAN_POINT('Ctrl Pts',(-1.00000011920929,-6.42677583280947,-0.714108301183965));
#316=CARTESIAN_POINT('Ctrl Pts',(-0.985891818025326,-6.42677583280947,-0.714108301183965));
#317=CARTESIAN_POINT('Ctrl Pts',(-0.985891818025326,-6.42677583280947,-0.7));
#318=CARTESIAN_POINT('Ctrl Pts',(-0.958916089991619,-6.47636860036975,-0.7));
#319=CARTESIAN_POINT('Ctrl Pts',(-0.958916089991619,-6.47636860036975,-0.658915970782329));
#320=CARTESIAN_POINT('Ctrl Pts',(-1.00000011920929,-6.47636860036975,-0.658915970782329));
#321=CARTESIAN_POINT('Ctrl Pts',(-1.04108414842696,-6.47636860036975,-0.658915970782329));
#322=CARTESIAN_POINT('Ctrl Pts',(-1.04108414842696,-6.47636860036975,-0.7));
#323=CARTESIAN_POINT('Ctrl Pts',(-1.04108414842696,-6.47636860036975,-0.741084029217671));
#324=CARTESIAN_POINT('Ctrl Pts',(-1.00000011920929,-6.47636860036975,-0.741084029217671));
#325=CARTESIAN_POINT('Ctrl Pts',(-0.958916089991619,-6.47636860036975,-0.741084029217671));
#326=CARTESIAN_POINT('Ctrl Pts',(-0.958916089991619,-6.47636860036975,-0.7));
#327=CARTESIAN_POINT('Ctrl Pts',(-0.922175064976874,-6.53888081756863,-0.7));
#328=CARTESIAN_POINT('Ctrl Pts',(-0.922175064976874,-6.53888081756863,-0.622174945767584));
#329=CARTESIAN_POINT('Ctrl Pts',(-1.00000011920929,-6.53888081756863,-0.622174945767584));
#330=CARTESIAN_POINT('Ctrl Pts',(-1.07782517344171,-6.53888081756863,-0.622174945767584));
#331=CARTESIAN_POINT('Ctrl Pts',(-1.07782517344171,-6.53888081756863,-0.7));
#332=CARTESIAN_POINT('Ctrl Pts',(-1.07782517344171,-6.53888081756863,-0.777825054232416));
#333=CARTESIAN_POINT('Ctrl Pts',(-1.00000011920929,-6.53888081756863,-0.777825054232416));
#334=CARTESIAN_POINT('Ctrl Pts',(-0.922175064976874,-6.53888081756863,-0.777825054232416));
#335=CARTESIAN_POINT('Ctrl Pts',(-0.922175064976874,-6.53888081756863,-0.7));
#336=CARTESIAN_POINT('Ctrl Pts',(-0.880637502130504,-6.59845999807379,-0.7));
#337=CARTESIAN_POINT('Ctrl Pts',(-0.880637502130504,-6.59845999807379,-0.580637382921214));
#338=CARTESIAN_POINT('Ctrl Pts',(-1.00000011920929,-6.59845999807379,-0.580637382921214));
#339=CARTESIAN_POINT('Ctrl Pts',(-1.11936273628808,-6.59845999807379,-0.580637382921214));
#340=CARTESIAN_POINT('Ctrl Pts',(-1.11936273628808,-6.59845999807379,-0.7));
#341=CARTESIAN_POINT('Ctrl Pts',(-1.11936273628808,-6.59845999807379,-0.819362617078786));
#342=CARTESIAN_POINT('Ctrl Pts',(-1.00000011920929,-6.59845999807379,-0.819362617078786));
#343=CARTESIAN_POINT('Ctrl Pts',(-0.880637502130504,-6.59845999807379,-0.819362617078786));
#344=CARTESIAN_POINT('Ctrl Pts',(-0.880637502130504,-6.59845999807379,-0.7));
#345=CARTESIAN_POINT('Ctrl Pts',(-0.840863267897085,-6.63397331979354,-0.7));
#346=CARTESIAN_POINT('Ctrl Pts',(-0.840863267897085,-6.63397331979354,-0.540863148687795));
#347=CARTESIAN_POINT('Ctrl Pts',(-1.00000011920929,-6.63397331979354,-0.540863148687795));
#348=CARTESIAN_POINT('Ctrl Pts',(-1.1591369705215,-6.63397331979354,-0.540863148687795));
#349=CARTESIAN_POINT('Ctrl Pts',(-1.1591369705215,-6.63397331979354,-0.7));
#350=CARTESIAN_POINT('Ctrl Pts',(-1.1591369705215,-6.63397331979354,-0.859136851312206));
#351=CARTESIAN_POINT('Ctrl Pts',(-1.00000011920929,-6.63397331979354,-0.859136851312206));
#352=CARTESIAN_POINT('Ctrl Pts',(-0.840863267897085,-6.63397331979354,-0.859136851312206));
#353=CARTESIAN_POINT('Ctrl Pts',(-0.840863267897085,-6.63397331979354,-0.7));
#354=CARTESIAN_POINT('Ctrl Pts',(-0.812387268233613,-6.63263278099789,-0.7));
#355=CARTESIAN_POINT('Ctrl Pts',(-0.812387268233613,-6.63263278099789,-0.512387149024323));
#356=CARTESIAN_POINT('Ctrl Pts',(-1.00000011920929,-6.63263278099789,-0.512387149024323));
#357=CARTESIAN_POINT('Ctrl Pts',(-1.18761297018497,-6.63263278099789,-0.512387149024323));
#358=CARTESIAN_POINT('Ctrl Pts',(-1.18761297018497,-6.63263278099789,-0.7));
#359=CARTESIAN_POINT('Ctrl Pts',(-1.18761297018497,-6.63263278099789,-0.887612850975677));
#360=CARTESIAN_POINT('Ctrl Pts',(-1.00000011920929,-6.63263278099789,-0.887612850975677));
#361=CARTESIAN_POINT('Ctrl Pts',(-0.812387268233613,-6.63263278099789,-0.887612850975677));
#362=CARTESIAN_POINT('Ctrl Pts',(-0.812387268233613,-6.63263278099789,-0.7));
#363=CARTESIAN_POINT('Ctrl Pts',(-0.793456136600205,-6.59880959205456,-0.7));
#364=CARTESIAN_POINT('Ctrl Pts',(-0.793456136600205,-6.59880959205456,-0.493456017390915));
#365=CARTESIAN_POINT('Ctrl Pts',(-1.00000011920929,-6.59880959205456,-0.493456017390915));
#366=CARTESIAN_POINT('Ctrl Pts',(-1.20654410181838,-6.59880959205456,-0.493456017390915));
#367=CARTESIAN_POINT('Ctrl Pts',(-1.20654410181838,-6.59880959205456,-0.7));
#368=CARTESIAN_POINT('Ctrl Pts',(-1.20654410181838,-6.59880959205456,-0.906543982609085));
#369=CARTESIAN_POINT('Ctrl Pts',(-1.00000011920929,-6.59880959205456,-0.906543982609085));
#370=CARTESIAN_POINT('Ctrl Pts',(-0.793456136600205,-6.59880959205456,-0.906543982609085));
#371=CARTESIAN_POINT('Ctrl Pts',(-0.793456136600205,-6.59880959205456,-0.7));
#372=CARTESIAN_POINT('Ctrl Pts',(-0.781144810295032,-6.53982717765135,-0.7));
#373=CARTESIAN_POINT('Ctrl Pts',(-0.781144810295032,-6.53982717765135,-0.481144691085742));
#374=CARTESIAN_POINT('Ctrl Pts',(-1.00000011920929,-6.53982717765135,-0.481144691085742));
#375=CARTESIAN_POINT('Ctrl Pts',(-1.21885542812355,-6.53982717765135,-0.481144691085742));
#376=CARTESIAN_POINT('Ctrl Pts',(-1.21885542812355,-6.53982717765135,-0.7));
#377=CARTESIAN_POINT('Ctrl Pts',(-1.21885542812355,-6.53982717765135,-0.918855308914258));
#378=CARTESIAN_POINT('Ctrl Pts',(-1.00000011920929,-6.53982717765135,-0.918855308914258));
#379=CARTESIAN_POINT('Ctrl Pts',(-0.781144810295032,-6.53982717765135,-0.918855308914258));
#380=CARTESIAN_POINT('Ctrl Pts',(-0.781144810295032,-6.53982717765135,-0.7));
#381=CARTESIAN_POINT('Ctrl Pts',(-0.770936912129303,-6.46699310042293,-0.7));
#382=CARTESIAN_POINT('Ctrl Pts',(-0.770936912129303,-6.46699310042293,-0.470936792920013));
#383=CARTESIAN_POINT('Ctrl Pts',(-1.00000011920929,-6.46699310042293,-0.470936792920013));
#384=CARTESIAN_POINT('Ctrl Pts',(-1.22906332628928,-6.46699310042293,-0.470936792920013));
#385=CARTESIAN_POINT('Ctrl Pts',(-1.22906332628928,-6.46699310042293,-0.7));
#386=CARTESIAN_POINT('Ctrl Pts',(-1.22906332628928,-6.46699310042293,-0.929063207079987));
#387=CARTESIAN_POINT('Ctrl Pts',(-1.00000011920929,-6.46699310042293,-0.929063207079987));
#388=CARTESIAN_POINT('Ctrl Pts',(-0.770936912129303,-6.46699310042293,-0.929063207079987));
#389=CARTESIAN_POINT('Ctrl Pts',(-0.770936912129303,-6.46699310042293,-0.7));
#390=CARTESIAN_POINT('Ctrl Pts',(-0.757686188913716,-6.39348819984485,-0.7));
#391=CARTESIAN_POINT('Ctrl Pts',(-0.757686188913716,-6.39348819984485,-0.457686069704426));
#392=CARTESIAN_POINT('Ctrl Pts',(-1.00000011920929,-6.39348819984485,-0.457686069704426));
#393=CARTESIAN_POINT('Ctrl Pts',(-1.24231404950486,-6.39348819984485,-0.457686069704426));
#394=CARTESIAN_POINT('Ctrl Pts',(-1.24231404950486,-6.39348819984485,-0.7));
#395=CARTESIAN_POINT('Ctrl Pts',(-1.24231404950486,-6.39348819984485,-0.942313930295574));
#396=CARTESIAN_POINT('Ctrl Pts',(-1.00000011920929,-6.39348819984485,-0.942313930295574));
#397=CARTESIAN_POINT('Ctrl Pts',(-0.757686188913716,-6.39348819984485,-0.942313930295574));
#398=CARTESIAN_POINT('Ctrl Pts',(-0.757686188913716,-6.39348819984485,-0.7));
#399=CARTESIAN_POINT('Ctrl Pts',(-0.73673028091984,-6.33189350365878,-0.7));
#400=CARTESIAN_POINT('Ctrl Pts',(-0.73673028091984,-6.33189350365878,-0.43673016171055));
#401=CARTESIAN_POINT('Ctrl Pts',(-1.00000011920929,-6.33189350365878,-0.43673016171055));
#402=CARTESIAN_POINT('Ctrl Pts',(-1.26326995749874,-6.33189350365878,-0.43673016171055));
#403=CARTESIAN_POINT('Ctrl Pts',(-1.26326995749874,-6.33189350365878,-0.7));
#404=CARTESIAN_POINT('Ctrl Pts',(-1.26326995749874,-6.33189350365878,-0.96326983828945));
#405=CARTESIAN_POINT('Ctrl Pts',(-1.00000011920929,-6.33189350365878,-0.96326983828945));
#406=CARTESIAN_POINT('Ctrl Pts',(-0.73673028091984,-6.33189350365878,-0.96326983828945));
#407=CARTESIAN_POINT('Ctrl Pts',(-0.73673028091984,-6.33189350365878,-0.7));
#408=CARTESIAN_POINT('Ctrl Pts',(-0.705034731050453,-6.29168591235733,-0.7));
#409=CARTESIAN_POINT('Ctrl Pts',(-0.705034731050453,-6.29168591235733,-0.405034611841163));
#410=CARTESIAN_POINT('Ctrl Pts',(-1.00000011920929,-6.29168591235733,-0.405034611841163));
#411=CARTESIAN_POINT('Ctrl Pts',(-1.29496550736813,-6.29168591235733,-0.405034611841163));
#412=CARTESIAN_POINT('Ctrl Pts',(-1.29496550736813,-6.29168591235733,-0.7));
#413=CARTESIAN_POINT('Ctrl Pts',(-1.29496550736813,-6.29168591235733,-0.994965388158837));
#414=CARTESIAN_POINT('Ctrl Pts',(-1.00000011920929,-6.29168591235733,-0.994965388158837));
#415=CARTESIAN_POINT('Ctrl Pts',(-0.705034731050453,-6.29168591235733,-0.994965388158837));
#416=CARTESIAN_POINT('Ctrl Pts',(-0.705034731050453,-6.29168591235733,-0.7));
#417=CARTESIAN_POINT('Ctrl Pts',(-0.66214001193525,-6.27709910633042,-0.7));
#418=CARTESIAN_POINT('Ctrl Pts',(-0.66214001193525,-6.27709910633042,-0.36213989272596));
#419=CARTESIAN_POINT('Ctrl Pts',(-1.00000011920929,-6.27709910633042,-0.36213989272596));
#420=CARTESIAN_POINT('Ctrl Pts',(-1.33786022648333,-6.27709910633042,-0.36213989272596));
#421=CARTESIAN_POINT('Ctrl Pts',(-1.33786022648333,-6.27709910633042,-0.7));
#422=CARTESIAN_POINT('Ctrl Pts',(-1.33786022648333,-6.27709910633042,-1.03786010727404));
#423=CARTESIAN_POINT('Ctrl Pts',(-1.00000011920929,-6.27709910633042,-1.03786010727404));
#424=CARTESIAN_POINT('Ctrl Pts',(-0.66214001193525,-6.27709910633042,-1.03786010727404));
#425=CARTESIAN_POINT('Ctrl Pts',(-0.66214001193525,-6.27709910633042,-0.7));
#426=CARTESIAN_POINT('Ctrl Pts',(-0.61165821724169,-6.2839392909683,-0.7));
#427=CARTESIAN_POINT('Ctrl Pts',(-0.61165821724169,-6.2839392909683,-0.3116580980324));
#428=CARTESIAN_POINT('Ctrl Pts',(-1.00000011920929,-6.2839392909683,-0.3116580980324));
#429=CARTESIAN_POINT('Ctrl Pts',(-1.38834202117689,-6.2839392909683,-0.3116580980324));
#430=CARTESIAN_POINT('Ctrl Pts',(-1.38834202117689,-6.2839392909683,-0.7));
#431=CARTESIAN_POINT('Ctrl Pts',(-1.38834202117689,-6.2839392909683,-1.0883419019676));
#432=CARTESIAN_POINT('Ctrl Pts',(-1.00000011920929,-6.2839392909683,-1.0883419019676));
#433=CARTESIAN_POINT('Ctrl Pts',(-0.61165821724169,-6.2839392909683,-1.0883419019676));
#434=CARTESIAN_POINT('Ctrl Pts',(-0.61165821724169,-6.2839392909683,-0.7));
#435=CARTESIAN_POINT('Ctrl Pts',(-0.560878377469228,-6.30000692412088,-0.7));
#436=CARTESIAN_POINT('Ctrl Pts',(-0.560878377469228,-6.30000692412088,-0.260878258259938));
#437=CARTESIAN_POINT('Ctrl Pts',(-1.00000011920929,-6.30000692412088,-0.260878258259938));
#438=CARTESIAN_POINT('Ctrl Pts',(-1.43912186094935,-6.30000692412088,-0.260878258259938));
#439=CARTESIAN_POINT('Ctrl Pts',(-1.43912186094935,-6.30000692412088,-0.7));
#440=CARTESIAN_POINT('Ctrl Pts',(-1.43912186094935,-6.30000692412088,-1.13912174174006));
#441=CARTESIAN_POINT('Ctrl Pts',(-1.00000011920929,-6.30000692412088,-1.13912174174006));
#442=CARTESIAN_POINT('Ctrl Pts',(-0.560878377469228,-6.30000692412088,-1.13912174174006));
#443=CARTESIAN_POINT('Ctrl Pts',(-0.560878377469228,-6.30000692412088,-0.7));
#444=CARTESIAN_POINT('Ctrl Pts',(-0.517744953298355,-6.31052401060115,-0.7));
#445=CARTESIAN_POINT('Ctrl Pts',(-0.517744953298355,-6.31052401060115,-0.217744834089065));
#446=CARTESIAN_POINT('Ctrl Pts',(-1.00000011920929,-6.31052401060115,-0.217744834089065));
#447=CARTESIAN_POINT('Ctrl Pts',(-1.48225528512023,-6.31052401060115,-0.217744834089065));
#448=CARTESIAN_POINT('Ctrl Pts',(-1.48225528512023,-6.31052401060115,-0.7));
#449=CARTESIAN_POINT('Ctrl Pts',(-1.48225528512023,-6.31052401060115,-1.18225516591094));
#450=CARTESIAN_POINT('Ctrl Pts',(-1.00000011920929,-6.31052401060115,-1.18225516591094));
#451=CARTESIAN_POINT('Ctrl Pts',(-0.517744953298355,-6.31052401060115,-1.18225516591094));
#452=CARTESIAN_POINT('Ctrl Pts',(-0.517744953298355,-6.31052401060115,-0.7));
#453=CARTESIAN_POINT('Ctrl Pts',(-0.488506456259271,-6.30228885285578,-0.7));
#454=CARTESIAN_POINT('Ctrl Pts',(-0.488506456259271,-6.30228885285578,-0.188506337049981));
#455=CARTESIAN_POINT('Ctrl Pts',(-1.00000011920929,-6.30228885285578,-0.188506337049981));
#456=CARTESIAN_POINT('Ctrl Pts',(-1.51149378215931,-6.30228885285578,-0.188506337049981));
#457=CARTESIAN_POINT('Ctrl Pts',(-1.51149378215931,-6.30228885285578,-0.7));
#458=CARTESIAN_POINT('Ctrl Pts',(-1.51149378215931,-6.30228885285578,-1.21149366295002));
#459=CARTESIAN_POINT('Ctrl Pts',(-1.00000011920929,-6.30228885285578,-1.21149366295002));
#460=CARTESIAN_POINT('Ctrl Pts',(-0.488506456259271,-6.30228885285578,-1.21149366295002));
#461=CARTESIAN_POINT('Ctrl Pts',(-0.488506456259271,-6.30228885285578,-0.7));
#462=CARTESIAN_POINT('Ctrl Pts',(-0.475044728237378,-6.26841574378387,-0.7));
#463=CARTESIAN_POINT('Ctrl Pts',(-0.475044728237378,-6.26841574378387,-0.175044609028088));
#464=CARTESIAN_POINT('Ctrl Pts',(-1.00000011920929,-6.26841574378387,-0.175044609028088));
#465=CARTESIAN_POINT('Ctrl Pts',(-1.5249555101812,-6.26841574378387,-0.175044609028088));
#466=CARTESIAN_POINT('Ctrl Pts',(-1.5249555101812,-6.26841574378387,-0.7));
#467=CARTESIAN_POINT('Ctrl Pts',(-1.5249555101812,-6.26841574378387,-1.22495539097191));
#468=CARTESIAN_POINT('Ctrl Pts',(-1.00000011920929,-6.26841574378387,-1.22495539097191));
#469=CARTESIAN_POINT('Ctrl Pts',(-0.475044728237378,-6.26841574378387,-1.22495539097191));
#470=CARTESIAN_POINT('Ctrl Pts',(-0.475044728237378,-6.26841574378387,-0.7));
#471=CARTESIAN_POINT('Ctrl Pts',(-0.472456568066226,-6.21264735616567,-0.7));
#472=CARTESIAN_POINT('Ctrl Pts',(-0.472456568066226,-6.21264735616567,-0.172456448856936));
#473=CARTESIAN_POINT('Ctrl Pts',(-1.00000011920929,-6.21264735616567,-0.172456448856936));
#474=CARTESIAN_POINT('Ctrl Pts',(-1.52754367035235,-6.21264735616567,-0.172456448856936));
#475=CARTESIAN_POINT('Ctrl Pts',(-1.52754367035235,-6.21264735616567,-0.7));
#476=CARTESIAN_POINT('Ctrl Pts',(-1.52754367035235,-6.21264735616567,-1.22754355114306));
#477=CARTESIAN_POINT('Ctrl Pts',(-1.00000011920929,-6.21264735616567,-1.22754355114306));
#478=CARTESIAN_POINT('Ctrl Pts',(-0.472456568066226,-6.21264735616567,-1.22754355114306));
#479=CARTESIAN_POINT('Ctrl Pts',(-0.472456568066226,-6.21264735616567,-0.7));
#480=CARTESIAN_POINT('Ctrl Pts',(-0.47229664474682,-6.14525400524848,-0.7));
#481=CARTESIAN_POINT('Ctrl Pts',(-0.47229664474682,-6.14525400524848,-0.17229652553753));
#482=CARTESIAN_POINT('Ctrl Pts',(-1.00000011920929,-6.14525400524848,-0.17229652553753));
#483=CARTESIAN_POINT('Ctrl Pts',(-1.52770359367176,-6.14525400524848,-0.17229652553753));
#484=CARTESIAN_POINT('Ctrl Pts',(-1.52770359367176,-6.14525400524848,-0.7));
#485=CARTESIAN_POINT('Ctrl Pts',(-1.52770359367176,-6.14525400524848,-1.22770347446247));
#486=CARTESIAN_POINT('Ctrl Pts',(-1.00000011920929,-6.14525400524848,-1.22770347446247));
#487=CARTESIAN_POINT('Ctrl Pts',(-0.47229664474682,-6.14525400524848,-1.22770347446247));
#488=CARTESIAN_POINT('Ctrl Pts',(-0.47229664474682,-6.14525400524848,-0.7));
#489=CARTESIAN_POINT('Ctrl Pts',(-0.465651275264529,-6.07915800587697,-0.7));
#490=CARTESIAN_POINT('Ctrl Pts',(-0.465651275264529,-6.07915800587697,-0.165651156055239));
#491=CARTESIAN_POINT('Ctrl Pts',(-1.00000011920929,-6.07915800587697,-0.165651156055239));
#492=CARTESIAN_POINT('Ctrl Pts',(-1.53434896315405,-6.07915800587697,-0.165651156055239));
#493=CARTESIAN_POINT('Ctrl Pts',(-1.53434896315405,-6.07915800587697,-0.7));
#494=CARTESIAN_POINT('Ctrl Pts',(-1.53434896315405,-6.07915800587697,-1.23434884394476));
#495=CARTESIAN_POINT('Ctrl Pts',(-1.00000011920929,-6.07915800587697,-1.23434884394476));
#496=CARTESIAN_POINT('Ctrl Pts',(-0.465651275264529,-6.07915800587697,-1.23434884394476));
#497=CARTESIAN_POINT('Ctrl Pts',(-0.465651275264529,-6.07915800587697,-0.7));
#498=CARTESIAN_POINT('Ctrl Pts',(-0.446343073375322,-6.02591950095943,-0.7));
#499=CARTESIAN_POINT('Ctrl Pts',(-0.446343073375322,-6.02591950095943,-0.146342954166032));
#500=CARTESIAN_POINT('Ctrl Pts',(-1.00000011920929,-6.02591950095943,-0.146342954166032));
#501=CARTESIAN_POINT('Ctrl Pts',(-1.55365716504326,-6.02591950095943,-0.146342954166032));
#502=CARTESIAN_POINT('Ctrl Pts',(-1.55365716504326,-6.02591950095943,-0.7));
#503=CARTESIAN_POINT('Ctrl Pts',(-1.55365716504326,-6.02591950095943,-1.25365704583397));
#504=CARTESIAN_POINT('Ctrl Pts',(-1.00000011920929,-6.02591950095943,-1.25365704583397));
#505=CARTESIAN_POINT('Ctrl Pts',(-0.446343073375322,-6.02591950095943,-1.25365704583397));
#506=CARTESIAN_POINT('Ctrl Pts',(-0.446343073375322,-6.02591950095943,-0.7));
#507=CARTESIAN_POINT('Ctrl Pts',(-0.413918827227049,-5.99193434821247,-0.7));
#508=CARTESIAN_POINT('Ctrl Pts',(-0.413918827227049,-5.99193434821247,-0.113918708017759));
#509=CARTESIAN_POINT('Ctrl Pts',(-1.00000011920929,-5.99193434821247,-0.113918708017759));
#510=CARTESIAN_POINT('Ctrl Pts',(-1.58608141119153,-5.99193434821247,-0.113918708017759));
#511=CARTESIAN_POINT('Ctrl Pts',(-1.58608141119153,-5.99193434821247,-0.7));
#512=CARTESIAN_POINT('Ctrl Pts',(-1.58608141119153,-5.99193434821247,-1.28608129198224));
#513=CARTESIAN_POINT('Ctrl Pts',(-1.00000011920929,-5.99193434821247,-1.28608129198224));
#514=CARTESIAN_POINT('Ctrl Pts',(-0.413918827227049,-5.99193434821247,-1.28608129198224));
#515=CARTESIAN_POINT('Ctrl Pts',(-0.413918827227049,-5.99193434821247,-0.7));
#516=CARTESIAN_POINT('Ctrl Pts',(-0.377188224326788,-5.97411746585252,-0.7));
#517=CARTESIAN_POINT('Ctrl Pts',(-0.377188224326788,-5.97411746585252,-0.0771881051174983));
#518=CARTESIAN_POINT('Ctrl Pts',(-1.00000011920929,-5.97411746585252,-0.0771881051174982));
#519=CARTESIAN_POINT('Ctrl Pts',(-1.62281201409179,-5.97411746585252,-0.0771881051174983));
#520=CARTESIAN_POINT('Ctrl Pts',(-1.62281201409179,-5.97411746585252,-0.7));
#521=CARTESIAN_POINT('Ctrl Pts',(-1.62281201409179,-5.97411746585252,-1.3228118948825));
#522=CARTESIAN_POINT('Ctrl Pts',(-1.00000011920929,-5.97411746585252,-1.3228118948825));
#523=CARTESIAN_POINT('Ctrl Pts',(-0.377188224326788,-5.97411746585252,-1.3228118948825));
#524=CARTESIAN_POINT('Ctrl Pts',(-0.377188224326788,-5.97411746585252,-0.7));
#525=CARTESIAN_POINT('Ctrl Pts',(-0.349279212949924,-5.96362419797355,-0.7));
#526=CARTESIAN_POINT('Ctrl Pts',(-0.349279212949925,-5.96362419797355,-0.0492790937406347));
#527=CARTESIAN_POINT('Ctrl Pts',(-1.00000011920929,-5.96362419797355,-0.0492790937406344));
#528=CARTESIAN_POINT('Ctrl Pts',(-1.65072102546866,-5.96362419797355,-0.0492790937406347));
#529=CARTESIAN_POINT('Ctrl Pts',(-1.65072102546866,-5.96362419797355,-0.7));
#530=CARTESIAN_POINT('Ctrl Pts',(-1.65072102546866,-5.96362419797355,-1.35072090625937));
#531=CARTESIAN_POINT('Ctrl Pts',(-1.00000011920929,-5.96362419797355,-1.35072090625937));
#532=CARTESIAN_POINT('Ctrl Pts',(-0.349279212949925,-5.96362419797355,-1.35072090625937));
#533=CARTESIAN_POINT('Ctrl Pts',(-0.349279212949924,-5.96362419797355,-0.7));
#534=CARTESIAN_POINT('Ctrl Pts',(-0.342326589966659,-5.94998398559517,-0.7));
#535=CARTESIAN_POINT('Ctrl Pts',(-0.342326589966659,-5.94998398559517,-0.0423264707573688));
#536=CARTESIAN_POINT('Ctrl Pts',(-1.00000011920929,-5.94998398559517,-0.0423264707573687));
#537=CARTESIAN_POINT('Ctrl Pts',(-1.65767364845192,-5.94998398559517,-0.0423264707573688));
#538=CARTESIAN_POINT('Ctrl Pts',(-1.65767364845192,-5.94998398559517,-0.7));
#539=CARTESIAN_POINT('Ctrl Pts',(-1.65767364845192,-5.94998398559517,-1.35767352924263));
#540=CARTESIAN_POINT('Ctrl Pts',(-1.00000011920929,-5.94998398559517,-1.35767352924263));
#541=CARTESIAN_POINT('Ctrl Pts',(-0.342326589966659,-5.94998398559517,-1.35767352924263));
#542=CARTESIAN_POINT('Ctrl Pts',(-0.342326589966659,-5.94998398559517,-0.7));
#543=CARTESIAN_POINT('Ctrl Pts',(-0.361874643665799,-5.92534004079842,-0.7));
#544=CARTESIAN_POINT('Ctrl Pts',(-0.361874643665799,-5.92534004079842,-0.0618745244565092));
#545=CARTESIAN_POINT('Ctrl Pts',(-1.00000011920929,-5.92534004079842,-0.061874524456509));
#546=CARTESIAN_POINT('Ctrl Pts',(-1.63812559475278,-5.92534004079842,-0.0618745244565092));
#547=CARTESIAN_POINT('Ctrl Pts',(-1.63812559475278,-5.92534004079842,-0.7));
#548=CARTESIAN_POINT('Ctrl Pts',(-1.63812559475278,-5.92534004079842,-1.33812547554349));
#549=CARTESIAN_POINT('Ctrl Pts',(-1.00000011920929,-5.92534004079842,-1.33812547554349));
#550=CARTESIAN_POINT('Ctrl Pts',(-0.361874643665799,-5.92534004079842,-1.33812547554349));
#551=CARTESIAN_POINT('Ctrl Pts',(-0.361874643665799,-5.92534004079842,-0.7));
#552=CARTESIAN_POINT('Ctrl Pts',(-0.402587257758202,-5.88789662711686,-0.7));
#553=CARTESIAN_POINT('Ctrl Pts',(-0.402587257758202,-5.88789662711686,-0.102587138548912));
#554=CARTESIAN_POINT('Ctrl Pts',(-1.00000011920929,-5.88789662711686,-0.102587138548911));
#555=CARTESIAN_POINT('Ctrl Pts',(-1.59741298066038,-5.88789662711686,-0.102587138548912));
#556=CARTESIAN_POINT('Ctrl Pts',(-1.59741298066038,-5.88789662711686,-0.7));
#557=CARTESIAN_POINT('Ctrl Pts',(-1.59741298066038,-5.88789662711686,-1.29741286145109));
#558=CARTESIAN_POINT('Ctrl Pts',(-1.00000011920929,-5.88789662711686,-1.29741286145109));
#559=CARTESIAN_POINT('Ctrl Pts',(-0.402587257758202,-5.88789662711686,-1.29741286145109));
#560=CARTESIAN_POINT('Ctrl Pts',(-0.402587257758202,-5.88789662711686,-0.7));
#561=CARTESIAN_POINT('Ctrl Pts',(-0.453001901020273,-5.83969789078602,-0.7));
#562=CARTESIAN_POINT('Ctrl Pts',(-0.453001901020273,-5.83969789078602,-0.153001781810984));
#563=CARTESIAN_POINT('Ctrl Pts',(-1.00000011920929,-5.83969789078602,-0.153001781810983));
#564=CARTESIAN_POINT('Ctrl Pts',(-1.54699833739831,-5.83969789078602,-0.153001781810984));
#565=CARTESIAN_POINT('Ctrl Pts',(-1.54699833739831,-5.83969789078602,-0.7));
#566=CARTESIAN_POINT('Ctrl Pts',(-1.54699833739831,-5.83969789078602,-1.24699821818902));
#567=CARTESIAN_POINT('Ctrl Pts',(-1.00000011920929,-5.83969789078602,-1.24699821818902));
#568=CARTESIAN_POINT('Ctrl Pts',(-0.453001901020273,-5.83969789078602,-1.24699821818902));
#569=CARTESIAN_POINT('Ctrl Pts',(-0.453001901020273,-5.83969789078602,-0.7));
#570=CARTESIAN_POINT('Ctrl Pts',(-0.499249475365239,-5.78505599920329,-0.7));
#571=CARTESIAN_POINT('Ctrl Pts',(-0.499249475365239,-5.78505599920329,-0.19924935615595));
#572=CARTESIAN_POINT('Ctrl Pts',(-1.00000011920929,-5.78505599920329,-0.19924935615595));
#573=CARTESIAN_POINT('Ctrl Pts',(-1.50075076305334,-5.78505599920329,-0.19924935615595));
#574=CARTESIAN_POINT('Ctrl Pts',(-1.50075076305334,-5.78505599920329,-0.7));
#575=CARTESIAN_POINT('Ctrl Pts',(-1.50075076305334,-5.78505599920329,-1.20075064384405));
#576=CARTESIAN_POINT('Ctrl Pts',(-1.00000011920929,-5.78505599920329,-1.20075064384405));
#577=CARTESIAN_POINT('Ctrl Pts',(-0.499249475365239,-5.78505599920329,-1.20075064384405));
#578=CARTESIAN_POINT('Ctrl Pts',(-0.499249475365239,-5.78505599920329,-0.7));
#579=CARTESIAN_POINT('Ctrl Pts',(-0.52918890398635,-5.72872560332141,-0.7));
#580=CARTESIAN_POINT('Ctrl Pts',(-0.52918890398635,-5.72872560332141,-0.22918878477706));
#581=CARTESIAN_POINT('Ctrl Pts',(-1.00000011920929,-5.72872560332141,-0.22918878477706));
#582=CARTESIAN_POINT('Ctrl Pts',(-1.47081133443223,-5.72872560332141,-0.22918878477706));
#583=CARTESIAN_POINT('Ctrl Pts',(-1.47081133443223,-5.72872560332141,-0.7));
#584=CARTESIAN_POINT('Ctrl Pts',(-1.47081133443223,-5.72872560332141,-1.17081121522294));
#585=CARTESIAN_POINT('Ctrl Pts',(-1.00000011920929,-5.72872560332141,-1.17081121522294));
#586=CARTESIAN_POINT('Ctrl Pts',(-0.52918890398635,-5.72872560332141,-1.17081121522294));
#587=CARTESIAN_POINT('Ctrl Pts',(-0.52918890398635,-5.72872560332141,-0.7));
#588=CARTESIAN_POINT('Ctrl Pts',(-0.536308343811734,-5.67421328814352,-0.7));
#589=CARTESIAN_POINT('Ctrl Pts',(-0.536308343811734,-5.67421328814352,-0.236308224602444));
#590=CARTESIAN_POINT('Ctrl Pts',(-1.00000011920929,-5.67421328814352,-0.236308224602444));
#591=CARTESIAN_POINT('Ctrl Pts',(-1.46369189460685,-5.67421328814352,-0.236308224602444));
#592=CARTESIAN_POINT('Ctrl Pts',(-1.46369189460685,-5.67421328814352,-0.7));
#593=CARTESIAN_POINT('Ctrl Pts',(-1.46369189460685,-5.67421328814352,-1.16369177539756));
#594=CARTESIAN_POINT('Ctrl Pts',(-1.00000011920929,-5.67421328814352,-1.16369177539756));
#595=CARTESIAN_POINT('Ctrl Pts',(-0.536308343811734,-5.67421328814352,-1.16369177539756));
#596=CARTESIAN_POINT('Ctrl Pts',(-0.536308343811734,-5.67421328814352,-0.7));
#597=CARTESIAN_POINT('Ctrl Pts',(-0.523898003274715,-5.62196168887444,-0.7));
#598=CARTESIAN_POINT('Ctrl Pts',(-0.523898003274715,-5.62196168887444,-0.223897884065426));
#599=CARTESIAN_POINT('Ctrl Pts',(-1.00000011920929,-5.62196168887444,-0.223897884065425));
#600=CARTESIAN_POINT('Ctrl Pts',(-1.47610223514386,-5.62196168887444,-0.223897884065426));
#601=CARTESIAN_POINT('Ctrl Pts',(-1.47610223514386,-5.62196168887444,-0.7));
#602=CARTESIAN_POINT('Ctrl Pts',(-1.47610223514386,-5.62196168887444,-1.17610211593457));
#603=CARTESIAN_POINT('Ctrl Pts',(-1.00000011920929,-5.62196168887444,-1.17610211593457));
#604=CARTESIAN_POINT('Ctrl Pts',(-0.523898003274715,-5.62196168887444,-1.17610211593457));
#605=CARTESIAN_POINT('Ctrl Pts',(-0.523898003274715,-5.62196168887444,-0.7));
#606=CARTESIAN_POINT('Ctrl Pts',(-0.501616113693448,-5.57064797137948,-0.7));
#607=CARTESIAN_POINT('Ctrl Pts',(-0.501616113693448,-5.57064797137948,-0.201615994484158));
#608=CARTESIAN_POINT('Ctrl Pts',(-1.00000011920929,-5.57064797137948,-0.201615994484158));
#609=CARTESIAN_POINT('Ctrl Pts',(-1.49838412472513,-5.57064797137948,-0.201615994484158));
#610=CARTESIAN_POINT('Ctrl Pts',(-1.49838412472513,-5.57064797137948,-0.7));
#611=CARTESIAN_POINT('Ctrl Pts',(-1.49838412472513,-5.57064797137948,-1.19838400551584));
#612=CARTESIAN_POINT('Ctrl Pts',(-1.00000011920929,-5.57064797137948,-1.19838400551584));
#613=CARTESIAN_POINT('Ctrl Pts',(-0.501616113693448,-5.57064797137948,-1.19838400551584));
#614=CARTESIAN_POINT('Ctrl Pts',(-0.501616113693448,-5.57064797137948,-0.7));
#615=CARTESIAN_POINT('Ctrl Pts',(-0.481925892118989,-5.5185293886416,-0.7));
#616=CARTESIAN_POINT('Ctrl Pts',(-0.481925892118989,-5.5185293886416,-0.181925772909699));
#617=CARTESIAN_POINT('Ctrl Pts',(-1.00000011920929,-5.5185293886416,-0.181925772909699));
#618=CARTESIAN_POINT('Ctrl Pts',(-1.51807434629959,-5.5185293886416,-0.181925772909699));
#619=CARTESIAN_POINT('Ctrl Pts',(-1.51807434629959,-5.5185293886416,-0.7));
#620=CARTESIAN_POINT('Ctrl Pts',(-1.51807434629959,-5.5185293886416,-1.2180742270903));
#621=CARTESIAN_POINT('Ctrl Pts',(-1.00000011920929,-5.5185293886416,-1.2180742270903));
#622=CARTESIAN_POINT('Ctrl Pts',(-0.481925892118989,-5.5185293886416,-1.2180742270903));
#623=CARTESIAN_POINT('Ctrl Pts',(-0.481925892118989,-5.5185293886416,-0.7));
#624=CARTESIAN_POINT('Ctrl Pts',(-0.476513170544415,-5.46480957899681,-0.7));
#625=CARTESIAN_POINT('Ctrl Pts',(-0.476513170544415,-5.46480957899681,-0.176513051335125));
#626=CARTESIAN_POINT('Ctrl Pts',(-1.00000011920929,-5.46480957899681,-0.176513051335125));
#627=CARTESIAN_POINT('Ctrl Pts',(-1.52348706787417,-5.46480957899681,-0.176513051335125));
#628=CARTESIAN_POINT('Ctrl Pts',(-1.52348706787417,-5.46480957899681,-0.7));
#629=CARTESIAN_POINT('Ctrl Pts',(-1.52348706787417,-5.46480957899681,-1.22348694866487));
#630=CARTESIAN_POINT('Ctrl Pts',(-1.00000011920929,-5.46480957899681,-1.22348694866487));
#631=CARTESIAN_POINT('Ctrl Pts',(-0.476513170544415,-5.46480957899681,-1.22348694866487));
#632=CARTESIAN_POINT('Ctrl Pts',(-0.476513170544415,-5.46480957899681,-0.7));
#633=CARTESIAN_POINT('Ctrl Pts',(-0.492887771171074,-5.41090679797466,-0.7));
#634=CARTESIAN_POINT('Ctrl Pts',(-0.492887771171074,-5.41090679797466,-0.192887651961784));
#635=CARTESIAN_POINT('Ctrl Pts',(-1.00000011920929,-5.41090679797466,-0.192887651961784));
#636=CARTESIAN_POINT('Ctrl Pts',(-1.50711246724751,-5.41090679797466,-0.192887651961784));
#637=CARTESIAN_POINT('Ctrl Pts',(-1.50711246724751,-5.41090679797466,-0.7));
#638=CARTESIAN_POINT('Ctrl Pts',(-1.50711246724751,-5.41090679797466,-1.20711234803822));
#639=CARTESIAN_POINT('Ctrl Pts',(-1.00000011920929,-5.41090679797466,-1.20711234803822));
#640=CARTESIAN_POINT('Ctrl Pts',(-0.492887771171074,-5.41090679797466,-1.20711234803822));
#641=CARTESIAN_POINT('Ctrl Pts',(-0.492887771171074,-5.41090679797466,-0.7));
#642=CARTESIAN_POINT('Ctrl Pts',(-0.530431650628275,-5.36201112792693,-0.7));
#643=CARTESIAN_POINT('Ctrl Pts',(-0.530431650628275,-5.36201112792693,-0.230431531418985));
#644=CARTESIAN_POINT('Ctrl Pts',(-1.00000011920929,-5.36201112792693,-0.230431531418985));
#645=CARTESIAN_POINT('Ctrl Pts',(-1.46956858779031,-5.36201112792693,-0.230431531418985));
#646=CARTESIAN_POINT('Ctrl Pts',(-1.46956858779031,-5.36201112792693,-0.7));
#647=CARTESIAN_POINT('Ctrl Pts',(-1.46956858779031,-5.36201112792693,-1.16956846858102));
#648=CARTESIAN_POINT('Ctrl Pts',(-1.00000011920929,-5.36201112792693,-1.16956846858102));
#649=CARTESIAN_POINT('Ctrl Pts',(-0.530431650628275,-5.36201112792693,-1.16956846858102));
#650=CARTESIAN_POINT('Ctrl Pts',(-0.530431650628275,-5.36201112792693,-0.7));
#651=CARTESIAN_POINT('Ctrl Pts',(-0.582600641621769,-5.32544378137158,-0.7));
#652=CARTESIAN_POINT('Ctrl Pts',(-0.582600641621769,-5.32544378137158,-0.28260052241248));
#653=CARTESIAN_POINT('Ctrl Pts',(-1.00000011920929,-5.32544378137158,-0.28260052241248));
#654=CARTESIAN_POINT('Ctrl Pts',(-1.41739959679681,-5.32544378137158,-0.28260052241248));
#655=CARTESIAN_POINT('Ctrl Pts',(-1.41739959679681,-5.32544378137158,-0.7));
#656=CARTESIAN_POINT('Ctrl Pts',(-1.41739959679681,-5.32544378137158,-1.11739947758752));
#657=CARTESIAN_POINT('Ctrl Pts',(-1.00000011920929,-5.32544378137158,-1.11739947758752));
#658=CARTESIAN_POINT('Ctrl Pts',(-0.582600641621769,-5.32544378137158,-1.11739947758752));
#659=CARTESIAN_POINT('Ctrl Pts',(-0.582600641621769,-5.32544378137158,-0.7));
#660=CARTESIAN_POINT('Ctrl Pts',(-0.639850268256587,-5.30863915763904,-0.7));
#661=CARTESIAN_POINT('Ctrl Pts',(-0.639850268256587,-5.30863915763904,-0.339850149047297));
#662=CARTESIAN_POINT('Ctrl Pts',(-1.00000011920929,-5.30863915763904,-0.339850149047297));
#663=CARTESIAN_POINT('Ctrl Pts',(-1.36014997016199,-5.30863915763904,-0.339850149047297));
#664=CARTESIAN_POINT('Ctrl Pts',(-1.36014997016199,-5.30863915763904,-0.7));
#665=CARTESIAN_POINT('Ctrl Pts',(-1.36014997016199,-5.30863915763904,-1.0601498509527));
#666=CARTESIAN_POINT('Ctrl Pts',(-1.00000011920929,-5.30863915763904,-1.0601498509527));
#667=CARTESIAN_POINT('Ctrl Pts',(-0.639850268256587,-5.30863915763904,-1.0601498509527));
#668=CARTESIAN_POINT('Ctrl Pts',(-0.639850268256587,-5.30863915763904,-0.7));
#669=CARTESIAN_POINT('Ctrl Pts',(-0.69229683730963,-5.31725947333253,-0.7));
#670=CARTESIAN_POINT('Ctrl Pts',(-0.69229683730963,-5.31725947333253,-0.392296718100341));
#671=CARTESIAN_POINT('Ctrl Pts',(-1.00000011920929,-5.31725947333253,-0.39229671810034));
#672=CARTESIAN_POINT('Ctrl Pts',(-1.30770340110895,-5.31725947333253,-0.392296718100341));
#673=CARTESIAN_POINT('Ctrl Pts',(-1.30770340110895,-5.31725947333253,-0.7));
#674=CARTESIAN_POINT('Ctrl Pts',(-1.30770340110895,-5.31725947333253,-1.00770328189966));
#675=CARTESIAN_POINT('Ctrl Pts',(-1.00000011920929,-5.31725947333253,-1.00770328189966));
#676=CARTESIAN_POINT('Ctrl Pts',(-0.69229683730963,-5.31725947333253,-1.00770328189966));
#677=CARTESIAN_POINT('Ctrl Pts',(-0.69229683730963,-5.31725947333253,-0.7));
#678=CARTESIAN_POINT('Ctrl Pts',(-0.732479071116161,-5.35325667470004,-0.7));
#679=CARTESIAN_POINT('Ctrl Pts',(-0.732479071116161,-5.35325667470004,-0.432478951906871));
#680=CARTESIAN_POINT('Ctrl Pts',(-1.00000011920929,-5.35325667470004,-0.432478951906871));
#681=CARTESIAN_POINT('Ctrl Pts',(-1.26752116730242,-5.35325667470004,-0.432478951906871));
#682=CARTESIAN_POINT('Ctrl Pts',(-1.26752116730242,-5.35325667470004,-0.7));
#683=CARTESIAN_POINT('Ctrl Pts',(-1.26752116730242,-5.35325667470004,-0.967521048093129));
#684=CARTESIAN_POINT('Ctrl Pts',(-1.00000011920929,-5.35325667470004,-0.967521048093129));
#685=CARTESIAN_POINT('Ctrl Pts',(-0.732479071116161,-5.35325667470004,-0.967521048093129));
#686=CARTESIAN_POINT('Ctrl Pts',(-0.732479071116161,-5.35325667470004,-0.7));
#687=CARTESIAN_POINT('Ctrl Pts',(-0.758101996649787,-5.41292858254885,-0.7));
#688=CARTESIAN_POINT('Ctrl Pts',(-0.758101996649787,-5.41292858254885,-0.458101877440496));
#689=CARTESIAN_POINT('Ctrl Pts',(-1.00000011920929,-5.41292858254885,-0.458101877440496));
#690=CARTESIAN_POINT('Ctrl Pts',(-1.24189824176879,-5.41292858254885,-0.458101877440496));
#691=CARTESIAN_POINT('Ctrl Pts',(-1.24189824176879,-5.41292858254885,-0.7));
#692=CARTESIAN_POINT('Ctrl Pts',(-1.24189824176879,-5.41292858254885,-0.941898122559504));
#693=CARTESIAN_POINT('Ctrl Pts',(-1.00000011920929,-5.41292858254885,-0.941898122559504));
#694=CARTESIAN_POINT('Ctrl Pts',(-0.758101996649787,-5.41292858254885,-0.941898122559504));
#695=CARTESIAN_POINT('Ctrl Pts',(-0.758101996649787,-5.41292858254885,-0.7));
#696=CARTESIAN_POINT('Ctrl Pts',(-0.770833773367921,-5.48843910312336,-0.7));
#697=CARTESIAN_POINT('Ctrl Pts',(-0.770833773367921,-5.48843910312336,-0.470833654158631));
#698=CARTESIAN_POINT('Ctrl Pts',(-1.00000011920929,-5.48843910312336,-0.470833654158631));
#699=CARTESIAN_POINT('Ctrl Pts',(-1.22916646505066,-5.48843910312336,-0.470833654158631));
#700=CARTESIAN_POINT('Ctrl Pts',(-1.22916646505066,-5.48843910312336,-0.7));
#701=CARTESIAN_POINT('Ctrl Pts',(-1.22916646505066,-5.48843910312336,-0.929166345841369));
#702=CARTESIAN_POINT('Ctrl Pts',(-1.00000011920929,-5.48843910312336,-0.929166345841369));
#703=CARTESIAN_POINT('Ctrl Pts',(-0.770833773367921,-5.48843910312336,-0.929166345841369));
#704=CARTESIAN_POINT('Ctrl Pts',(-0.770833773367921,-5.48843910312336,-0.7));
#705=CARTESIAN_POINT('Ctrl Pts',(-0.775086981326693,-5.56934304659963,-0.7));
#706=CARTESIAN_POINT('Ctrl Pts',(-0.775086981326693,-5.56934304659963,-0.475086862117403));
#707=CARTESIAN_POINT('Ctrl Pts',(-1.00000011920929,-5.56934304659963,-0.475086862117403));
#708=CARTESIAN_POINT('Ctrl Pts',(-1.22491325709189,-5.56934304659963,-0.475086862117403));
#709=CARTESIAN_POINT('Ctrl Pts',(-1.22491325709189,-5.56934304659963,-0.7));
#710=CARTESIAN_POINT('Ctrl Pts',(-1.22491325709189,-5.56934304659963,-0.924913137882597));
#711=CARTESIAN_POINT('Ctrl Pts',(-1.00000011920929,-5.56934304659963,-0.924913137882597));
#712=CARTESIAN_POINT('Ctrl Pts',(-0.775086981326693,-5.56934304659963,-0.924913137882597));
#713=CARTESIAN_POINT('Ctrl Pts',(-0.775086981326693,-5.56934304659963,-0.7));
#714=CARTESIAN_POINT('Ctrl Pts',(-0.776797615171278,-5.64412391542945,-0.7));
#715=CARTESIAN_POINT('Ctrl Pts',(-0.776797615171278,-5.64412391542945,-0.476797495961988));
#716=CARTESIAN_POINT('Ctrl Pts',(-1.00000011920929,-5.64412391542945,-0.476797495961988));
#717=CARTESIAN_POINT('Ctrl Pts',(-1.2232026232473,-5.64412391542945,-0.476797495961988));
#718=CARTESIAN_POINT('Ctrl Pts',(-1.2232026232473,-5.64412391542945,-0.7));
#719=CARTESIAN_POINT('Ctrl Pts',(-1.2232026232473,-5.64412391542945,-0.923202504038012));
#720=CARTESIAN_POINT('Ctrl Pts',(-1.00000011920929,-5.64412391542945,-0.923202504038012));
#721=CARTESIAN_POINT('Ctrl Pts',(-0.776797615171278,-5.64412391542945,-0.923202504038012));
#722=CARTESIAN_POINT('Ctrl Pts',(-0.776797615171278,-5.64412391542945,-0.7));
#723=CARTESIAN_POINT('Ctrl Pts',(-0.782249404622847,-5.7016684521953,-0.7));
#724=CARTESIAN_POINT('Ctrl Pts',(-0.782249404622847,-5.7016684521953,-0.482249285413558));
#725=CARTESIAN_POINT('Ctrl Pts',(-1.00000011920929,-5.7016684521953,-0.482249285413558));
#726=CARTESIAN_POINT('Ctrl Pts',(-1.21775083379573,-5.7016684521953,-0.482249285413558));
#727=CARTESIAN_POINT('Ctrl Pts',(-1.21775083379573,-5.7016684521953,-0.7));
#728=CARTESIAN_POINT('Ctrl Pts',(-1.21775083379573,-5.7016684521953,-0.917750714586443));
#729=CARTESIAN_POINT('Ctrl Pts',(-1.00000011920929,-5.7016684521953,-0.917750714586443));
#730=CARTESIAN_POINT('Ctrl Pts',(-0.782249404622847,-5.7016684521953,-0.917750714586443));
#731=CARTESIAN_POINT('Ctrl Pts',(-0.782249404622847,-5.7016684521953,-0.7));
#732=CARTESIAN_POINT('Ctrl Pts',(-0.796787961646655,-5.73289550054944,-0.7));
#733=CARTESIAN_POINT('Ctrl Pts',(-0.796787961646655,-5.73289550054944,-0.496787842437365));
#734=CARTESIAN_POINT('Ctrl Pts',(-1.00000011920929,-5.73289550054944,-0.496787842437365));
#735=CARTESIAN_POINT('Ctrl Pts',(-1.20321227677193,-5.73289550054944,-0.496787842437365));
#736=CARTESIAN_POINT('Ctrl Pts',(-1.20321227677193,-5.73289550054944,-0.7));
#737=CARTESIAN_POINT('Ctrl Pts',(-1.20321227677193,-5.73289550054944,-0.903212157562635));
#738=CARTESIAN_POINT('Ctrl Pts',(-1.00000011920929,-5.73289550054944,-0.903212157562635));
#739=CARTESIAN_POINT('Ctrl Pts',(-0.796787961646655,-5.73289550054944,-0.903212157562635));
#740=CARTESIAN_POINT('Ctrl Pts',(-0.796787961646655,-5.73289550054944,-0.7));
#741=CARTESIAN_POINT('Ctrl Pts',(-0.823861751948806,-5.73193796954875,-0.7));
#742=CARTESIAN_POINT('Ctrl Pts',(-0.823861751948806,-5.73193796954875,-0.523861632739516));
#743=CARTESIAN_POINT('Ctrl Pts',(-1.00000011920929,-5.73193796954875,-0.523861632739516));
#744=CARTESIAN_POINT('Ctrl Pts',(-1.17613848646977,-5.73193796954875,-0.523861632739516));
#745=CARTESIAN_POINT('Ctrl Pts',(-1.17613848646977,-5.73193796954875,-0.7));
#746=CARTESIAN_POINT('Ctrl Pts',(-1.17613848646977,-5.73193796954875,-0.876138367260484));
#747=CARTESIAN_POINT('Ctrl Pts',(-1.00000011920929,-5.73193796954875,-0.876138367260484));
#748=CARTESIAN_POINT('Ctrl Pts',(-0.823861751948806,-5.73193796954875,-0.876138367260484));
#749=CARTESIAN_POINT('Ctrl Pts',(-0.823861751948806,-5.73193796954875,-0.7));
#750=CARTESIAN_POINT('Ctrl Pts',(-0.865540171846234,-5.69530176835829,-0.7));
#751=CARTESIAN_POINT('Ctrl Pts',(-0.865540171846234,-5.69530176835829,-0.565540052636944));
#752=CARTESIAN_POINT('Ctrl Pts',(-1.00000011920929,-5.69530176835829,-0.565540052636944));
#753=CARTESIAN_POINT('Ctrl Pts',(-1.13446006657235,-5.69530176835829,-0.565540052636944));
#754=CARTESIAN_POINT('Ctrl Pts',(-1.13446006657235,-5.69530176835829,-0.7));
#755=CARTESIAN_POINT('Ctrl Pts',(-1.13446006657235,-5.69530176835829,-0.834459947363057));
#756=CARTESIAN_POINT('Ctrl Pts',(-1.00000011920929,-5.69530176835829,-0.834459947363057));
#757=CARTESIAN_POINT('Ctrl Pts',(-0.865540171846234,-5.69530176835829,-0.834459947363057));
#758=CARTESIAN_POINT('Ctrl Pts',(-0.865540171846234,-5.69530176835829,-0.7));
#759=CARTESIAN_POINT('Ctrl Pts',(-0.911365844955189,-5.63611063988092,-0.7));
#760=CARTESIAN_POINT('Ctrl Pts',(-0.911365844955189,-5.63611063988092,-0.6113657257459));
#761=CARTESIAN_POINT('Ctrl Pts',(-1.00000011920929,-5.63611063988092,-0.6113657257459));
#762=CARTESIAN_POINT('Ctrl Pts',(-1.08863439346339,-5.63611063988092,-0.6113657257459));
#763=CARTESIAN_POINT('Ctrl Pts',(-1.08863439346339,-5.63611063988092,-0.7));
#764=CARTESIAN_POINT('Ctrl Pts',(-1.08863439346339,-5.63611063988092,-0.788634274254101));
#765=CARTESIAN_POINT('Ctrl Pts',(-1.00000011920929,-5.63611063988092,-0.788634274254101));
#766=CARTESIAN_POINT('Ctrl Pts',(-0.911365844955189,-5.63611063988092,-0.788634274254101));
#767=CARTESIAN_POINT('Ctrl Pts',(-0.911365844955189,-5.63611063988092,-0.7));
#768=CARTESIAN_POINT('Ctrl Pts',(-0.952899018283187,-5.57467735104255,-0.7));
#769=CARTESIAN_POINT('Ctrl Pts',(-0.952899018283187,-5.57467735104255,-0.652898899073897));
#770=CARTESIAN_POINT('Ctrl Pts',(-1.00000011920929,-5.57467735104255,-0.652898899073897));
#771=CARTESIAN_POINT('Ctrl Pts',(-1.04710122013539,-5.57467735104255,-0.652898899073897));
#772=CARTESIAN_POINT('Ctrl Pts',(-1.04710122013539,-5.57467735104255,-0.7));
#773=CARTESIAN_POINT('Ctrl Pts',(-1.04710122013539,-5.57467735104255,-0.747101100926103));
#774=CARTESIAN_POINT('Ctrl Pts',(-1.00000011920929,-5.57467735104255,-0.747101100926103));
#775=CARTESIAN_POINT('Ctrl Pts',(-0.952899018283187,-5.57467735104255,-0.747101100926103));
#776=CARTESIAN_POINT('Ctrl Pts',(-0.952899018283187,-5.57467735104255,-0.7));
#777=CARTESIAN_POINT('Ctrl Pts',(-0.983769465993989,-5.52615375722054,-0.7));
#778=CARTESIAN_POINT('Ctrl Pts',(-0.983769465993989,-5.52615375722054,-0.683769346784699));
#779=CARTESIAN_POINT('Ctrl Pts',(-1.00000011920929,-5.52615375722054,-0.683769346784699));
#780=CARTESIAN_POINT('Ctrl Pts',(-1.01623077242459,-5.52615375722054,-0.683769346784699));
#781=CARTESIAN_POINT('Ctrl Pts',(-1.01623077242459,-5.52615375722054,-0.7));
#782=CARTESIAN_POINT('Ctrl Pts',(-1.01623077242459,-5.52615375722054,-0.716230653215301));
#783=CARTESIAN_POINT('Ctrl Pts',(-1.00000011920929,-5.52615375722054,-0.716230653215301));
#784=CARTESIAN_POINT('Ctrl Pts',(-0.983769465993989,-5.52615375722054,-0.716230653215301));
#785=CARTESIAN_POINT('Ctrl Pts',(-0.983769465993989,-5.52615375722054,-0.7));
#786=CARTESIAN_POINT('Ctrl Pts',(-1.00000011920929,-5.49999992549419,-0.7));
#787=CARTESIAN_POINT('Ctrl Pts',(-1.00000011920929,-5.49999992549419,-0.7));
#788=CARTESIAN_POINT('Ctrl Pts',(-1.00000011920929,-5.49999992549419,-0.7));
#789=CARTESIAN_POINT('Ctrl Pts',(-1.00000011920929,-5.49999992549419,-0.7));
#790=CARTESIAN_POINT('Ctrl Pts',(-1.00000011920929,-5.49999992549419,-0.7));
#791=CARTESIAN_POINT('Ctrl Pts',(-1.00000011920929,-5.49999992549419,-0.7));
#792=CARTESIAN_POINT('Ctrl Pts',(-1.00000011920929,-5.49999992549419,-0.7));
#793=CARTESIAN_POINT('Ctrl Pts',(-1.00000011920929,-5.49999992549419,-0.7));
#794=CARTESIAN_POINT('Ctrl Pts',(-1.00000011920929,-5.49999992549419,-0.7));
#795=CARTESIAN_POINT('',(-1.00000011920929,-6.39999993890524,-0.7));
#796=CARTESIAN_POINT('',(-1.00000011920929,-5.49999992549419,-0.7));
#797=CARTESIAN_POINT('Ctrl Pts',(-1.00000011920929,-6.39999993890524,-0.7));
#798=CARTESIAN_POINT('Ctrl Pts',(-0.985891818025326,-6.42677583280947,-0.7));
#799=CARTESIAN_POINT('Ctrl Pts',(-0.958916089991619,-6.47636860036975,-0.7));
#800=CARTESIAN_POINT('Ctrl Pts',(-0.922175064976874,-6.53888081756863,-0.7));
#801=CARTESIAN_POINT('Ctrl Pts',(-0.880637502130504,-6.59845999807379,-0.7));
#802=CARTESIAN_POINT('Ctrl Pts',(-0.840863267897085,-6.63397331979354,-0.7));
#803=CARTESIAN_POINT('Ctrl Pts',(-0.812387268233613,-6.63263278099789,-0.7));
#804=CARTESIAN_POINT('Ctrl Pts',(-0.793456136600205,-6.59880959205456,-0.7));
#805=CARTESIAN_POINT('Ctrl Pts',(-0.781144810295032,-6.53982717765135,-0.7));
#806=CARTESIAN_POINT('Ctrl Pts',(-0.770936912129303,-6.46699310042293,-0.7));
#807=CARTESIAN_POINT('Ctrl Pts',(-0.757686188913716,-6.39348819984485,-0.7));
#808=CARTESIAN_POINT('Ctrl Pts',(-0.73673028091984,-6.33189350365878,-0.7));
#809=CARTESIAN_POINT('Ctrl Pts',(-0.705034731050453,-6.29168591235733,-0.7));
#810=CARTESIAN_POINT('Ctrl Pts',(-0.66214001193525,-6.27709910633042,-0.7));
#811=CARTESIAN_POINT('Ctrl Pts',(-0.61165821724169,-6.2839392909683,-0.7));
#812=CARTESIAN_POINT('Ctrl Pts',(-0.560878377469228,-6.30000692412088,-0.7));
#813=CARTESIAN_POINT('Ctrl Pts',(-0.517744953298355,-6.31052401060115,-0.7));
#814=CARTESIAN_POINT('Ctrl Pts',(-0.488506456259271,-6.30228885285578,-0.7));
#815=CARTESIAN_POINT('Ctrl Pts',(-0.475044728237378,-6.26841574378387,-0.7));
#816=CARTESIAN_POINT('Ctrl Pts',(-0.472456568066226,-6.21264735616567,-0.7));
#817=CARTESIAN_POINT('Ctrl Pts',(-0.47229664474682,-6.14525400524848,-0.7));
#818=CARTESIAN_POINT('Ctrl Pts',(-0.465651275264529,-6.07915800587697,-0.7));
#819=CARTESIAN_POINT('Ctrl Pts',(-0.446343073375322,-6.02591950095943,-0.7));
#820=CARTESIAN_POINT('Ctrl Pts',(-0.413918827227049,-5.99193434821247,-0.7));
#821=CARTESIAN_POINT('Ctrl Pts',(-0.377188224326788,-5.97411746585252,-0.7));
#822=CARTESIAN_POINT('Ctrl Pts',(-0.349279212949924,-5.96362419797355,-0.7));
#823=CARTESIAN_POINT('Ctrl Pts',(-0.342326589966659,-5.94998398559517,-0.7));
#824=CARTESIAN_POINT('Ctrl Pts',(-0.361874643665799,-5.92534004079842,-0.7));
#825=CARTESIAN_POINT('Ctrl Pts',(-0.402587257758202,-5.88789662711686,-0.7));
#826=CARTESIAN_POINT('Ctrl Pts',(-0.453001901020273,-5.83969789078602,-0.7));
#827=CARTESIAN_POINT('Ctrl Pts',(-0.499249475365239,-5.78505599920329,-0.7));
#828=CARTESIAN_POINT('Ctrl Pts',(-0.52918890398635,-5.72872560332141,-0.7));
#829=CARTESIAN_POINT('Ctrl Pts',(-0.536308343811734,-5.67421328814352,-0.7));
#830=CARTESIAN_POINT('Ctrl Pts',(-0.523898003274715,-5.62196168887444,-0.7));
#831=CARTESIAN_POINT('Ctrl Pts',(-0.501616113693448,-5.57064797137948,-0.7));
#832=CARTESIAN_POINT('Ctrl Pts',(-0.481925892118989,-5.5185293886416,-0.7));
#833=CARTESIAN_POINT('Ctrl Pts',(-0.476513170544415,-5.46480957899681,-0.7));
#834=CARTESIAN_POINT('Ctrl Pts',(-0.492887771171074,-5.41090679797466,-0.7));
#835=CARTESIAN_POINT('Ctrl Pts',(-0.530431650628275,-5.36201112792693,-0.7));
#836=CARTESIAN_POINT('Ctrl Pts',(-0.582600641621769,-5.32544378137158,-0.7));
#837=CARTESIAN_POINT('Ctrl Pts',(-0.639850268256587,-5.30863915763904,-0.7));
#838=CARTESIAN_POINT('Ctrl Pts',(-0.69229683730963,-5.31725947333253,-0.7));
#839=CARTESIAN_POINT('Ctrl Pts',(-0.732479071116161,-5.35325667470004,-0.7));
#840=CARTESIAN_POINT('Ctrl Pts',(-0.758101996649787,-5.41292858254885,-0.7));
#841=CARTESIAN_POINT('Ctrl Pts',(-0.770833773367921,-5.48843910312336,-0.7));
#842=CARTESIAN_POINT('Ctrl Pts',(-0.775086981326693,-5.56934304659963,-0.7));
#843=CARTESIAN_POINT('Ctrl Pts',(-0.776797615171278,-5.64412391542945,-0.7));
#844=CARTESIAN_POINT('Ctrl Pts',(-0.782249404622847,-5.7016684521953,-0.7));
#845=CARTESIAN_POINT('Ctrl Pts',(-0.796787961646655,-5.73289550054944,-0.7));
#846=CARTESIAN_POINT('Ctrl Pts',(-0.823861751948806,-5.73193796954875,-0.7));
#847=CARTESIAN_POINT('Ctrl Pts',(-0.865540171846234,-5.69530176835829,-0.7));
#848=CARTESIAN_POINT('Ctrl Pts',(-0.911365844955189,-5.63611063988092,-0.7));
#849=CARTESIAN_POINT('Ctrl Pts',(-0.952899018283187,-5.57467735104255,-0.7));
#850=CARTESIAN_POINT('Ctrl Pts',(-0.983769465993989,-5.52615375722054,-0.7));
#851=CARTESIAN_POINT('Ctrl Pts',(-1.00000011920929,-5.49999992549419,-0.7));
#852=CARTESIAN_POINT('Ctrl Pts',(3.99999988079071,-7.29999995231629,0.3));
#853=CARTESIAN_POINT('Ctrl Pts',(3.99999988079071,-7.29999995231629,0.3));
#854=CARTESIAN_POINT('Ctrl Pts',(3.99999988079071,-7.29999995231629,0.3));
#855=CARTESIAN_POINT('Ctrl Pts',(3.99999988079071,-7.29999995231629,0.3));
#856=CARTESIAN_POINT('Ctrl Pts',(3.99999988079071,-7.29999995231629,0.3));
#857=CARTESIAN_POINT('Ctrl Pts',(3.99999988079071,-7.29999995231629,0.3));
#858=CARTESIAN_POINT('Ctrl Pts',(3.99999988079071,-7.29999995231629,0.3));
#859=CARTESIAN_POINT('Ctrl Pts',(3.99999988079071,-7.29999995231629,0.3));
#860=CARTESIAN_POINT('Ctrl Pts',(3.99999988079071,-7.29999995231629,0.3));
#861=CARTESIAN_POINT('Ctrl Pts',(4.02821648315864,-7.35355174012474,0.3));
#862=CARTESIAN_POINT('Ctrl Pts',(4.02821648315864,-7.35355174012474,0.328216602367929));
#863=CARTESIAN_POINT('Ctrl Pts',(3.99999988079071,-7.35355174012474,0.328216602367929));
#864=CARTESIAN_POINT('Ctrl Pts',(3.97178327842278,-7.35355174012474,0.328216602367929));
#865=CARTESIAN_POINT('Ctrl Pts',(3.97178327842278,-7.35355174012474,0.3));
#866=CARTESIAN_POINT('Ctrl Pts',(3.97178327842278,-7.35355174012474,0.271783397632071));
#867=CARTESIAN_POINT('Ctrl Pts',(3.99999988079071,-7.35355174012474,0.271783397632071));
#868=CARTESIAN_POINT('Ctrl Pts',(4.02821648315864,-7.35355174012474,0.271783397632071));
#869=CARTESIAN_POINT('Ctrl Pts',(4.02821648315864,-7.35355174012474,0.3));
#870=CARTESIAN_POINT('Ctrl Pts',(4.08216793922605,-7.45273727524531,0.3));
#871=CARTESIAN_POINT('Ctrl Pts',(4.08216793922605,-7.45273727524531,0.382168058435342));
#872=CARTESIAN_POINT('Ctrl Pts',(3.99999988079071,-7.45273727524531,0.382168058435342));
#873=CARTESIAN_POINT('Ctrl Pts',(3.91783182235537,-7.45273727524531,0.382168058435342));
#874=CARTESIAN_POINT('Ctrl Pts',(3.91783182235537,-7.45273727524531,0.3));
#875=CARTESIAN_POINT('Ctrl Pts',(3.91783182235537,-7.45273727524531,0.217831941564658));
#876=CARTESIAN_POINT('Ctrl Pts',(3.99999988079071,-7.45273727524531,0.217831941564658));
#877=CARTESIAN_POINT('Ctrl Pts',(4.08216793922605,-7.45273727524531,0.217831941564658));
#878=CARTESIAN_POINT('Ctrl Pts',(4.08216793922605,-7.45273727524531,0.3));
#879=CARTESIAN_POINT('Ctrl Pts',(4.15564998925554,-7.57776170964307,0.3));
#880=CARTESIAN_POINT('Ctrl Pts',(4.15564998925554,-7.57776170964307,0.455650108464832));
#881=CARTESIAN_POINT('Ctrl Pts',(3.99999988079071,-7.57776170964307,0.455650108464832));
#882=CARTESIAN_POINT('Ctrl Pts',(3.84434977232588,-7.57776170964307,0.455650108464832));
#883=CARTESIAN_POINT('Ctrl Pts',(3.84434977232588,-7.57776170964307,0.3));
#884=CARTESIAN_POINT('Ctrl Pts',(3.84434977232588,-7.57776170964307,0.144349891535168));
#885=CARTESIAN_POINT('Ctrl Pts',(3.99999988079071,-7.57776170964307,0.144349891535168));
#886=CARTESIAN_POINT('Ctrl Pts',(4.15564998925554,-7.57776170964307,0.144349891535168));
#887=CARTESIAN_POINT('Ctrl Pts',(4.15564998925554,-7.57776170964307,0.3));
#888=CARTESIAN_POINT('Ctrl Pts',(4.23872511494828,-7.69692007065339,0.3));
#889=CARTESIAN_POINT('Ctrl Pts',(4.23872511494828,-7.69692007065339,0.538725234157571));
#890=CARTESIAN_POINT('Ctrl Pts',(3.99999988079071,-7.69692007065339,0.538725234157571));
#891=CARTESIAN_POINT('Ctrl Pts',(3.76127464663314,-7.69692007065339,0.538725234157571));
#892=CARTESIAN_POINT('Ctrl Pts',(3.76127464663314,-7.69692007065339,0.3));
#893=CARTESIAN_POINT('Ctrl Pts',(3.76127464663314,-7.69692007065339,0.0612747658424287));
#894=CARTESIAN_POINT('Ctrl Pts',(3.99999988079071,-7.69692007065339,0.0612747658424287));
#895=CARTESIAN_POINT('Ctrl Pts',(4.23872511494828,-7.69692007065339,0.0612747658424287));
#896=CARTESIAN_POINT('Ctrl Pts',(4.23872511494828,-7.69692007065339,0.3));
#897=CARTESIAN_POINT('Ctrl Pts',(4.31827358341512,-7.76794671409289,0.3));
#898=CARTESIAN_POINT('Ctrl Pts',(4.31827358341512,-7.76794671409289,0.618273702624411));
#899=CARTESIAN_POINT('Ctrl Pts',(3.99999988079071,-7.76794671409289,0.618273702624411));
#900=CARTESIAN_POINT('Ctrl Pts',(3.6817261781663,-7.76794671409289,0.618273702624411));
#901=CARTESIAN_POINT('Ctrl Pts',(3.6817261781663,-7.76794671409289,0.3));
#902=CARTESIAN_POINT('Ctrl Pts',(3.6817261781663,-7.76794671409289,-0.0182737026244112));
#903=CARTESIAN_POINT('Ctrl Pts',(3.99999988079071,-7.76794671409289,-0.0182737026244112));
#904=CARTESIAN_POINT('Ctrl Pts',(4.31827358341512,-7.76794671409289,-0.0182737026244112));
#905=CARTESIAN_POINT('Ctrl Pts',(4.31827358341512,-7.76794671409289,0.3));
#906=CARTESIAN_POINT('Ctrl Pts',(4.37522558274207,-7.76526563650158,0.3));
#907=CARTESIAN_POINT('Ctrl Pts',(4.37522558274207,-7.76526563650158,0.675225701951354));
#908=CARTESIAN_POINT('Ctrl Pts',(3.99999988079071,-7.76526563650158,0.675225701951354));
#909=CARTESIAN_POINT('Ctrl Pts',(3.62477417883936,-7.76526563650158,0.675225701951354));
#910=CARTESIAN_POINT('Ctrl Pts',(3.62477417883936,-7.76526563650158,0.3));
#911=CARTESIAN_POINT('Ctrl Pts',(3.62477417883936,-7.76526563650158,-0.0752257019513544));
#912=CARTESIAN_POINT('Ctrl Pts',(3.99999988079071,-7.76526563650158,-0.0752257019513544));
#913=CARTESIAN_POINT('Ctrl Pts',(4.37522558274207,-7.76526563650158,-0.0752257019513544));
#914=CARTESIAN_POINT('Ctrl Pts',(4.37522558274207,-7.76526563650158,0.3));
#915=CARTESIAN_POINT('Ctrl Pts',(4.41308784600888,-7.69761925861492,0.3));
#916=CARTESIAN_POINT('Ctrl Pts',(4.41308784600888,-7.69761925861492,0.713087965218171));
#917=CARTESIAN_POINT('Ctrl Pts',(3.99999988079071,-7.69761925861492,0.713087965218171));
#918=CARTESIAN_POINT('Ctrl Pts',(3.58691191557254,-7.69761925861492,0.713087965218171));
#919=CARTESIAN_POINT('Ctrl Pts',(3.58691191557254,-7.69761925861492,0.3));
#920=CARTESIAN_POINT('Ctrl Pts',(3.58691191557254,-7.69761925861492,-0.113087965218171));
#921=CARTESIAN_POINT('Ctrl Pts',(3.99999988079071,-7.69761925861492,-0.113087965218171));
#922=CARTESIAN_POINT('Ctrl Pts',(4.41308784600888,-7.69761925861492,-0.113087965218171));
#923=CARTESIAN_POINT('Ctrl Pts',(4.41308784600888,-7.69761925861492,0.3));
#924=CARTESIAN_POINT('Ctrl Pts',(4.43771049861923,-7.57965442980851,0.3));
#925=CARTESIAN_POINT('Ctrl Pts',(4.43771049861923,-7.57965442980851,0.737710617828516));
#926=CARTESIAN_POINT('Ctrl Pts',(3.99999988079071,-7.57965442980851,0.737710617828516));
#927=CARTESIAN_POINT('Ctrl Pts',(3.56228926296219,-7.57965442980851,0.737710617828516));
#928=CARTESIAN_POINT('Ctrl Pts',(3.56228926296219,-7.57965442980851,0.3));
#929=CARTESIAN_POINT('Ctrl Pts',(3.56228926296219,-7.57965442980851,-0.137710617828516));
#930=CARTESIAN_POINT('Ctrl Pts',(3.99999988079071,-7.57965442980851,-0.137710617828516));
#931=CARTESIAN_POINT('Ctrl Pts',(4.43771049861923,-7.57965442980851,-0.137710617828516));
#932=CARTESIAN_POINT('Ctrl Pts',(4.43771049861923,-7.57965442980851,0.3));
#933=CARTESIAN_POINT('Ctrl Pts',(4.45812629495069,-7.43398627535167,0.3));
#934=CARTESIAN_POINT('Ctrl Pts',(4.45812629495069,-7.43398627535167,0.758126414159974));
#935=CARTESIAN_POINT('Ctrl Pts',(3.99999988079071,-7.43398627535167,0.758126414159974));
#936=CARTESIAN_POINT('Ctrl Pts',(3.54187346663074,-7.43398627535167,0.758126414159974));
#937=CARTESIAN_POINT('Ctrl Pts',(3.54187346663074,-7.43398627535167,0.3));
#938=CARTESIAN_POINT('Ctrl Pts',(3.54187346663074,-7.43398627535167,-0.158126414159974));
#939=CARTESIAN_POINT('Ctrl Pts',(3.99999988079071,-7.43398627535167,-0.158126414159974));
#940=CARTESIAN_POINT('Ctrl Pts',(4.45812629495069,-7.43398627535167,-0.158126414159974));
#941=CARTESIAN_POINT('Ctrl Pts',(4.45812629495069,-7.43398627535167,0.3));
#942=CARTESIAN_POINT('Ctrl Pts',(4.48462774138186,-7.28697647419551,0.3));
#943=CARTESIAN_POINT('Ctrl Pts',(4.48462774138186,-7.28697647419551,0.784627860591148));
#944=CARTESIAN_POINT('Ctrl Pts',(3.99999988079071,-7.28697647419551,0.784627860591148));
#945=CARTESIAN_POINT('Ctrl Pts',(3.51537202019956,-7.28697647419551,0.784627860591148));
#946=CARTESIAN_POINT('Ctrl Pts',(3.51537202019956,-7.28697647419551,0.3));
#947=CARTESIAN_POINT('Ctrl Pts',(3.51537202019956,-7.28697647419551,-0.184627860591148));
#948=CARTESIAN_POINT('Ctrl Pts',(3.99999988079071,-7.28697647419551,-0.184627860591148));
#949=CARTESIAN_POINT('Ctrl Pts',(4.48462774138186,-7.28697647419551,-0.184627860591148));
#950=CARTESIAN_POINT('Ctrl Pts',(4.48462774138186,-7.28697647419551,0.3));
#951=CARTESIAN_POINT('Ctrl Pts',(4.52653955736961,-7.16378708182337,0.3));
#952=CARTESIAN_POINT('Ctrl Pts',(4.52653955736961,-7.16378708182337,0.8265396765789));
#953=CARTESIAN_POINT('Ctrl Pts',(3.99999988079071,-7.16378708182337,0.8265396765789));
#954=CARTESIAN_POINT('Ctrl Pts',(3.47346020421181,-7.16378708182337,0.8265396765789));
#955=CARTESIAN_POINT('Ctrl Pts',(3.47346020421181,-7.16378708182337,0.3));
#956=CARTESIAN_POINT('Ctrl Pts',(3.47346020421181,-7.16378708182337,-0.2265396765789));
#957=CARTESIAN_POINT('Ctrl Pts',(3.99999988079071,-7.16378708182337,-0.2265396765789));
#958=CARTESIAN_POINT('Ctrl Pts',(4.52653955736961,-7.16378708182337,-0.2265396765789));
#959=CARTESIAN_POINT('Ctrl Pts',(4.52653955736961,-7.16378708182337,0.3));
#960=CARTESIAN_POINT('Ctrl Pts',(4.58993065710839,-7.08337189922046,0.3));
#961=CARTESIAN_POINT('Ctrl Pts',(4.58993065710839,-7.08337189922046,0.889930776317674));
#962=CARTESIAN_POINT('Ctrl Pts',(3.99999988079071,-7.08337189922046,0.889930776317675));
#963=CARTESIAN_POINT('Ctrl Pts',(3.41006910447304,-7.08337189922046,0.889930776317674));
#964=CARTESIAN_POINT('Ctrl Pts',(3.41006910447304,-7.08337189922046,0.3));
#965=CARTESIAN_POINT('Ctrl Pts',(3.41006910447304,-7.08337189922046,-0.289930776317674));
#966=CARTESIAN_POINT('Ctrl Pts',(3.99999988079071,-7.08337189922046,-0.289930776317675));
#967=CARTESIAN_POINT('Ctrl Pts',(4.58993065710839,-7.08337189922046,-0.289930776317674));
#968=CARTESIAN_POINT('Ctrl Pts',(4.58993065710839,-7.08337189922046,0.3));
#969=CARTESIAN_POINT('Ctrl Pts',(4.67572009533879,-7.05419828716664,0.3));
#970=CARTESIAN_POINT('Ctrl Pts',(4.67572009533879,-7.05419828716664,0.975720214548081));
#971=CARTESIAN_POINT('Ctrl Pts',(3.99999988079071,-7.05419828716664,0.975720214548081));
#972=CARTESIAN_POINT('Ctrl Pts',(3.32427966624263,-7.05419828716664,0.975720214548081));
#973=CARTESIAN_POINT('Ctrl Pts',(3.32427966624263,-7.05419828716664,0.3));
#974=CARTESIAN_POINT('Ctrl Pts',(3.32427966624263,-7.05419828716664,-0.375720214548081));
#975=CARTESIAN_POINT('Ctrl Pts',(3.99999988079071,-7.05419828716664,-0.375720214548081));
#976=CARTESIAN_POINT('Ctrl Pts',(4.67572009533879,-7.05419828716664,-0.375720214548081));
#977=CARTESIAN_POINT('Ctrl Pts',(4.67572009533879,-7.05419828716664,0.3));
#978=CARTESIAN_POINT('Ctrl Pts',(4.77668368472591,-7.06787865644241,0.3));
#979=CARTESIAN_POINT('Ctrl Pts',(4.77668368472591,-7.06787865644241,1.0766838039352));
#980=CARTESIAN_POINT('Ctrl Pts',(3.99999988079071,-7.06787865644241,1.0766838039352));
#981=CARTESIAN_POINT('Ctrl Pts',(3.22331607685551,-7.06787865644241,1.0766838039352));
#982=CARTESIAN_POINT('Ctrl Pts',(3.22331607685551,-7.06787865644241,0.3));
#983=CARTESIAN_POINT('Ctrl Pts',(3.22331607685551,-7.06787865644241,-0.476683803935201));
#984=CARTESIAN_POINT('Ctrl Pts',(3.99999988079071,-7.06787865644241,-0.476683803935201));
#985=CARTESIAN_POINT('Ctrl Pts',(4.77668368472591,-7.06787865644241,-0.476683803935201));
#986=CARTESIAN_POINT('Ctrl Pts',(4.77668368472591,-7.06787865644241,0.3));
#987=CARTESIAN_POINT('Ctrl Pts',(4.87824336427084,-7.10001392274757,0.3));
#988=CARTESIAN_POINT('Ctrl Pts',(4.87824336427084,-7.10001392274757,1.17824348348012));
#989=CARTESIAN_POINT('Ctrl Pts',(3.99999988079071,-7.10001392274757,1.17824348348012));
#990=CARTESIAN_POINT('Ctrl Pts',(3.12175639731059,-7.10001392274757,1.17824348348012));
#991=CARTESIAN_POINT('Ctrl Pts',(3.12175639731059,-7.10001392274757,0.3));
#992=CARTESIAN_POINT('Ctrl Pts',(3.12175639731059,-7.10001392274757,-0.578243483480125));
#993=CARTESIAN_POINT('Ctrl Pts',(3.99999988079071,-7.10001392274757,-0.578243483480125));
#994=CARTESIAN_POINT('Ctrl Pts',(4.87824336427084,-7.10001392274757,-0.578243483480125));
#995=CARTESIAN_POINT('Ctrl Pts',(4.87824336427084,-7.10001392274757,0.3));
#996=CARTESIAN_POINT('Ctrl Pts',(4.96451021261258,-7.1210480957081,0.3));
#997=CARTESIAN_POINT('Ctrl Pts',(4.96451021261258,-7.1210480957081,1.26451033182187));
#998=CARTESIAN_POINT('Ctrl Pts',(3.99999988079071,-7.1210480957081,1.26451033182187));
#999=CARTESIAN_POINT('Ctrl Pts',(3.03548954896884,-7.1210480957081,1.26451033182187));
#1000=CARTESIAN_POINT('Ctrl Pts',(3.03548954896884,-7.1210480957081,0.3));
#1001=CARTESIAN_POINT('Ctrl Pts',(3.03548954896884,-7.1210480957081,-0.66451033182187));
#1002=CARTESIAN_POINT('Ctrl Pts',(3.99999988079071,-7.1210480957081,-0.66451033182187));
#1003=CARTESIAN_POINT('Ctrl Pts',(4.96451021261258,-7.1210480957081,-0.66451033182187));
#1004=CARTESIAN_POINT('Ctrl Pts',(4.96451021261258,-7.1210480957081,0.3));
#1005=CARTESIAN_POINT('Ctrl Pts',(5.02298720669075,-7.10457778021736,0.3));
#1006=CARTESIAN_POINT('Ctrl Pts',(5.02298720669075,-7.10457778021736,1.32298732590004));
#1007=CARTESIAN_POINT('Ctrl Pts',(3.99999988079071,-7.10457778021736,1.32298732590004));
#1008=CARTESIAN_POINT('Ctrl Pts',(2.97701255489067,-7.10457778021736,1.32298732590004));
#1009=CARTESIAN_POINT('Ctrl Pts',(2.97701255489067,-7.10457778021736,0.3));
#1010=CARTESIAN_POINT('Ctrl Pts',(2.97701255489067,-7.10457778021736,-0.722987325900038));
#1011=CARTESIAN_POINT('Ctrl Pts',(3.99999988079071,-7.10457778021736,-0.722987325900038));
#1012=CARTESIAN_POINT('Ctrl Pts',(5.02298720669075,-7.10457778021736,-0.722987325900038));
#1013=CARTESIAN_POINT('Ctrl Pts',(5.02298720669075,-7.10457778021736,0.3));
#1014=CARTESIAN_POINT('Ctrl Pts',(5.04991066273454,-7.03683156207355,0.3));
#1015=CARTESIAN_POINT('Ctrl Pts',(5.04991066273454,-7.03683156207355,1.34991078194382));
#1016=CARTESIAN_POINT('Ctrl Pts',(3.99999988079071,-7.03683156207355,1.34991078194382));
#1017=CARTESIAN_POINT('Ctrl Pts',(2.95008909884689,-7.03683156207355,1.34991078194382));
#1018=CARTESIAN_POINT('Ctrl Pts',(2.95008909884689,-7.03683156207355,0.3));
#1019=CARTESIAN_POINT('Ctrl Pts',(2.95008909884689,-7.03683156207355,-0.749910781943824));
#1020=CARTESIAN_POINT('Ctrl Pts',(3.99999988079071,-7.03683156207355,-0.749910781943825));
#1021=CARTESIAN_POINT('Ctrl Pts',(5.04991066273454,-7.03683156207355,-0.749910781943824));
#1022=CARTESIAN_POINT('Ctrl Pts',(5.04991066273454,-7.03683156207355,0.3));
#1023=CARTESIAN_POINT('Ctrl Pts',(5.05508698307684,-6.92529478683715,0.3));
#1024=CARTESIAN_POINT('Ctrl Pts',(5.05508698307684,-6.92529478683715,1.35508710228613));
#1025=CARTESIAN_POINT('Ctrl Pts',(3.99999988079071,-6.92529478683715,1.35508710228613));
#1026=CARTESIAN_POINT('Ctrl Pts',(2.94491277850458,-6.92529478683715,1.35508710228613));
#1027=CARTESIAN_POINT('Ctrl Pts',(2.94491277850458,-6.92529478683715,0.3));
#1028=CARTESIAN_POINT('Ctrl Pts',(2.94491277850458,-6.92529478683715,-0.755087102286128));
#1029=CARTESIAN_POINT('Ctrl Pts',(3.99999988079071,-6.92529478683715,-0.755087102286128));
#1030=CARTESIAN_POINT('Ctrl Pts',(5.05508698307684,-6.92529478683715,-0.755087102286128));
#1031=CARTESIAN_POINT('Ctrl Pts',(5.05508698307684,-6.92529478683715,0.3));
#1032=CARTESIAN_POINT('Ctrl Pts',(5.05540682971565,-6.79050808500277,0.3));
#1033=CARTESIAN_POINT('Ctrl Pts',(5.05540682971565,-6.79050808500277,1.35540694892494));
#1034=CARTESIAN_POINT('Ctrl Pts',(3.99999988079071,-6.79050808500277,1.35540694892494));
#1035=CARTESIAN_POINT('Ctrl Pts',(2.94459293186577,-6.79050808500277,1.35540694892494));
#1036=CARTESIAN_POINT('Ctrl Pts',(2.94459293186577,-6.79050808500277,0.3));
#1037=CARTESIAN_POINT('Ctrl Pts',(2.94459293186577,-6.79050808500277,-0.75540694892494));
#1038=CARTESIAN_POINT('Ctrl Pts',(3.99999988079071,-6.79050808500277,-0.75540694892494));
#1039=CARTESIAN_POINT('Ctrl Pts',(5.05540682971565,-6.79050808500277,-0.75540694892494));
#1040=CARTESIAN_POINT('Ctrl Pts',(5.05540682971565,-6.79050808500277,0.3));
#1041=CARTESIAN_POINT('Ctrl Pts',(5.06869756868023,-6.65831608625975,0.3));
#1042=CARTESIAN_POINT('Ctrl Pts',(5.06869756868023,-6.65831608625975,1.36869768788952));
#1043=CARTESIAN_POINT('Ctrl Pts',(3.99999988079071,-6.65831608625975,1.36869768788952));
#1044=CARTESIAN_POINT('Ctrl Pts',(2.93130219290119,-6.65831608625975,1.36869768788952));
#1045=CARTESIAN_POINT('Ctrl Pts',(2.93130219290119,-6.65831608625975,0.3));
#1046=CARTESIAN_POINT('Ctrl Pts',(2.93130219290119,-6.65831608625975,-0.768697687889523));
#1047=CARTESIAN_POINT('Ctrl Pts',(3.99999988079071,-6.65831608625975,-0.768697687889523));
#1048=CARTESIAN_POINT('Ctrl Pts',(5.06869756868023,-6.65831608625975,-0.768697687889523));
#1049=CARTESIAN_POINT('Ctrl Pts',(5.06869756868023,-6.65831608625975,0.3));
#1050=CARTESIAN_POINT('Ctrl Pts',(5.10731397245865,-6.55183907642467,0.3));
#1051=CARTESIAN_POINT('Ctrl Pts',(5.10731397245865,-6.55183907642467,1.40731409166794));
#1052=CARTESIAN_POINT('Ctrl Pts',(3.99999988079071,-6.55183907642467,1.40731409166794));
#1053=CARTESIAN_POINT('Ctrl Pts',(2.89268578912278,-6.55183907642467,1.40731409166794));
#1054=CARTESIAN_POINT('Ctrl Pts',(2.89268578912278,-6.55183907642467,0.3));
#1055=CARTESIAN_POINT('Ctrl Pts',(2.89268578912278,-6.55183907642467,-0.807314091667935));
#1056=CARTESIAN_POINT('Ctrl Pts',(3.99999988079071,-6.55183907642467,-0.807314091667936));
#1057=CARTESIAN_POINT('Ctrl Pts',(5.10731397245865,-6.55183907642467,-0.807314091667935));
#1058=CARTESIAN_POINT('Ctrl Pts',(5.10731397245865,-6.55183907642467,0.3));
#1059=CARTESIAN_POINT('Ctrl Pts',(5.17216246475519,-6.48386877093074,0.3));
#1060=CARTESIAN_POINT('Ctrl Pts',(5.17216246475519,-6.48386877093074,1.47216258396448));
#1061=CARTESIAN_POINT('Ctrl Pts',(3.99999988079071,-6.48386877093074,1.47216258396448));
#1062=CARTESIAN_POINT('Ctrl Pts',(2.82783729682623,-6.48386877093074,1.47216258396448));
#1063=CARTESIAN_POINT('Ctrl Pts',(2.82783729682623,-6.48386877093074,0.3));
#1064=CARTESIAN_POINT('Ctrl Pts',(2.82783729682623,-6.48386877093074,-0.872162583964482));
#1065=CARTESIAN_POINT('Ctrl Pts',(3.99999988079071,-6.48386877093074,-0.872162583964482));
#1066=CARTESIAN_POINT('Ctrl Pts',(5.17216246475519,-6.48386877093074,-0.872162583964482));
#1067=CARTESIAN_POINT('Ctrl Pts',(5.17216246475519,-6.48386877093074,0.3));
#1068=CARTESIAN_POINT('Ctrl Pts',(5.24562367055571,-6.44823500621085,0.3));
#1069=CARTESIAN_POINT('Ctrl Pts',(5.24562367055571,-6.44823500621085,1.545623789765));
#1070=CARTESIAN_POINT('Ctrl Pts',(3.99999988079071,-6.44823500621085,1.545623789765));
#1071=CARTESIAN_POINT('Ctrl Pts',(2.75437609102571,-6.44823500621085,1.545623789765));
#1072=CARTESIAN_POINT('Ctrl Pts',(2.75437609102571,-6.44823500621085,0.3));
#1073=CARTESIAN_POINT('Ctrl Pts',(2.75437609102571,-6.44823500621085,-0.945623789765003));
#1074=CARTESIAN_POINT('Ctrl Pts',(3.99999988079071,-6.44823500621085,-0.945623789765004));
#1075=CARTESIAN_POINT('Ctrl Pts',(5.24562367055571,-6.44823500621085,-0.945623789765003));
#1076=CARTESIAN_POINT('Ctrl Pts',(5.24562367055571,-6.44823500621085,0.3));
#1077=CARTESIAN_POINT('Ctrl Pts',(5.30144169330944,-6.42724847045291,0.3));
#1078=CARTESIAN_POINT('Ctrl Pts',(5.30144169330944,-6.42724847045291,1.60144181251873));
#1079=CARTESIAN_POINT('Ctrl Pts',(3.99999988079071,-6.42724847045291,1.60144181251873));
#1080=CARTESIAN_POINT('Ctrl Pts',(2.69855806827198,-6.42724847045291,1.60144181251873));
#1081=CARTESIAN_POINT('Ctrl Pts',(2.69855806827198,-6.42724847045291,0.3));
#1082=CARTESIAN_POINT('Ctrl Pts',(2.69855806827198,-6.42724847045291,-1.00144181251873));
#1083=CARTESIAN_POINT('Ctrl Pts',(3.99999988079071,-6.42724847045291,-1.00144181251873));
#1084=CARTESIAN_POINT('Ctrl Pts',(5.30144169330944,-6.42724847045291,-1.00144181251873));
#1085=CARTESIAN_POINT('Ctrl Pts',(5.30144169330944,-6.42724847045291,0.3));
#1086=CARTESIAN_POINT('Ctrl Pts',(5.31534693927597,-6.39996804569615,0.3));
#1087=CARTESIAN_POINT('Ctrl Pts',(5.31534693927597,-6.39996804569615,1.61534705848526));
#1088=CARTESIAN_POINT('Ctrl Pts',(3.99999988079071,-6.39996804569615,1.61534705848526));
#1089=CARTESIAN_POINT('Ctrl Pts',(2.68465282230545,-6.39996804569615,1.61534705848526));
#1090=CARTESIAN_POINT('Ctrl Pts',(2.68465282230545,-6.39996804569615,0.3));
#1091=CARTESIAN_POINT('Ctrl Pts',(2.68465282230545,-6.39996804569615,-1.01534705848526));
#1092=CARTESIAN_POINT('Ctrl Pts',(3.99999988079071,-6.39996804569615,-1.01534705848526));
#1093=CARTESIAN_POINT('Ctrl Pts',(5.31534693927597,-6.39996804569615,-1.01534705848526));
#1094=CARTESIAN_POINT('Ctrl Pts',(5.31534693927597,-6.39996804569615,0.3));
#1095=CARTESIAN_POINT('Ctrl Pts',(5.27625083187769,-6.35068015610265,0.3));
#1096=CARTESIAN_POINT('Ctrl Pts',(5.27625083187769,-6.35068015610265,1.57625095108698));
#1097=CARTESIAN_POINT('Ctrl Pts',(3.99999988079071,-6.35068015610265,1.57625095108698));
#1098=CARTESIAN_POINT('Ctrl Pts',(2.72374892970373,-6.35068015610265,1.57625095108698));
#1099=CARTESIAN_POINT('Ctrl Pts',(2.72374892970373,-6.35068015610265,0.3));
#1100=CARTESIAN_POINT('Ctrl Pts',(2.72374892970373,-6.35068015610265,-0.976250951086982));
#1101=CARTESIAN_POINT('Ctrl Pts',(3.99999988079071,-6.35068015610265,-0.976250951086982));
#1102=CARTESIAN_POINT('Ctrl Pts',(5.27625083187769,-6.35068015610265,-0.976250951086982));
#1103=CARTESIAN_POINT('Ctrl Pts',(5.27625083187769,-6.35068015610265,0.3));
#1104=CARTESIAN_POINT('Ctrl Pts',(5.19482560369289,-6.27579332873952,0.3));
#1105=CARTESIAN_POINT('Ctrl Pts',(5.19482560369289,-6.27579332873952,1.49482572290218));
#1106=CARTESIAN_POINT('Ctrl Pts',(3.99999988079071,-6.27579332873952,1.49482572290218));
#1107=CARTESIAN_POINT('Ctrl Pts',(2.80517415788853,-6.27579332873952,1.49482572290218));
#1108=CARTESIAN_POINT('Ctrl Pts',(2.80517415788853,-6.27579332873952,0.3));
#1109=CARTESIAN_POINT('Ctrl Pts',(2.80517415788853,-6.27579332873952,-0.894825722902177));
#1110=CARTESIAN_POINT('Ctrl Pts',(3.99999988079071,-6.27579332873952,-0.894825722902177));
#1111=CARTESIAN_POINT('Ctrl Pts',(5.19482560369289,-6.27579332873952,-0.894825722902177));
#1112=CARTESIAN_POINT('Ctrl Pts',(5.19482560369289,-6.27579332873952,0.3));
#1113=CARTESIAN_POINT('Ctrl Pts',(5.09399631716874,-6.17939585607784,0.3));
#1114=CARTESIAN_POINT('Ctrl Pts',(5.09399631716874,-6.17939585607784,1.39399643637803));
#1115=CARTESIAN_POINT('Ctrl Pts',(3.99999988079071,-6.17939585607784,1.39399643637803));
#1116=CARTESIAN_POINT('Ctrl Pts',(2.90600344441268,-6.17939585607784,1.39399643637803));
#1117=CARTESIAN_POINT('Ctrl Pts',(2.90600344441268,-6.17939585607784,0.3));
#1118=CARTESIAN_POINT('Ctrl Pts',(2.90600344441268,-6.17939585607784,-0.793996436378033));
#1119=CARTESIAN_POINT('Ctrl Pts',(3.99999988079071,-6.17939585607784,-0.793996436378033));
#1120=CARTESIAN_POINT('Ctrl Pts',(5.09399631716874,-6.17939585607784,-0.793996436378033));
#1121=CARTESIAN_POINT('Ctrl Pts',(5.09399631716874,-6.17939585607784,0.3));
#1122=CARTESIAN_POINT('Ctrl Pts',(5.00150116847881,-6.07011207291239,0.3));
#1123=CARTESIAN_POINT('Ctrl Pts',(5.00150116847881,-6.07011207291239,1.3015012876881));
#1124=CARTESIAN_POINT('Ctrl Pts',(3.99999988079071,-6.07011207291239,1.3015012876881));
#1125=CARTESIAN_POINT('Ctrl Pts',(2.99849859310261,-6.07011207291239,1.3015012876881));
#1126=CARTESIAN_POINT('Ctrl Pts',(2.99849859310261,-6.07011207291239,0.3));
#1127=CARTESIAN_POINT('Ctrl Pts',(2.99849859310261,-6.07011207291239,-0.701501287688101));
#1128=CARTESIAN_POINT('Ctrl Pts',(3.99999988079071,-6.07011207291239,-0.701501287688101));
#1129=CARTESIAN_POINT('Ctrl Pts',(5.00150116847881,-6.07011207291239,-0.701501287688101));
#1130=CARTESIAN_POINT('Ctrl Pts',(5.00150116847881,-6.07011207291239,0.3));
#1131=CARTESIAN_POINT('Ctrl Pts',(4.94162231123659,-5.95745128114863,0.3));
#1132=CARTESIAN_POINT('Ctrl Pts',(4.94162231123659,-5.95745128114863,1.24162243044588));
#1133=CARTESIAN_POINT('Ctrl Pts',(3.99999988079071,-5.95745128114863,1.24162243044588));
#1134=CARTESIAN_POINT('Ctrl Pts',(3.05837745034483,-5.95745128114863,1.24162243044588));
#1135=CARTESIAN_POINT('Ctrl Pts',(3.05837745034483,-5.95745128114863,0.3));
#1136=CARTESIAN_POINT('Ctrl Pts',(3.05837745034483,-5.95745128114863,-0.64162243044588));
#1137=CARTESIAN_POINT('Ctrl Pts',(3.99999988079071,-5.95745128114863,-0.64162243044588));
#1138=CARTESIAN_POINT('Ctrl Pts',(4.94162231123659,-5.95745128114863,-0.64162243044588));
#1139=CARTESIAN_POINT('Ctrl Pts',(4.94162231123659,-5.95745128114863,0.3));
#1140=CARTESIAN_POINT('Ctrl Pts',(4.92738343158582,-5.84842665079284,0.3));
#1141=CARTESIAN_POINT('Ctrl Pts',(4.92738343158582,-5.84842665079284,1.22738355079511));
#1142=CARTESIAN_POINT('Ctrl Pts',(3.99999988079071,-5.84842665079284,1.22738355079511));
#1143=CARTESIAN_POINT('Ctrl Pts',(3.0726163299956,-5.84842665079284,1.22738355079511));
#1144=CARTESIAN_POINT('Ctrl Pts',(3.0726163299956,-5.84842665079284,0.3));
#1145=CARTESIAN_POINT('Ctrl Pts',(3.0726163299956,-5.84842665079284,-0.627383550795112));
#1146=CARTESIAN_POINT('Ctrl Pts',(3.99999988079071,-5.84842665079284,-0.627383550795112));
#1147=CARTESIAN_POINT('Ctrl Pts',(4.92738343158582,-5.84842665079284,-0.627383550795112));
#1148=CARTESIAN_POINT('Ctrl Pts',(4.92738343158582,-5.84842665079284,0.3));
#1149=CARTESIAN_POINT('Ctrl Pts',(4.95220411265986,-5.74392345225468,0.3));
#1150=CARTESIAN_POINT('Ctrl Pts',(4.95220411265986,-5.74392345225468,1.25220423186915));
#1151=CARTESIAN_POINT('Ctrl Pts',(3.99999988079071,-5.74392345225468,1.25220423186915));
#1152=CARTESIAN_POINT('Ctrl Pts',(3.04779564892156,-5.74392345225468,1.25220423186915));
#1153=CARTESIAN_POINT('Ctrl Pts',(3.04779564892156,-5.74392345225468,0.3));
#1154=CARTESIAN_POINT('Ctrl Pts',(3.04779564892156,-5.74392345225468,-0.652204231869149));
#1155=CARTESIAN_POINT('Ctrl Pts',(3.99999988079071,-5.74392345225468,-0.652204231869149));
#1156=CARTESIAN_POINT('Ctrl Pts',(4.95220411265986,-5.74392345225468,-0.652204231869149));
#1157=CARTESIAN_POINT('Ctrl Pts',(4.95220411265986,-5.74392345225468,0.3));
#1158=CARTESIAN_POINT('Ctrl Pts',(4.9967678918224,-5.64129601726477,0.3));
#1159=CARTESIAN_POINT('Ctrl Pts',(4.9967678918224,-5.64129601726477,1.29676801103168));
#1160=CARTESIAN_POINT('Ctrl Pts',(3.99999988079071,-5.64129601726477,1.29676801103168));
#1161=CARTESIAN_POINT('Ctrl Pts',(3.00323186975903,-5.64129601726477,1.29676801103168));
#1162=CARTESIAN_POINT('Ctrl Pts',(3.00323186975903,-5.64129601726477,0.3));
#1163=CARTESIAN_POINT('Ctrl Pts',(3.00323186975903,-5.64129601726477,-0.696768011031684));
#1164=CARTESIAN_POINT('Ctrl Pts',(3.99999988079071,-5.64129601726477,-0.696768011031685));
#1165=CARTESIAN_POINT('Ctrl Pts',(4.9967678918224,-5.64129601726477,-0.696768011031684));
#1166=CARTESIAN_POINT('Ctrl Pts',(4.9967678918224,-5.64129601726477,0.3));
#1167=CARTESIAN_POINT('Ctrl Pts',(5.03614833497131,-5.53705885178901,0.3));
#1168=CARTESIAN_POINT('Ctrl Pts',(5.03614833497131,-5.53705885178901,1.3361484541806));
#1169=CARTESIAN_POINT('Ctrl Pts',(3.99999988079071,-5.53705885178901,1.3361484541806));
#1170=CARTESIAN_POINT('Ctrl Pts',(2.96385142661011,-5.53705885178901,1.3361484541806));
#1171=CARTESIAN_POINT('Ctrl Pts',(2.96385142661011,-5.53705885178901,0.3));
#1172=CARTESIAN_POINT('Ctrl Pts',(2.96385142661011,-5.53705885178901,-0.736148454180601));
#1173=CARTESIAN_POINT('Ctrl Pts',(3.99999988079071,-5.53705885178901,-0.736148454180602));
#1174=CARTESIAN_POINT('Ctrl Pts',(5.03614833497131,-5.53705885178901,-0.736148454180601));
#1175=CARTESIAN_POINT('Ctrl Pts',(5.03614833497131,-5.53705885178901,0.3));
#1176=CARTESIAN_POINT('Ctrl Pts',(5.04697377812046,-5.42961923249943,0.3));
#1177=CARTESIAN_POINT('Ctrl Pts',(5.04697377812046,-5.42961923249943,1.34697389732975));
#1178=CARTESIAN_POINT('Ctrl Pts',(3.99999988079071,-5.42961923249943,1.34697389732975));
#1179=CARTESIAN_POINT('Ctrl Pts',(2.95302598346096,-5.42961923249943,1.34697389732975));
#1180=CARTESIAN_POINT('Ctrl Pts',(2.95302598346096,-5.42961923249943,0.3));
#1181=CARTESIAN_POINT('Ctrl Pts',(2.95302598346096,-5.42961923249943,-0.74697389732975));
#1182=CARTESIAN_POINT('Ctrl Pts',(3.99999988079071,-5.42961923249943,-0.74697389732975));
#1183=CARTESIAN_POINT('Ctrl Pts',(5.04697377812046,-5.42961923249943,-0.74697389732975));
#1184=CARTESIAN_POINT('Ctrl Pts',(5.04697377812046,-5.42961923249943,0.3));
#1185=CARTESIAN_POINT('Ctrl Pts',(5.01422457686714,-5.32181367045512,0.3));
#1186=CARTESIAN_POINT('Ctrl Pts',(5.01422457686714,-5.32181367045512,1.31422469607643));
#1187=CARTESIAN_POINT('Ctrl Pts',(3.99999988079071,-5.32181367045512,1.31422469607643));
#1188=CARTESIAN_POINT('Ctrl Pts',(2.98577518471428,-5.32181367045512,1.31422469607643));
#1189=CARTESIAN_POINT('Ctrl Pts',(2.98577518471428,-5.32181367045512,0.3));
#1190=CARTESIAN_POINT('Ctrl Pts',(2.98577518471428,-5.32181367045512,-0.714224696076432));
#1191=CARTESIAN_POINT('Ctrl Pts',(3.99999988079071,-5.32181367045512,-0.714224696076432));
#1192=CARTESIAN_POINT('Ctrl Pts',(5.01422457686714,-5.32181367045512,-0.714224696076432));
#1193=CARTESIAN_POINT('Ctrl Pts',(5.01422457686714,-5.32181367045512,0.3));
#1194=CARTESIAN_POINT('Ctrl Pts',(4.93913681795274,-5.22402233035966,0.3));
#1195=CARTESIAN_POINT('Ctrl Pts',(4.93913681795274,-5.22402233035966,1.23913693716203));
#1196=CARTESIAN_POINT('Ctrl Pts',(3.99999988079071,-5.22402233035966,1.23913693716203));
#1197=CARTESIAN_POINT('Ctrl Pts',(3.06086294362868,-5.22402233035966,1.23913693716203));
#1198=CARTESIAN_POINT('Ctrl Pts',(3.06086294362868,-5.22402233035966,0.3));
#1199=CARTESIAN_POINT('Ctrl Pts',(3.06086294362868,-5.22402233035966,-0.639136937162031));
#1200=CARTESIAN_POINT('Ctrl Pts',(3.99999988079071,-5.22402233035966,-0.639136937162031));
#1201=CARTESIAN_POINT('Ctrl Pts',(4.93913681795274,-5.22402233035966,-0.639136937162031));
#1202=CARTESIAN_POINT('Ctrl Pts',(4.93913681795274,-5.22402233035966,0.3));
#1203=CARTESIAN_POINT('Ctrl Pts',(4.83479883596575,-5.15088763724896,0.3));
#1204=CARTESIAN_POINT('Ctrl Pts',(4.83479883596575,-5.15088763724896,1.13479895517504));
#1205=CARTESIAN_POINT('Ctrl Pts',(3.99999988079071,-5.15088763724896,1.13479895517504));
#1206=CARTESIAN_POINT('Ctrl Pts',(3.16520092561567,-5.15088763724896,1.13479895517504));
#1207=CARTESIAN_POINT('Ctrl Pts',(3.16520092561567,-5.15088763724896,0.3));
#1208=CARTESIAN_POINT('Ctrl Pts',(3.16520092561567,-5.15088763724896,-0.53479895517504));
#1209=CARTESIAN_POINT('Ctrl Pts',(3.99999988079071,-5.15088763724896,-0.534798955175041));
#1210=CARTESIAN_POINT('Ctrl Pts',(4.83479883596575,-5.15088763724896,-0.53479895517504));
#1211=CARTESIAN_POINT('Ctrl Pts',(4.83479883596575,-5.15088763724896,0.3));
#1212=CARTESIAN_POINT('Ctrl Pts',(4.72029958269612,-5.11727838978389,0.3));
#1213=CARTESIAN_POINT('Ctrl Pts',(4.72029958269612,-5.11727838978389,1.02029970190541));
#1214=CARTESIAN_POINT('Ctrl Pts',(3.99999988079071,-5.11727838978389,1.02029970190541));
#1215=CARTESIAN_POINT('Ctrl Pts',(3.2797001788853,-5.11727838978389,1.02029970190541));
#1216=CARTESIAN_POINT('Ctrl Pts',(3.2797001788853,-5.11727838978389,0.3));
#1217=CARTESIAN_POINT('Ctrl Pts',(3.2797001788853,-5.11727838978389,-0.420299701905407));
#1218=CARTESIAN_POINT('Ctrl Pts',(3.99999988079071,-5.11727838978389,-0.420299701905407));
#1219=CARTESIAN_POINT('Ctrl Pts',(4.72029958269612,-5.11727838978389,-0.420299701905407));
#1220=CARTESIAN_POINT('Ctrl Pts',(4.72029958269612,-5.11727838978389,0.3));
#1221=CARTESIAN_POINT('Ctrl Pts',(4.61540644459003,-5.13451902117087,0.3));
#1222=CARTESIAN_POINT('Ctrl Pts',(4.61540644459003,-5.13451902117087,0.915406563799319));
#1223=CARTESIAN_POINT('Ctrl Pts',(3.99999988079071,-5.13451902117087,0.91540656379932));
#1224=CARTESIAN_POINT('Ctrl Pts',(3.38459331699139,-5.13451902117087,0.915406563799319));
#1225=CARTESIAN_POINT('Ctrl Pts',(3.38459331699139,-5.13451902117087,0.3));
#1226=CARTESIAN_POINT('Ctrl Pts',(3.38459331699139,-5.13451902117087,-0.315406563799319));
#1227=CARTESIAN_POINT('Ctrl Pts',(3.99999988079071,-5.13451902117087,-0.315406563799319));
#1228=CARTESIAN_POINT('Ctrl Pts',(4.61540644459003,-5.13451902117087,-0.315406563799319));
#1229=CARTESIAN_POINT('Ctrl Pts',(4.61540644459003,-5.13451902117087,0.3));
#1230=CARTESIAN_POINT('Ctrl Pts',(4.53504197697697,-5.20651342390588,0.3));
#1231=CARTESIAN_POINT('Ctrl Pts',(4.53504197697697,-5.20651342390588,0.835042096186258));
#1232=CARTESIAN_POINT('Ctrl Pts',(3.99999988079071,-5.20651342390588,0.835042096186258));
#1233=CARTESIAN_POINT('Ctrl Pts',(3.46495778460445,-5.20651342390588,0.835042096186258));
#1234=CARTESIAN_POINT('Ctrl Pts',(3.46495778460445,-5.20651342390588,0.3));
#1235=CARTESIAN_POINT('Ctrl Pts',(3.46495778460445,-5.20651342390588,-0.235042096186258));
#1236=CARTESIAN_POINT('Ctrl Pts',(3.99999988079071,-5.20651342390588,-0.235042096186258));
#1237=CARTESIAN_POINT('Ctrl Pts',(4.53504197697697,-5.20651342390588,-0.235042096186258));
#1238=CARTESIAN_POINT('Ctrl Pts',(4.53504197697697,-5.20651342390588,0.3));
#1239=CARTESIAN_POINT('Ctrl Pts',(4.48379612590972,-5.3258572396035,0.3));
#1240=CARTESIAN_POINT('Ctrl Pts',(4.48379612590972,-5.3258572396035,0.783796245119007));
#1241=CARTESIAN_POINT('Ctrl Pts',(3.99999988079071,-5.3258572396035,0.783796245119007));
#1242=CARTESIAN_POINT('Ctrl Pts',(3.5162036356717,-5.3258572396035,0.783796245119007));
#1243=CARTESIAN_POINT('Ctrl Pts',(3.5162036356717,-5.3258572396035,0.3));
#1244=CARTESIAN_POINT('Ctrl Pts',(3.5162036356717,-5.3258572396035,-0.183796245119007));
#1245=CARTESIAN_POINT('Ctrl Pts',(3.99999988079071,-5.3258572396035,-0.183796245119007));
#1246=CARTESIAN_POINT('Ctrl Pts',(4.48379612590972,-5.3258572396035,-0.183796245119007));
#1247=CARTESIAN_POINT('Ctrl Pts',(4.48379612590972,-5.3258572396035,0.3));
#1248=CARTESIAN_POINT('Ctrl Pts',(4.45833257247345,-5.47687828075253,0.3));
#1249=CARTESIAN_POINT('Ctrl Pts',(4.45833257247345,-5.47687828075253,0.758332691682738));
#1250=CARTESIAN_POINT('Ctrl Pts',(3.99999988079071,-5.47687828075253,0.758332691682738));
#1251=CARTESIAN_POINT('Ctrl Pts',(3.54166718910797,-5.47687828075253,0.758332691682738));
#1252=CARTESIAN_POINT('Ctrl Pts',(3.54166718910797,-5.47687828075253,0.3));
#1253=CARTESIAN_POINT('Ctrl Pts',(3.54166718910797,-5.47687828075253,-0.158332691682739));
#1254=CARTESIAN_POINT('Ctrl Pts',(3.99999988079071,-5.47687828075253,-0.158332691682739));
#1255=CARTESIAN_POINT('Ctrl Pts',(4.45833257247345,-5.47687828075253,-0.158332691682739));
#1256=CARTESIAN_POINT('Ctrl Pts',(4.45833257247345,-5.47687828075253,0.3));
#1257=CARTESIAN_POINT('Ctrl Pts',(4.4498261565559,-5.63868616770507,0.3));
#1258=CARTESIAN_POINT('Ctrl Pts',(4.4498261565559,-5.63868616770507,0.749826275765194));
#1259=CARTESIAN_POINT('Ctrl Pts',(3.99999988079071,-5.63868616770507,0.749826275765194));
#1260=CARTESIAN_POINT('Ctrl Pts',(3.55017360502552,-5.63868616770507,0.749826275765194));
#1261=CARTESIAN_POINT('Ctrl Pts',(3.55017360502552,-5.63868616770507,0.3));
#1262=CARTESIAN_POINT('Ctrl Pts',(3.55017360502552,-5.63868616770507,-0.149826275765194));
#1263=CARTESIAN_POINT('Ctrl Pts',(3.99999988079071,-5.63868616770507,-0.149826275765194));
#1264=CARTESIAN_POINT('Ctrl Pts',(4.4498261565559,-5.63868616770507,-0.149826275765194));
#1265=CARTESIAN_POINT('Ctrl Pts',(4.4498261565559,-5.63868616770507,0.3));
#1266=CARTESIAN_POINT('Ctrl Pts',(4.44640488886674,-5.7882479053647,0.3));
#1267=CARTESIAN_POINT('Ctrl Pts',(4.44640488886674,-5.7882479053647,0.746405008076025));
#1268=CARTESIAN_POINT('Ctrl Pts',(3.99999988079071,-5.7882479053647,0.746405008076025));
#1269=CARTESIAN_POINT('Ctrl Pts',(3.55359487271469,-5.7882479053647,0.746405008076025));
#1270=CARTESIAN_POINT('Ctrl Pts',(3.55359487271469,-5.7882479053647,0.3));
#1271=CARTESIAN_POINT('Ctrl Pts',(3.55359487271469,-5.7882479053647,-0.146405008076025));
#1272=CARTESIAN_POINT('Ctrl Pts',(3.99999988079071,-5.7882479053647,-0.146405008076025));
#1273=CARTESIAN_POINT('Ctrl Pts',(4.44640488886674,-5.7882479053647,-0.146405008076025));
#1274=CARTESIAN_POINT('Ctrl Pts',(4.44640488886674,-5.7882479053647,0.3));
#1275=CARTESIAN_POINT('Ctrl Pts',(4.4355013099636,-5.90333697889641,0.3));
#1276=CARTESIAN_POINT('Ctrl Pts',(4.4355013099636,-5.90333697889641,0.735501429172885));
#1277=CARTESIAN_POINT('Ctrl Pts',(3.99999988079071,-5.90333697889641,0.735501429172885));
#1278=CARTESIAN_POINT('Ctrl Pts',(3.56449845161783,-5.90333697889641,0.735501429172885));
#1279=CARTESIAN_POINT('Ctrl Pts',(3.56449845161783,-5.90333697889641,0.3));
#1280=CARTESIAN_POINT('Ctrl Pts',(3.56449845161783,-5.90333697889641,-0.135501429172885));
#1281=CARTESIAN_POINT('Ctrl Pts',(3.99999988079071,-5.90333697889641,-0.135501429172885));
#1282=CARTESIAN_POINT('Ctrl Pts',(4.4355013099636,-5.90333697889641,-0.135501429172885));
#1283=CARTESIAN_POINT('Ctrl Pts',(4.4355013099636,-5.90333697889641,0.3));
#1284=CARTESIAN_POINT('Ctrl Pts',(4.40642419591598,-5.96579107560468,0.3));
#1285=CARTESIAN_POINT('Ctrl Pts',(4.40642419591598,-5.96579107560468,0.70642431512527));
#1286=CARTESIAN_POINT('Ctrl Pts',(3.99999988079071,-5.96579107560468,0.70642431512527));
#1287=CARTESIAN_POINT('Ctrl Pts',(3.59357556566544,-5.96579107560468,0.70642431512527));
#1288=CARTESIAN_POINT('Ctrl Pts',(3.59357556566544,-5.96579107560468,0.3));
#1289=CARTESIAN_POINT('Ctrl Pts',(3.59357556566544,-5.96579107560468,-0.10642431512527));
#1290=CARTESIAN_POINT('Ctrl Pts',(3.99999988079071,-5.96579107560468,-0.10642431512527));
#1291=CARTESIAN_POINT('Ctrl Pts',(4.40642419591598,-5.96579107560468,-0.10642431512527));
#1292=CARTESIAN_POINT('Ctrl Pts',(4.40642419591598,-5.96579107560468,0.3));
#1293=CARTESIAN_POINT('Ctrl Pts',(4.35227661531168,-5.96387601360331,0.3));
#1294=CARTESIAN_POINT('Ctrl Pts',(4.35227661531168,-5.96387601360331,0.652276734520968));
#1295=CARTESIAN_POINT('Ctrl Pts',(3.99999988079071,-5.96387601360331,0.652276734520968));
#1296=CARTESIAN_POINT('Ctrl Pts',(3.64772314626974,-5.96387601360331,0.652276734520968));
#1297=CARTESIAN_POINT('Ctrl Pts',(3.64772314626974,-5.96387601360331,0.3));
#1298=CARTESIAN_POINT('Ctrl Pts',(3.64772314626974,-5.96387601360331,-0.0522767345209679));
#1299=CARTESIAN_POINT('Ctrl Pts',(3.99999988079071,-5.96387601360331,-0.0522767345209679));
#1300=CARTESIAN_POINT('Ctrl Pts',(4.35227661531168,-5.96387601360331,-0.0522767345209679));
#1301=CARTESIAN_POINT('Ctrl Pts',(4.35227661531168,-5.96387601360331,0.3));
#1302=CARTESIAN_POINT('Ctrl Pts',(4.26891977551682,-5.89060361122239,0.3));
#1303=CARTESIAN_POINT('Ctrl Pts',(4.26891977551682,-5.89060361122239,0.568919894726113));
#1304=CARTESIAN_POINT('Ctrl Pts',(3.99999988079071,-5.89060361122239,0.568919894726113));
#1305=CARTESIAN_POINT('Ctrl Pts',(3.7310799860646,-5.89060361122239,0.568919894726113));
#1306=CARTESIAN_POINT('Ctrl Pts',(3.7310799860646,-5.89060361122239,0.3));
#1307=CARTESIAN_POINT('Ctrl Pts',(3.7310799860646,-5.89060361122239,0.0310801052738871));
#1308=CARTESIAN_POINT('Ctrl Pts',(3.99999988079071,-5.89060361122239,0.0310801052738871));
#1309=CARTESIAN_POINT('Ctrl Pts',(4.26891977551682,-5.89060361122239,0.0310801052738871));
#1310=CARTESIAN_POINT('Ctrl Pts',(4.26891977551682,-5.89060361122239,0.3));
#1311=CARTESIAN_POINT('Ctrl Pts',(4.17726842929891,-5.77222135426765,0.3));
#1312=CARTESIAN_POINT('Ctrl Pts',(4.17726842929891,-5.77222135426765,0.477268548508201));
#1313=CARTESIAN_POINT('Ctrl Pts',(3.99999988079071,-5.77222135426765,0.477268548508201));
#1314=CARTESIAN_POINT('Ctrl Pts',(3.82273133228251,-5.77222135426765,0.477268548508201));
#1315=CARTESIAN_POINT('Ctrl Pts',(3.82273133228251,-5.77222135426765,0.3));
#1316=CARTESIAN_POINT('Ctrl Pts',(3.82273133228251,-5.77222135426765,0.122731451491799));
#1317=CARTESIAN_POINT('Ctrl Pts',(3.99999988079071,-5.77222135426765,0.122731451491799));
#1318=CARTESIAN_POINT('Ctrl Pts',(4.17726842929891,-5.77222135426765,0.122731451491799));
#1319=CARTESIAN_POINT('Ctrl Pts',(4.17726842929891,-5.77222135426765,0.3));
#1320=CARTESIAN_POINT('Ctrl Pts',(4.09420208264292,-5.6493547765909,0.3));
#1321=CARTESIAN_POINT('Ctrl Pts',(4.09420208264292,-5.6493547765909,0.394202201852206));
#1322=CARTESIAN_POINT('Ctrl Pts',(3.99999988079071,-5.6493547765909,0.394202201852206));
#1323=CARTESIAN_POINT('Ctrl Pts',(3.90579767893851,-5.6493547765909,0.394202201852206));
#1324=CARTESIAN_POINT('Ctrl Pts',(3.90579767893851,-5.6493547765909,0.3));
#1325=CARTESIAN_POINT('Ctrl Pts',(3.90579767893851,-5.6493547765909,0.205797798147794));
#1326=CARTESIAN_POINT('Ctrl Pts',(3.99999988079071,-5.6493547765909,0.205797798147794));
#1327=CARTESIAN_POINT('Ctrl Pts',(4.09420208264292,-5.6493547765909,0.205797798147794));
#1328=CARTESIAN_POINT('Ctrl Pts',(4.09420208264292,-5.6493547765909,0.3));
#1329=CARTESIAN_POINT('Ctrl Pts',(4.03246118722131,-5.55230758894688,0.3));
#1330=CARTESIAN_POINT('Ctrl Pts',(4.03246118722131,-5.55230758894688,0.332461306430603));
#1331=CARTESIAN_POINT('Ctrl Pts',(3.99999988079071,-5.55230758894688,0.332461306430603));
#1332=CARTESIAN_POINT('Ctrl Pts',(3.96753857436011,-5.55230758894688,0.332461306430603));
#1333=CARTESIAN_POINT('Ctrl Pts',(3.96753857436011,-5.55230758894688,0.3));
#1334=CARTESIAN_POINT('Ctrl Pts',(3.96753857436011,-5.55230758894688,0.267538693569397));
#1335=CARTESIAN_POINT('Ctrl Pts',(3.99999988079071,-5.55230758894688,0.267538693569397));
#1336=CARTESIAN_POINT('Ctrl Pts',(4.03246118722131,-5.55230758894688,0.267538693569397));
#1337=CARTESIAN_POINT('Ctrl Pts',(4.03246118722131,-5.55230758894688,0.3));
#1338=CARTESIAN_POINT('Ctrl Pts',(3.99999988079071,-5.49999992549419,0.3));
#1339=CARTESIAN_POINT('Ctrl Pts',(3.99999988079071,-5.49999992549419,0.3));
#1340=CARTESIAN_POINT('Ctrl Pts',(3.99999988079071,-5.49999992549419,0.3));
#1341=CARTESIAN_POINT('Ctrl Pts',(3.99999988079071,-5.49999992549419,0.3));
#1342=CARTESIAN_POINT('Ctrl Pts',(3.99999988079071,-5.49999992549419,0.3));
#1343=CARTESIAN_POINT('Ctrl Pts',(3.99999988079071,-5.49999992549419,0.3));
#1344=CARTESIAN_POINT('Ctrl Pts',(3.99999988079071,-5.49999992549419,0.3));
#1345=CARTESIAN_POINT('Ctrl Pts',(3.99999988079071,-5.49999992549419,0.3));
#1346=CARTESIAN_POINT('Ctrl Pts',(3.99999988079071,-5.49999992549419,0.3));
#1347=CARTESIAN_POINT('',(3.99999988079071,-7.29999995231629,0.3));
#1348=CARTESIAN_POINT('',(3.99999988079071,-5.49999992549419,0.3));
#1349=CARTESIAN_POINT('Ctrl Pts',(3.99999988079071,-7.29999995231629,0.3));
#1350=CARTESIAN_POINT('Ctrl Pts',(4.02821648315864,-7.35355174012474,0.3));
#1351=CARTESIAN_POINT('Ctrl Pts',(4.08216793922605,-7.45273727524531,0.3));
#1352=CARTESIAN_POINT('Ctrl Pts',(4.15564998925554,-7.57776170964307,0.3));
#1353=CARTESIAN_POINT('Ctrl Pts',(4.23872511494828,-7.69692007065339,0.3));
#1354=CARTESIAN_POINT('Ctrl Pts',(4.31827358341512,-7.76794671409289,0.3));
#1355=CARTESIAN_POINT('Ctrl Pts',(4.37522558274207,-7.76526563650158,0.3));
#1356=CARTESIAN_POINT('Ctrl Pts',(4.41308784600888,-7.69761925861492,0.3));
#1357=CARTESIAN_POINT('Ctrl Pts',(4.43771049861923,-7.57965442980851,0.3));
#1358=CARTESIAN_POINT('Ctrl Pts',(4.45812629495069,-7.43398627535167,0.3));
#1359=CARTESIAN_POINT('Ctrl Pts',(4.48462774138186,-7.28697647419551,0.3));
#1360=CARTESIAN_POINT('Ctrl Pts',(4.52653955736961,-7.16378708182337,0.3));
#1361=CARTESIAN_POINT('Ctrl Pts',(4.58993065710839,-7.08337189922046,0.3));
#1362=CARTESIAN_POINT('Ctrl Pts',(4.67572009533879,-7.05419828716664,0.3));
#1363=CARTESIAN_POINT('Ctrl Pts',(4.77668368472591,-7.06787865644241,0.3));
#1364=CARTESIAN_POINT('Ctrl Pts',(4.87824336427084,-7.10001392274757,0.3));
#1365=CARTESIAN_POINT('Ctrl Pts',(4.96451021261258,-7.1210480957081,0.3));
#1366=CARTESIAN_POINT('Ctrl Pts',(5.02298720669075,-7.10457778021736,0.3));
#1367=CARTESIAN_POINT('Ctrl Pts',(5.04991066273454,-7.03683156207355,0.3));
#1368=CARTESIAN_POINT('Ctrl Pts',(5.05508698307684,-6.92529478683715,0.3));
#1369=CARTESIAN_POINT('Ctrl Pts',(5.05540682971565,-6.79050808500277,0.3));
#1370=CARTESIAN_POINT('Ctrl Pts',(5.06869756868023,-6.65831608625975,0.3));
#1371=CARTESIAN_POINT('Ctrl Pts',(5.10731397245865,-6.55183907642467,0.3));
#1372=CARTESIAN_POINT('Ctrl Pts',(5.17216246475519,-6.48386877093074,0.3));
#1373=CARTESIAN_POINT('Ctrl Pts',(5.24562367055571,-6.44823500621085,0.3));
#1374=CARTESIAN_POINT('Ctrl Pts',(5.30144169330944,-6.42724847045291,0.3));
#1375=CARTESIAN_POINT('Ctrl Pts',(5.31534693927597,-6.39996804569615,0.3));
#1376=CARTESIAN_POINT('Ctrl Pts',(5.27625083187769,-6.35068015610265,0.3));
#1377=CARTESIAN_POINT('Ctrl Pts',(5.19482560369289,-6.27579332873952,0.3));
#1378=CARTESIAN_POINT('Ctrl Pts',(5.09399631716874,-6.17939585607784,0.3));
#1379=CARTESIAN_POINT('Ctrl Pts',(5.00150116847881,-6.07011207291239,0.3));
#1380=CARTESIAN_POINT('Ctrl Pts',(4.94162231123659,-5.95745128114863,0.3));
#1381=CARTESIAN_POINT('Ctrl Pts',(4.92738343158582,-5.84842665079284,0.3));
#1382=CARTESIAN_POINT('Ctrl Pts',(4.95220411265986,-5.74392345225468,0.3));
#1383=CARTESIAN_POINT('Ctrl Pts',(4.9967678918224,-5.64129601726477,0.3));
#1384=CARTESIAN_POINT('Ctrl Pts',(5.03614833497131,-5.53705885178901,0.3));
#1385=CARTESIAN_POINT('Ctrl Pts',(5.04697377812046,-5.42961923249943,0.3));
#1386=CARTESIAN_POINT('Ctrl Pts',(5.01422457686714,-5.32181367045512,0.3));
#1387=CARTESIAN_POINT('Ctrl Pts',(4.93913681795274,-5.22402233035966,0.3));
#1388=CARTESIAN_POINT('Ctrl Pts',(4.83479883596575,-5.15088763724896,0.3));
#1389=CARTESIAN_POINT('Ctrl Pts',(4.72029958269612,-5.11727838978389,0.3));
#1390=CARTESIAN_POINT('Ctrl Pts',(4.61540644459003,-5.13451902117087,0.3));
#1391=CARTESIAN_POINT('Ctrl Pts',(4.53504197697697,-5.20651342390588,0.3));
#1392=CARTESIAN_POINT('Ctrl Pts',(4.48379612590972,-5.3258572396035,0.3));
#1393=CARTESIAN_POINT('Ctrl Pts',(4.45833257247345,-5.47687828075253,0.3));
#1394=CARTESIAN_POINT('Ctrl Pts',(4.4498261565559,-5.63868616770507,0.3));
#1395=CARTESIAN_POINT('Ctrl Pts',(4.44640488886674,-5.7882479053647,0.3));
#1396=CARTESIAN_POINT('Ctrl Pts',(4.4355013099636,-5.90333697889641,0.3));
#1397=CARTESIAN_POINT('Ctrl Pts',(4.40642419591598,-5.96579107560468,0.3));
#1398=CARTESIAN_POINT('Ctrl Pts',(4.35227661531168,-5.96387601360331,0.3));
#1399=CARTESIAN_POINT('Ctrl Pts',(4.26891977551682,-5.89060361122239,0.3));
#1400=CARTESIAN_POINT('Ctrl Pts',(4.17726842929891,-5.77222135426765,0.3));
#1401=CARTESIAN_POINT('Ctrl Pts',(4.09420208264292,-5.6493547765909,0.3));
#1402=CARTESIAN_POINT('Ctrl Pts',(4.03246118722131,-5.55230758894688,0.3));
#1403=CARTESIAN_POINT('Ctrl Pts',(3.99999988079071,-5.49999992549419,0.3));
#1404=CARTESIAN_POINT('Ctrl Pts',(-7.50000011920929,-7.29999995231629,-0.2));
#1405=CARTESIAN_POINT('Ctrl Pts',(-7.50000011920929,-7.29999995231629,-0.2));
#1406=CARTESIAN_POINT('Ctrl Pts',(-7.50000011920929,-7.29999995231629,-0.2));
#1407=CARTESIAN_POINT('Ctrl Pts',(-7.50000011920929,-7.29999995231629,-0.2));
#1408=CARTESIAN_POINT('Ctrl Pts',(-7.50000011920929,-7.29999995231629,-0.2));
#1409=CARTESIAN_POINT('Ctrl Pts',(-7.50000011920929,-7.29999995231629,-0.2));
#1410=CARTESIAN_POINT('Ctrl Pts',(-7.50000011920929,-7.29999995231629,-0.2));
#1411=CARTESIAN_POINT('Ctrl Pts',(-7.50000011920929,-7.29999995231629,-0.2));
#1412=CARTESIAN_POINT('Ctrl Pts',(-7.50000011920929,-7.29999995231629,-0.2));
#1413=CARTESIAN_POINT('Ctrl Pts',(-7.47178351684136,-7.35355174012474,-0.2));
#1414=CARTESIAN_POINT('Ctrl Pts',(-7.47178351684136,-7.35355174012474,-0.171783397632071));
#1415=CARTESIAN_POINT('Ctrl Pts',(-7.50000011920929,-7.35355174012474,-0.171783397632071));
#1416=CARTESIAN_POINT('Ctrl Pts',(-7.52821672157722,-7.35355174012474,-0.171783397632071));
#1417=CARTESIAN_POINT('Ctrl Pts',(-7.52821672157722,-7.35355174012474,-0.2));
#1418=CARTESIAN_POINT('Ctrl Pts',(-7.52821672157722,-7.35355174012474,-0.22821660236793));
#1419=CARTESIAN_POINT('Ctrl Pts',(-7.50000011920929,-7.35355174012474,-0.22821660236793));
#1420=CARTESIAN_POINT('Ctrl Pts',(-7.47178351684136,-7.35355174012474,-0.22821660236793));
#1421=CARTESIAN_POINT('Ctrl Pts',(-7.47178351684136,-7.35355174012474,-0.2));
#1422=CARTESIAN_POINT('Ctrl Pts',(-7.41783206077395,-7.45273727524531,-0.2));
#1423=CARTESIAN_POINT('Ctrl Pts',(-7.41783206077395,-7.45273727524531,-0.117831941564659));
#1424=CARTESIAN_POINT('Ctrl Pts',(-7.50000011920929,-7.45273727524531,-0.117831941564659));
#1425=CARTESIAN_POINT('Ctrl Pts',(-7.58216817764463,-7.45273727524531,-0.117831941564659));
#1426=CARTESIAN_POINT('Ctrl Pts',(-7.58216817764463,-7.45273727524531,-0.2));
#1427=CARTESIAN_POINT('Ctrl Pts',(-7.58216817764463,-7.45273727524531,-0.282168058435342));
#1428=CARTESIAN_POINT('Ctrl Pts',(-7.50000011920929,-7.45273727524531,-0.282168058435342));
#1429=CARTESIAN_POINT('Ctrl Pts',(-7.41783206077395,-7.45273727524531,-0.282168058435342));
#1430=CARTESIAN_POINT('Ctrl Pts',(-7.41783206077395,-7.45273727524531,-0.2));
#1431=CARTESIAN_POINT('Ctrl Pts',(-7.34435001074446,-7.57776170964307,-0.2));
#1432=CARTESIAN_POINT('Ctrl Pts',(-7.34435001074446,-7.57776170964307,-0.0443498915351685));
#1433=CARTESIAN_POINT('Ctrl Pts',(-7.50000011920929,-7.57776170964307,-0.0443498915351685));
#1434=CARTESIAN_POINT('Ctrl Pts',(-7.65565022767412,-7.57776170964307,-0.0443498915351685));
#1435=CARTESIAN_POINT('Ctrl Pts',(-7.65565022767412,-7.57776170964307,-0.2));
#1436=CARTESIAN_POINT('Ctrl Pts',(-7.65565022767412,-7.57776170964307,-0.355650108464832));
#1437=CARTESIAN_POINT('Ctrl Pts',(-7.50000011920929,-7.57776170964307,-0.355650108464832));
#1438=CARTESIAN_POINT('Ctrl Pts',(-7.34435001074446,-7.57776170964307,-0.355650108464832));
#1439=CARTESIAN_POINT('Ctrl Pts',(-7.34435001074446,-7.57776170964307,-0.2));
#1440=CARTESIAN_POINT('Ctrl Pts',(-7.26127488505172,-7.69692007065339,-0.2));
#1441=CARTESIAN_POINT('Ctrl Pts',(-7.26127488505172,-7.69692007065339,0.038725234157571));
#1442=CARTESIAN_POINT('Ctrl Pts',(-7.50000011920929,-7.69692007065339,0.038725234157571));
#1443=CARTESIAN_POINT('Ctrl Pts',(-7.73872535336686,-7.69692007065339,0.038725234157571));
#1444=CARTESIAN_POINT('Ctrl Pts',(-7.73872535336686,-7.69692007065339,-0.2));
#1445=CARTESIAN_POINT('Ctrl Pts',(-7.73872535336686,-7.69692007065339,-0.438725234157571));
#1446=CARTESIAN_POINT('Ctrl Pts',(-7.50000011920929,-7.69692007065339,-0.438725234157571));
#1447=CARTESIAN_POINT('Ctrl Pts',(-7.26127488505172,-7.69692007065339,-0.438725234157571));
#1448=CARTESIAN_POINT('Ctrl Pts',(-7.26127488505172,-7.69692007065339,-0.2));
#1449=CARTESIAN_POINT('Ctrl Pts',(-7.18172641658488,-7.76794671409289,-0.2));
#1450=CARTESIAN_POINT('Ctrl Pts',(-7.18172641658488,-7.76794671409289,0.118273702624411));
#1451=CARTESIAN_POINT('Ctrl Pts',(-7.50000011920929,-7.76794671409289,0.118273702624411));
#1452=CARTESIAN_POINT('Ctrl Pts',(-7.8182738218337,-7.76794671409289,0.118273702624411));
#1453=CARTESIAN_POINT('Ctrl Pts',(-7.8182738218337,-7.76794671409289,-0.2));
#1454=CARTESIAN_POINT('Ctrl Pts',(-7.8182738218337,-7.76794671409289,-0.518273702624411));
#1455=CARTESIAN_POINT('Ctrl Pts',(-7.50000011920929,-7.76794671409289,-0.518273702624411));
#1456=CARTESIAN_POINT('Ctrl Pts',(-7.18172641658488,-7.76794671409289,-0.518273702624411));
#1457=CARTESIAN_POINT('Ctrl Pts',(-7.18172641658488,-7.76794671409289,-0.2));
#1458=CARTESIAN_POINT('Ctrl Pts',(-7.12477441725794,-7.76526563650158,-0.2));
#1459=CARTESIAN_POINT('Ctrl Pts',(-7.12477441725794,-7.76526563650158,0.175225701951354));
#1460=CARTESIAN_POINT('Ctrl Pts',(-7.50000011920929,-7.76526563650158,0.175225701951354));
#1461=CARTESIAN_POINT('Ctrl Pts',(-7.87522582116065,-7.76526563650158,0.175225701951354));
#1462=CARTESIAN_POINT('Ctrl Pts',(-7.87522582116065,-7.76526563650158,-0.2));
#1463=CARTESIAN_POINT('Ctrl Pts',(-7.87522582116065,-7.76526563650158,-0.575225701951355));
#1464=CARTESIAN_POINT('Ctrl Pts',(-7.50000011920929,-7.76526563650158,-0.575225701951355));
#1465=CARTESIAN_POINT('Ctrl Pts',(-7.12477441725794,-7.76526563650158,-0.575225701951355));
#1466=CARTESIAN_POINT('Ctrl Pts',(-7.12477441725794,-7.76526563650158,-0.2));
#1467=CARTESIAN_POINT('Ctrl Pts',(-7.08691215399112,-7.69761925861492,-0.2));
#1468=CARTESIAN_POINT('Ctrl Pts',(-7.08691215399112,-7.69761925861492,0.213087965218171));
#1469=CARTESIAN_POINT('Ctrl Pts',(-7.50000011920929,-7.69761925861492,0.213087965218171));
#1470=CARTESIAN_POINT('Ctrl Pts',(-7.91308808442746,-7.69761925861492,0.213087965218171));
#1471=CARTESIAN_POINT('Ctrl Pts',(-7.91308808442746,-7.69761925861492,-0.2));
#1472=CARTESIAN_POINT('Ctrl Pts',(-7.91308808442746,-7.69761925861492,-0.613087965218171));
#1473=CARTESIAN_POINT('Ctrl Pts',(-7.50000011920929,-7.69761925861492,-0.613087965218171));
#1474=CARTESIAN_POINT('Ctrl Pts',(-7.08691215399112,-7.69761925861492,-0.613087965218171));
#1475=CARTESIAN_POINT('Ctrl Pts',(-7.08691215399112,-7.69761925861492,-0.2));
#1476=CARTESIAN_POINT('Ctrl Pts',(-7.06228950138077,-7.57965442980851,-0.2));
#1477=CARTESIAN_POINT('Ctrl Pts',(-7.06228950138077,-7.57965442980851,0.237710617828516));
#1478=CARTESIAN_POINT('Ctrl Pts',(-7.50000011920929,-7.57965442980851,0.237710617828516));
#1479=CARTESIAN_POINT('Ctrl Pts',(-7.93771073703781,-7.57965442980851,0.237710617828516));
#1480=CARTESIAN_POINT('Ctrl Pts',(-7.93771073703781,-7.57965442980851,-0.2));
#1481=CARTESIAN_POINT('Ctrl Pts',(-7.93771073703781,-7.57965442980851,-0.637710617828516));
#1482=CARTESIAN_POINT('Ctrl Pts',(-7.50000011920929,-7.57965442980851,-0.637710617828516));
#1483=CARTESIAN_POINT('Ctrl Pts',(-7.06228950138077,-7.57965442980851,-0.637710617828516));
#1484=CARTESIAN_POINT('Ctrl Pts',(-7.06228950138077,-7.57965442980851,-0.2));
#1485=CARTESIAN_POINT('Ctrl Pts',(-7.04187370504932,-7.43398627535167,-0.2));
#1486=CARTESIAN_POINT('Ctrl Pts',(-7.04187370504932,-7.43398627535167,0.258126414159974));
#1487=CARTESIAN_POINT('Ctrl Pts',(-7.50000011920929,-7.43398627535167,0.258126414159974));
#1488=CARTESIAN_POINT('Ctrl Pts',(-7.95812653336926,-7.43398627535167,0.258126414159974));
#1489=CARTESIAN_POINT('Ctrl Pts',(-7.95812653336926,-7.43398627535167,-0.2));
#1490=CARTESIAN_POINT('Ctrl Pts',(-7.95812653336926,-7.43398627535167,-0.658126414159974));
#1491=CARTESIAN_POINT('Ctrl Pts',(-7.50000011920929,-7.43398627535167,-0.658126414159974));
#1492=CARTESIAN_POINT('Ctrl Pts',(-7.04187370504932,-7.43398627535167,-0.658126414159974));
#1493=CARTESIAN_POINT('Ctrl Pts',(-7.04187370504932,-7.43398627535167,-0.2));
#1494=CARTESIAN_POINT('Ctrl Pts',(-7.01537225861814,-7.28697647419551,-0.2));
#1495=CARTESIAN_POINT('Ctrl Pts',(-7.01537225861814,-7.28697647419551,0.284627860591148));
#1496=CARTESIAN_POINT('Ctrl Pts',(-7.50000011920929,-7.28697647419551,0.284627860591148));
#1497=CARTESIAN_POINT('Ctrl Pts',(-7.98462797980044,-7.28697647419551,0.284627860591148));
#1498=CARTESIAN_POINT('Ctrl Pts',(-7.98462797980044,-7.28697647419551,-0.2));
#1499=CARTESIAN_POINT('Ctrl Pts',(-7.98462797980044,-7.28697647419551,-0.684627860591148));
#1500=CARTESIAN_POINT('Ctrl Pts',(-7.50000011920929,-7.28697647419551,-0.684627860591148));
#1501=CARTESIAN_POINT('Ctrl Pts',(-7.01537225861814,-7.28697647419551,-0.684627860591148));
#1502=CARTESIAN_POINT('Ctrl Pts',(-7.01537225861814,-7.28697647419551,-0.2));
#1503=CARTESIAN_POINT('Ctrl Pts',(-6.97346044263039,-7.16378708182337,-0.2));
#1504=CARTESIAN_POINT('Ctrl Pts',(-6.97346044263039,-7.16378708182337,0.3265396765789));
#1505=CARTESIAN_POINT('Ctrl Pts',(-7.50000011920929,-7.16378708182337,0.3265396765789));
#1506=CARTESIAN_POINT('Ctrl Pts',(-8.02653979578819,-7.16378708182337,0.3265396765789));
#1507=CARTESIAN_POINT('Ctrl Pts',(-8.02653979578819,-7.16378708182337,-0.2));
#1508=CARTESIAN_POINT('Ctrl Pts',(-8.02653979578819,-7.16378708182337,-0.726539676578901));
#1509=CARTESIAN_POINT('Ctrl Pts',(-7.50000011920929,-7.16378708182337,-0.726539676578901));
#1510=CARTESIAN_POINT('Ctrl Pts',(-6.97346044263039,-7.16378708182337,-0.726539676578901));
#1511=CARTESIAN_POINT('Ctrl Pts',(-6.97346044263039,-7.16378708182337,-0.2));
#1512=CARTESIAN_POINT('Ctrl Pts',(-6.91006934289162,-7.08337189922046,-0.2));
#1513=CARTESIAN_POINT('Ctrl Pts',(-6.91006934289162,-7.08337189922046,0.389930776317674));
#1514=CARTESIAN_POINT('Ctrl Pts',(-7.50000011920929,-7.08337189922046,0.389930776317674));
#1515=CARTESIAN_POINT('Ctrl Pts',(-8.08993089552697,-7.08337189922046,0.389930776317674));
#1516=CARTESIAN_POINT('Ctrl Pts',(-8.08993089552697,-7.08337189922046,-0.2));
#1517=CARTESIAN_POINT('Ctrl Pts',(-8.08993089552697,-7.08337189922046,-0.789930776317675));
#1518=CARTESIAN_POINT('Ctrl Pts',(-7.50000011920929,-7.08337189922046,-0.789930776317675));
#1519=CARTESIAN_POINT('Ctrl Pts',(-6.91006934289162,-7.08337189922046,-0.789930776317675));
#1520=CARTESIAN_POINT('Ctrl Pts',(-6.91006934289162,-7.08337189922046,-0.2));
#1521=CARTESIAN_POINT('Ctrl Pts',(-6.82427990466121,-7.05419828716664,-0.2));
#1522=CARTESIAN_POINT('Ctrl Pts',(-6.82427990466121,-7.05419828716664,0.47572021454808));
#1523=CARTESIAN_POINT('Ctrl Pts',(-7.50000011920929,-7.05419828716664,0.475720214548081));
#1524=CARTESIAN_POINT('Ctrl Pts',(-8.17572033375737,-7.05419828716664,0.47572021454808));
#1525=CARTESIAN_POINT('Ctrl Pts',(-8.17572033375737,-7.05419828716664,-0.2));
#1526=CARTESIAN_POINT('Ctrl Pts',(-8.17572033375737,-7.05419828716664,-0.875720214548081));
#1527=CARTESIAN_POINT('Ctrl Pts',(-7.50000011920929,-7.05419828716664,-0.875720214548081));
#1528=CARTESIAN_POINT('Ctrl Pts',(-6.82427990466121,-7.05419828716664,-0.875720214548081));
#1529=CARTESIAN_POINT('Ctrl Pts',(-6.82427990466121,-7.05419828716664,-0.2));
#1530=CARTESIAN_POINT('Ctrl Pts',(-6.72331631527409,-7.06787865644241,-0.2));
#1531=CARTESIAN_POINT('Ctrl Pts',(-6.72331631527409,-7.06787865644241,0.576683803935201));
#1532=CARTESIAN_POINT('Ctrl Pts',(-7.50000011920929,-7.06787865644241,0.576683803935201));
#1533=CARTESIAN_POINT('Ctrl Pts',(-8.27668392314449,-7.06787865644241,0.576683803935201));
#1534=CARTESIAN_POINT('Ctrl Pts',(-8.27668392314449,-7.06787865644241,-0.2));
#1535=CARTESIAN_POINT('Ctrl Pts',(-8.27668392314449,-7.06787865644241,-0.976683803935201));
#1536=CARTESIAN_POINT('Ctrl Pts',(-7.50000011920929,-7.06787865644241,-0.976683803935201));
#1537=CARTESIAN_POINT('Ctrl Pts',(-6.72331631527409,-7.06787865644241,-0.976683803935201));
#1538=CARTESIAN_POINT('Ctrl Pts',(-6.72331631527409,-7.06787865644241,-0.2));
#1539=CARTESIAN_POINT('Ctrl Pts',(-6.62175663572917,-7.10001392274757,-0.2));
#1540=CARTESIAN_POINT('Ctrl Pts',(-6.62175663572917,-7.10001392274757,0.678243483480125));
#1541=CARTESIAN_POINT('Ctrl Pts',(-7.50000011920929,-7.10001392274757,0.678243483480125));
#1542=CARTESIAN_POINT('Ctrl Pts',(-8.37824360268942,-7.10001392274757,0.678243483480125));
#1543=CARTESIAN_POINT('Ctrl Pts',(-8.37824360268942,-7.10001392274757,-0.2));
#1544=CARTESIAN_POINT('Ctrl Pts',(-8.37824360268942,-7.10001392274757,-1.07824348348012));
#1545=CARTESIAN_POINT('Ctrl Pts',(-7.50000011920929,-7.10001392274757,-1.07824348348013));
#1546=CARTESIAN_POINT('Ctrl Pts',(-6.62175663572917,-7.10001392274757,-1.07824348348012));
#1547=CARTESIAN_POINT('Ctrl Pts',(-6.62175663572917,-7.10001392274757,-0.2));
#1548=CARTESIAN_POINT('Ctrl Pts',(-6.53548978738742,-7.1210480957081,-0.2));
#1549=CARTESIAN_POINT('Ctrl Pts',(-6.53548978738742,-7.1210480957081,0.76451033182187));
#1550=CARTESIAN_POINT('Ctrl Pts',(-7.50000011920929,-7.1210480957081,0.76451033182187));
#1551=CARTESIAN_POINT('Ctrl Pts',(-8.46451045103116,-7.1210480957081,0.76451033182187));
#1552=CARTESIAN_POINT('Ctrl Pts',(-8.46451045103116,-7.1210480957081,-0.2));
#1553=CARTESIAN_POINT('Ctrl Pts',(-8.46451045103116,-7.1210480957081,-1.16451033182187));
#1554=CARTESIAN_POINT('Ctrl Pts',(-7.50000011920929,-7.1210480957081,-1.16451033182187));
#1555=CARTESIAN_POINT('Ctrl Pts',(-6.53548978738742,-7.1210480957081,-1.16451033182187));
#1556=CARTESIAN_POINT('Ctrl Pts',(-6.53548978738742,-7.1210480957081,-0.2));
#1557=CARTESIAN_POINT('Ctrl Pts',(-6.47701279330925,-7.10457778021736,-0.2));
#1558=CARTESIAN_POINT('Ctrl Pts',(-6.47701279330925,-7.10457778021736,0.822987325900038));
#1559=CARTESIAN_POINT('Ctrl Pts',(-7.50000011920929,-7.10457778021736,0.822987325900038));
#1560=CARTESIAN_POINT('Ctrl Pts',(-8.52298744510933,-7.10457778021736,0.822987325900038));
#1561=CARTESIAN_POINT('Ctrl Pts',(-8.52298744510933,-7.10457778021736,-0.2));
#1562=CARTESIAN_POINT('Ctrl Pts',(-8.52298744510933,-7.10457778021736,-1.22298732590004));
#1563=CARTESIAN_POINT('Ctrl Pts',(-7.50000011920929,-7.10457778021736,-1.22298732590004));
#1564=CARTESIAN_POINT('Ctrl Pts',(-6.47701279330925,-7.10457778021736,-1.22298732590004));
#1565=CARTESIAN_POINT('Ctrl Pts',(-6.47701279330925,-7.10457778021736,-0.2));
#1566=CARTESIAN_POINT('Ctrl Pts',(-6.45008933726547,-7.03683156207355,-0.2));
#1567=CARTESIAN_POINT('Ctrl Pts',(-6.45008933726547,-7.03683156207355,0.849910781943824));
#1568=CARTESIAN_POINT('Ctrl Pts',(-7.50000011920929,-7.03683156207355,0.849910781943825));
#1569=CARTESIAN_POINT('Ctrl Pts',(-8.54991090115312,-7.03683156207355,0.849910781943824));
#1570=CARTESIAN_POINT('Ctrl Pts',(-8.54991090115312,-7.03683156207355,-0.2));
#1571=CARTESIAN_POINT('Ctrl Pts',(-8.54991090115312,-7.03683156207355,-1.24991078194382));
#1572=CARTESIAN_POINT('Ctrl Pts',(-7.50000011920929,-7.03683156207355,-1.24991078194382));
#1573=CARTESIAN_POINT('Ctrl Pts',(-6.45008933726547,-7.03683156207355,-1.24991078194382));
#1574=CARTESIAN_POINT('Ctrl Pts',(-6.45008933726547,-7.03683156207355,-0.2));
#1575=CARTESIAN_POINT('Ctrl Pts',(-6.44491301692316,-6.92529478683715,-0.2));
#1576=CARTESIAN_POINT('Ctrl Pts',(-6.44491301692316,-6.92529478683715,0.855087102286127));
#1577=CARTESIAN_POINT('Ctrl Pts',(-7.50000011920929,-6.92529478683715,0.855087102286128));
#1578=CARTESIAN_POINT('Ctrl Pts',(-8.55508722149542,-6.92529478683715,0.855087102286127));
#1579=CARTESIAN_POINT('Ctrl Pts',(-8.55508722149542,-6.92529478683715,-0.2));
#1580=CARTESIAN_POINT('Ctrl Pts',(-8.55508722149542,-6.92529478683715,-1.25508710228613));
#1581=CARTESIAN_POINT('Ctrl Pts',(-7.50000011920929,-6.92529478683715,-1.25508710228613));
#1582=CARTESIAN_POINT('Ctrl Pts',(-6.44491301692316,-6.92529478683715,-1.25508710228613));
#1583=CARTESIAN_POINT('Ctrl Pts',(-6.44491301692316,-6.92529478683715,-0.2));
#1584=CARTESIAN_POINT('Ctrl Pts',(-6.44459317028435,-6.79050808500277,-0.2));
#1585=CARTESIAN_POINT('Ctrl Pts',(-6.44459317028435,-6.79050808500277,0.85540694892494));
#1586=CARTESIAN_POINT('Ctrl Pts',(-7.50000011920929,-6.79050808500277,0.85540694892494));
#1587=CARTESIAN_POINT('Ctrl Pts',(-8.55540706813423,-6.79050808500277,0.85540694892494));
#1588=CARTESIAN_POINT('Ctrl Pts',(-8.55540706813423,-6.79050808500277,-0.2));
#1589=CARTESIAN_POINT('Ctrl Pts',(-8.55540706813423,-6.79050808500277,-1.25540694892494));
#1590=CARTESIAN_POINT('Ctrl Pts',(-7.50000011920929,-6.79050808500277,-1.25540694892494));
#1591=CARTESIAN_POINT('Ctrl Pts',(-6.44459317028435,-6.79050808500277,-1.25540694892494));
#1592=CARTESIAN_POINT('Ctrl Pts',(-6.44459317028435,-6.79050808500277,-0.2));
#1593=CARTESIAN_POINT('Ctrl Pts',(-6.43130243131977,-6.65831608625975,-0.2));
#1594=CARTESIAN_POINT('Ctrl Pts',(-6.43130243131977,-6.65831608625975,0.868697687889523));
#1595=CARTESIAN_POINT('Ctrl Pts',(-7.50000011920929,-6.65831608625975,0.868697687889523));
#1596=CARTESIAN_POINT('Ctrl Pts',(-8.56869780709881,-6.65831608625975,0.868697687889523));
#1597=CARTESIAN_POINT('Ctrl Pts',(-8.56869780709881,-6.65831608625975,-0.2));
#1598=CARTESIAN_POINT('Ctrl Pts',(-8.56869780709881,-6.65831608625975,-1.26869768788952));
#1599=CARTESIAN_POINT('Ctrl Pts',(-7.50000011920929,-6.65831608625975,-1.26869768788952));
#1600=CARTESIAN_POINT('Ctrl Pts',(-6.43130243131977,-6.65831608625975,-1.26869768788952));
#1601=CARTESIAN_POINT('Ctrl Pts',(-6.43130243131977,-6.65831608625975,-0.2));
#1602=CARTESIAN_POINT('Ctrl Pts',(-6.39268602754135,-6.55183907642467,-0.2));
#1603=CARTESIAN_POINT('Ctrl Pts',(-6.39268602754135,-6.55183907642467,0.907314091667935));
#1604=CARTESIAN_POINT('Ctrl Pts',(-7.50000011920929,-6.55183907642467,0.907314091667936));
#1605=CARTESIAN_POINT('Ctrl Pts',(-8.60731421087723,-6.55183907642467,0.907314091667935));
#1606=CARTESIAN_POINT('Ctrl Pts',(-8.60731421087723,-6.55183907642467,-0.2));
#1607=CARTESIAN_POINT('Ctrl Pts',(-8.60731421087723,-6.55183907642467,-1.30731409166794));
#1608=CARTESIAN_POINT('Ctrl Pts',(-7.50000011920929,-6.55183907642467,-1.30731409166794));
#1609=CARTESIAN_POINT('Ctrl Pts',(-6.39268602754135,-6.55183907642467,-1.30731409166794));
#1610=CARTESIAN_POINT('Ctrl Pts',(-6.39268602754135,-6.55183907642467,-0.2));
#1611=CARTESIAN_POINT('Ctrl Pts',(-6.32783753524481,-6.48386877093074,-0.2));
#1612=CARTESIAN_POINT('Ctrl Pts',(-6.32783753524481,-6.48386877093074,0.972162583964482));
#1613=CARTESIAN_POINT('Ctrl Pts',(-7.50000011920929,-6.48386877093074,0.972162583964482));
#1614=CARTESIAN_POINT('Ctrl Pts',(-8.67216270317377,-6.48386877093074,0.972162583964482));
#1615=CARTESIAN_POINT('Ctrl Pts',(-8.67216270317377,-6.48386877093074,-0.2));
#1616=CARTESIAN_POINT('Ctrl Pts',(-8.67216270317377,-6.48386877093074,-1.37216258396448));
#1617=CARTESIAN_POINT('Ctrl Pts',(-7.50000011920929,-6.48386877093074,-1.37216258396448));
#1618=CARTESIAN_POINT('Ctrl Pts',(-6.32783753524481,-6.48386877093074,-1.37216258396448));
#1619=CARTESIAN_POINT('Ctrl Pts',(-6.32783753524481,-6.48386877093074,-0.2));
#1620=CARTESIAN_POINT('Ctrl Pts',(-6.25437632944429,-6.44823500621085,-0.2));
#1621=CARTESIAN_POINT('Ctrl Pts',(-6.25437632944429,-6.44823500621085,1.045623789765));
#1622=CARTESIAN_POINT('Ctrl Pts',(-7.50000011920929,-6.44823500621085,1.045623789765));
#1623=CARTESIAN_POINT('Ctrl Pts',(-8.74562390897429,-6.44823500621085,1.045623789765));
#1624=CARTESIAN_POINT('Ctrl Pts',(-8.7456239089743,-6.44823500621085,-0.2));
#1625=CARTESIAN_POINT('Ctrl Pts',(-8.74562390897429,-6.44823500621085,-1.445623789765));
#1626=CARTESIAN_POINT('Ctrl Pts',(-7.50000011920929,-6.44823500621085,-1.445623789765));
#1627=CARTESIAN_POINT('Ctrl Pts',(-6.25437632944429,-6.44823500621085,-1.445623789765));
#1628=CARTESIAN_POINT('Ctrl Pts',(-6.25437632944429,-6.44823500621085,-0.2));
#1629=CARTESIAN_POINT('Ctrl Pts',(-6.19855830669056,-6.42724847045291,-0.2));
#1630=CARTESIAN_POINT('Ctrl Pts',(-6.19855830669056,-6.42724847045291,1.10144181251873));
#1631=CARTESIAN_POINT('Ctrl Pts',(-7.50000011920929,-6.42724847045291,1.10144181251873));
#1632=CARTESIAN_POINT('Ctrl Pts',(-8.80144193172802,-6.42724847045291,1.10144181251873));
#1633=CARTESIAN_POINT('Ctrl Pts',(-8.80144193172802,-6.42724847045291,-0.2));
#1634=CARTESIAN_POINT('Ctrl Pts',(-8.80144193172802,-6.42724847045291,-1.50144181251873));
#1635=CARTESIAN_POINT('Ctrl Pts',(-7.50000011920929,-6.42724847045291,-1.50144181251873));
#1636=CARTESIAN_POINT('Ctrl Pts',(-6.19855830669056,-6.42724847045291,-1.50144181251873));
#1637=CARTESIAN_POINT('Ctrl Pts',(-6.19855830669056,-6.42724847045291,-0.2));
#1638=CARTESIAN_POINT('Ctrl Pts',(-6.18465306072403,-6.39996804569615,-0.2));
#1639=CARTESIAN_POINT('Ctrl Pts',(-6.18465306072403,-6.39996804569615,1.11534705848526));
#1640=CARTESIAN_POINT('Ctrl Pts',(-7.50000011920929,-6.39996804569615,1.11534705848526));
#1641=CARTESIAN_POINT('Ctrl Pts',(-8.81534717769455,-6.39996804569615,1.11534705848526));
#1642=CARTESIAN_POINT('Ctrl Pts',(-8.81534717769455,-6.39996804569615,-0.2));
#1643=CARTESIAN_POINT('Ctrl Pts',(-8.81534717769455,-6.39996804569615,-1.51534705848526));
#1644=CARTESIAN_POINT('Ctrl Pts',(-7.50000011920929,-6.39996804569615,-1.51534705848526));
#1645=CARTESIAN_POINT('Ctrl Pts',(-6.18465306072403,-6.39996804569615,-1.51534705848526));
#1646=CARTESIAN_POINT('Ctrl Pts',(-6.18465306072403,-6.39996804569615,-0.2));
#1647=CARTESIAN_POINT('Ctrl Pts',(-6.22374916812231,-6.35068015610265,-0.2));
#1648=CARTESIAN_POINT('Ctrl Pts',(-6.22374916812231,-6.35068015610265,1.07625095108698));
#1649=CARTESIAN_POINT('Ctrl Pts',(-7.50000011920929,-6.35068015610265,1.07625095108698));
#1650=CARTESIAN_POINT('Ctrl Pts',(-8.77625107029627,-6.35068015610265,1.07625095108698));
#1651=CARTESIAN_POINT('Ctrl Pts',(-8.77625107029627,-6.35068015610265,-0.2));
#1652=CARTESIAN_POINT('Ctrl Pts',(-8.77625107029627,-6.35068015610265,-1.47625095108698));
#1653=CARTESIAN_POINT('Ctrl Pts',(-7.50000011920929,-6.35068015610265,-1.47625095108698));
#1654=CARTESIAN_POINT('Ctrl Pts',(-6.22374916812231,-6.35068015610265,-1.47625095108698));
#1655=CARTESIAN_POINT('Ctrl Pts',(-6.22374916812231,-6.35068015610265,-0.2));
#1656=CARTESIAN_POINT('Ctrl Pts',(-6.30517439630711,-6.27579332873952,-0.2));
#1657=CARTESIAN_POINT('Ctrl Pts',(-6.30517439630711,-6.27579332873952,0.994825722902177));
#1658=CARTESIAN_POINT('Ctrl Pts',(-7.50000011920929,-6.27579332873952,0.994825722902177));
#1659=CARTESIAN_POINT('Ctrl Pts',(-8.69482584211147,-6.27579332873952,0.994825722902177));
#1660=CARTESIAN_POINT('Ctrl Pts',(-8.69482584211147,-6.27579332873952,-0.2));
#1661=CARTESIAN_POINT('Ctrl Pts',(-8.69482584211147,-6.27579332873952,-1.39482572290218));
#1662=CARTESIAN_POINT('Ctrl Pts',(-7.50000011920929,-6.27579332873952,-1.39482572290218));
#1663=CARTESIAN_POINT('Ctrl Pts',(-6.30517439630711,-6.27579332873952,-1.39482572290218));
#1664=CARTESIAN_POINT('Ctrl Pts',(-6.30517439630711,-6.27579332873952,-0.2));
#1665=CARTESIAN_POINT('Ctrl Pts',(-6.40600368283126,-6.17939585607784,-0.2));
#1666=CARTESIAN_POINT('Ctrl Pts',(-6.40600368283126,-6.17939585607784,0.893996436378033));
#1667=CARTESIAN_POINT('Ctrl Pts',(-7.50000011920929,-6.17939585607784,0.893996436378033));
#1668=CARTESIAN_POINT('Ctrl Pts',(-8.59399655558732,-6.17939585607784,0.893996436378033));
#1669=CARTESIAN_POINT('Ctrl Pts',(-8.59399655558732,-6.17939585607784,-0.2));
#1670=CARTESIAN_POINT('Ctrl Pts',(-8.59399655558732,-6.17939585607784,-1.29399643637803));
#1671=CARTESIAN_POINT('Ctrl Pts',(-7.50000011920929,-6.17939585607784,-1.29399643637803));
#1672=CARTESIAN_POINT('Ctrl Pts',(-6.40600368283126,-6.17939585607784,-1.29399643637803));
#1673=CARTESIAN_POINT('Ctrl Pts',(-6.40600368283126,-6.17939585607784,-0.2));
#1674=CARTESIAN_POINT('Ctrl Pts',(-6.49849883152119,-6.07011207291239,-0.2));
#1675=CARTESIAN_POINT('Ctrl Pts',(-6.49849883152119,-6.07011207291239,0.801501287688101));
#1676=CARTESIAN_POINT('Ctrl Pts',(-7.50000011920929,-6.07011207291239,0.801501287688101));
#1677=CARTESIAN_POINT('Ctrl Pts',(-8.50150140689739,-6.07011207291239,0.801501287688101));
#1678=CARTESIAN_POINT('Ctrl Pts',(-8.50150140689739,-6.07011207291239,-0.2));
#1679=CARTESIAN_POINT('Ctrl Pts',(-8.50150140689739,-6.07011207291239,-1.2015012876881));
#1680=CARTESIAN_POINT('Ctrl Pts',(-7.50000011920929,-6.07011207291239,-1.2015012876881));
#1681=CARTESIAN_POINT('Ctrl Pts',(-6.49849883152119,-6.07011207291239,-1.2015012876881));
#1682=CARTESIAN_POINT('Ctrl Pts',(-6.49849883152119,-6.07011207291239,-0.2));
#1683=CARTESIAN_POINT('Ctrl Pts',(-6.55837768876341,-5.95745128114863,-0.2));
#1684=CARTESIAN_POINT('Ctrl Pts',(-6.55837768876341,-5.95745128114863,0.74162243044588));
#1685=CARTESIAN_POINT('Ctrl Pts',(-7.50000011920929,-5.95745128114863,0.74162243044588));
#1686=CARTESIAN_POINT('Ctrl Pts',(-8.44162254965517,-5.95745128114863,0.74162243044588));
#1687=CARTESIAN_POINT('Ctrl Pts',(-8.44162254965517,-5.95745128114863,-0.2));
#1688=CARTESIAN_POINT('Ctrl Pts',(-8.44162254965517,-5.95745128114863,-1.14162243044588));
#1689=CARTESIAN_POINT('Ctrl Pts',(-7.50000011920929,-5.95745128114863,-1.14162243044588));
#1690=CARTESIAN_POINT('Ctrl Pts',(-6.55837768876341,-5.95745128114863,-1.14162243044588));
#1691=CARTESIAN_POINT('Ctrl Pts',(-6.55837768876341,-5.95745128114863,-0.2));
#1692=CARTESIAN_POINT('Ctrl Pts',(-6.57261656841418,-5.84842665079284,-0.2));
#1693=CARTESIAN_POINT('Ctrl Pts',(-6.57261656841418,-5.84842665079284,0.727383550795112));
#1694=CARTESIAN_POINT('Ctrl Pts',(-7.50000011920929,-5.84842665079284,0.727383550795112));
#1695=CARTESIAN_POINT('Ctrl Pts',(-8.4273836700044,-5.84842665079284,0.727383550795112));
#1696=CARTESIAN_POINT('Ctrl Pts',(-8.4273836700044,-5.84842665079284,-0.2));
#1697=CARTESIAN_POINT('Ctrl Pts',(-8.4273836700044,-5.84842665079284,-1.12738355079511));
#1698=CARTESIAN_POINT('Ctrl Pts',(-7.50000011920929,-5.84842665079284,-1.12738355079511));
#1699=CARTESIAN_POINT('Ctrl Pts',(-6.57261656841418,-5.84842665079284,-1.12738355079511));
#1700=CARTESIAN_POINT('Ctrl Pts',(-6.57261656841418,-5.84842665079284,-0.2));
#1701=CARTESIAN_POINT('Ctrl Pts',(-6.54779588734014,-5.74392345225468,-0.2));
#1702=CARTESIAN_POINT('Ctrl Pts',(-6.54779588734014,-5.74392345225468,0.752204231869149));
#1703=CARTESIAN_POINT('Ctrl Pts',(-7.50000011920929,-5.74392345225468,0.752204231869149));
#1704=CARTESIAN_POINT('Ctrl Pts',(-8.45220435107844,-5.74392345225468,0.752204231869149));
#1705=CARTESIAN_POINT('Ctrl Pts',(-8.45220435107844,-5.74392345225468,-0.2));
#1706=CARTESIAN_POINT('Ctrl Pts',(-8.45220435107844,-5.74392345225468,-1.15220423186915));
#1707=CARTESIAN_POINT('Ctrl Pts',(-7.50000011920929,-5.74392345225468,-1.15220423186915));
#1708=CARTESIAN_POINT('Ctrl Pts',(-6.54779588734014,-5.74392345225468,-1.15220423186915));
#1709=CARTESIAN_POINT('Ctrl Pts',(-6.54779588734014,-5.74392345225468,-0.2));
#1710=CARTESIAN_POINT('Ctrl Pts',(-6.50323210817761,-5.64129601726477,-0.2));
#1711=CARTESIAN_POINT('Ctrl Pts',(-6.50323210817761,-5.64129601726477,0.796768011031684));
#1712=CARTESIAN_POINT('Ctrl Pts',(-7.50000011920929,-5.64129601726477,0.796768011031684));
#1713=CARTESIAN_POINT('Ctrl Pts',(-8.49676813024097,-5.64129601726477,0.796768011031684));
#1714=CARTESIAN_POINT('Ctrl Pts',(-8.49676813024097,-5.64129601726477,-0.2));
#1715=CARTESIAN_POINT('Ctrl Pts',(-8.49676813024097,-5.64129601726477,-1.19676801103168));
#1716=CARTESIAN_POINT('Ctrl Pts',(-7.50000011920929,-5.64129601726477,-1.19676801103168));
#1717=CARTESIAN_POINT('Ctrl Pts',(-6.50323210817761,-5.64129601726477,-1.19676801103168));
#1718=CARTESIAN_POINT('Ctrl Pts',(-6.50323210817761,-5.64129601726477,-0.2));
#1719=CARTESIAN_POINT('Ctrl Pts',(-6.46385166502869,-5.53705885178901,-0.2));
#1720=CARTESIAN_POINT('Ctrl Pts',(-6.46385166502869,-5.53705885178901,0.836148454180601));
#1721=CARTESIAN_POINT('Ctrl Pts',(-7.50000011920929,-5.53705885178901,0.836148454180601));
#1722=CARTESIAN_POINT('Ctrl Pts',(-8.53614857338989,-5.53705885178901,0.836148454180601));
#1723=CARTESIAN_POINT('Ctrl Pts',(-8.53614857338989,-5.53705885178901,-0.2));
#1724=CARTESIAN_POINT('Ctrl Pts',(-8.53614857338989,-5.53705885178901,-1.2361484541806));
#1725=CARTESIAN_POINT('Ctrl Pts',(-7.50000011920929,-5.53705885178901,-1.2361484541806));
#1726=CARTESIAN_POINT('Ctrl Pts',(-6.46385166502869,-5.53705885178901,-1.2361484541806));
#1727=CARTESIAN_POINT('Ctrl Pts',(-6.46385166502869,-5.53705885178901,-0.2));
#1728=CARTESIAN_POINT('Ctrl Pts',(-6.45302622187954,-5.42961923249943,-0.2));
#1729=CARTESIAN_POINT('Ctrl Pts',(-6.45302622187954,-5.42961923249943,0.846973897329749));
#1730=CARTESIAN_POINT('Ctrl Pts',(-7.50000011920929,-5.42961923249943,0.84697389732975));
#1731=CARTESIAN_POINT('Ctrl Pts',(-8.54697401653904,-5.42961923249943,0.846973897329749));
#1732=CARTESIAN_POINT('Ctrl Pts',(-8.54697401653904,-5.42961923249943,-0.2));
#1733=CARTESIAN_POINT('Ctrl Pts',(-8.54697401653904,-5.42961923249943,-1.24697389732975));
#1734=CARTESIAN_POINT('Ctrl Pts',(-7.50000011920929,-5.42961923249943,-1.24697389732975));
#1735=CARTESIAN_POINT('Ctrl Pts',(-6.45302622187954,-5.42961923249943,-1.24697389732975));
#1736=CARTESIAN_POINT('Ctrl Pts',(-6.45302622187954,-5.42961923249943,-0.2));
#1737=CARTESIAN_POINT('Ctrl Pts',(-6.48577542313286,-5.32181367045512,-0.2));
#1738=CARTESIAN_POINT('Ctrl Pts',(-6.48577542313286,-5.32181367045512,0.814224696076432));
#1739=CARTESIAN_POINT('Ctrl Pts',(-7.50000011920929,-5.32181367045512,0.814224696076432));
#1740=CARTESIAN_POINT('Ctrl Pts',(-8.51422481528572,-5.32181367045512,0.814224696076432));
#1741=CARTESIAN_POINT('Ctrl Pts',(-8.51422481528572,-5.32181367045512,-0.2));
#1742=CARTESIAN_POINT('Ctrl Pts',(-8.51422481528572,-5.32181367045512,-1.21422469607643));
#1743=CARTESIAN_POINT('Ctrl Pts',(-7.50000011920929,-5.32181367045512,-1.21422469607643));
#1744=CARTESIAN_POINT('Ctrl Pts',(-6.48577542313286,-5.32181367045512,-1.21422469607643));
#1745=CARTESIAN_POINT('Ctrl Pts',(-6.48577542313286,-5.32181367045512,-0.2));
#1746=CARTESIAN_POINT('Ctrl Pts',(-6.56086318204726,-5.22402233035966,-0.2));
#1747=CARTESIAN_POINT('Ctrl Pts',(-6.56086318204726,-5.22402233035966,0.73913693716203));
#1748=CARTESIAN_POINT('Ctrl Pts',(-7.50000011920929,-5.22402233035966,0.739136937162031));
#1749=CARTESIAN_POINT('Ctrl Pts',(-8.43913705637132,-5.22402233035966,0.73913693716203));
#1750=CARTESIAN_POINT('Ctrl Pts',(-8.43913705637132,-5.22402233035966,-0.2));
#1751=CARTESIAN_POINT('Ctrl Pts',(-8.43913705637132,-5.22402233035966,-1.13913693716203));
#1752=CARTESIAN_POINT('Ctrl Pts',(-7.50000011920929,-5.22402233035966,-1.13913693716203));
#1753=CARTESIAN_POINT('Ctrl Pts',(-6.56086318204726,-5.22402233035966,-1.13913693716203));
#1754=CARTESIAN_POINT('Ctrl Pts',(-6.56086318204726,-5.22402233035966,-0.2));
#1755=CARTESIAN_POINT('Ctrl Pts',(-6.66520116403425,-5.15088763724896,-0.2));
#1756=CARTESIAN_POINT('Ctrl Pts',(-6.66520116403425,-5.15088763724896,0.63479895517504));
#1757=CARTESIAN_POINT('Ctrl Pts',(-7.50000011920929,-5.15088763724896,0.63479895517504));
#1758=CARTESIAN_POINT('Ctrl Pts',(-8.33479907438433,-5.15088763724896,0.63479895517504));
#1759=CARTESIAN_POINT('Ctrl Pts',(-8.33479907438433,-5.15088763724896,-0.2));
#1760=CARTESIAN_POINT('Ctrl Pts',(-8.33479907438433,-5.15088763724896,-1.03479895517504));
#1761=CARTESIAN_POINT('Ctrl Pts',(-7.50000011920929,-5.15088763724896,-1.03479895517504));
#1762=CARTESIAN_POINT('Ctrl Pts',(-6.66520116403425,-5.15088763724896,-1.03479895517504));
#1763=CARTESIAN_POINT('Ctrl Pts',(-6.66520116403425,-5.15088763724896,-0.2));
#1764=CARTESIAN_POINT('Ctrl Pts',(-6.77970041730388,-5.11727838978389,-0.2));
#1765=CARTESIAN_POINT('Ctrl Pts',(-6.77970041730388,-5.11727838978389,0.520299701905407));
#1766=CARTESIAN_POINT('Ctrl Pts',(-7.50000011920929,-5.11727838978389,0.520299701905407));
#1767=CARTESIAN_POINT('Ctrl Pts',(-8.2202998211147,-5.11727838978389,0.520299701905407));
#1768=CARTESIAN_POINT('Ctrl Pts',(-8.2202998211147,-5.11727838978389,-0.2));
#1769=CARTESIAN_POINT('Ctrl Pts',(-8.2202998211147,-5.11727838978389,-0.920299701905407));
#1770=CARTESIAN_POINT('Ctrl Pts',(-7.50000011920929,-5.11727838978389,-0.920299701905407));
#1771=CARTESIAN_POINT('Ctrl Pts',(-6.77970041730388,-5.11727838978389,-0.920299701905407));
#1772=CARTESIAN_POINT('Ctrl Pts',(-6.77970041730388,-5.11727838978389,-0.2));
#1773=CARTESIAN_POINT('Ctrl Pts',(-6.88459355540997,-5.13451902117087,-0.2));
#1774=CARTESIAN_POINT('Ctrl Pts',(-6.88459355540997,-5.13451902117087,0.415406563799319));
#1775=CARTESIAN_POINT('Ctrl Pts',(-7.50000011920929,-5.13451902117087,0.415406563799319));
#1776=CARTESIAN_POINT('Ctrl Pts',(-8.11540668300861,-5.13451902117087,0.415406563799319));
#1777=CARTESIAN_POINT('Ctrl Pts',(-8.11540668300861,-5.13451902117087,-0.2));
#1778=CARTESIAN_POINT('Ctrl Pts',(-8.11540668300861,-5.13451902117087,-0.81540656379932));
#1779=CARTESIAN_POINT('Ctrl Pts',(-7.50000011920929,-5.13451902117087,-0.81540656379932));
#1780=CARTESIAN_POINT('Ctrl Pts',(-6.88459355540997,-5.13451902117087,-0.81540656379932));
#1781=CARTESIAN_POINT('Ctrl Pts',(-6.88459355540997,-5.13451902117087,-0.2));
#1782=CARTESIAN_POINT('Ctrl Pts',(-6.96495802302303,-5.20651342390588,-0.2));
#1783=CARTESIAN_POINT('Ctrl Pts',(-6.96495802302303,-5.20651342390588,0.335042096186258));
#1784=CARTESIAN_POINT('Ctrl Pts',(-7.50000011920929,-5.20651342390588,0.335042096186258));
#1785=CARTESIAN_POINT('Ctrl Pts',(-8.03504221539555,-5.20651342390588,0.335042096186258));
#1786=CARTESIAN_POINT('Ctrl Pts',(-8.03504221539555,-5.20651342390588,-0.2));
#1787=CARTESIAN_POINT('Ctrl Pts',(-8.03504221539555,-5.20651342390588,-0.735042096186258));
#1788=CARTESIAN_POINT('Ctrl Pts',(-7.50000011920929,-5.20651342390588,-0.735042096186258));
#1789=CARTESIAN_POINT('Ctrl Pts',(-6.96495802302303,-5.20651342390588,-0.735042096186258));
#1790=CARTESIAN_POINT('Ctrl Pts',(-6.96495802302303,-5.20651342390588,-0.2));
#1791=CARTESIAN_POINT('Ctrl Pts',(-7.01620387409028,-5.3258572396035,-0.2));
#1792=CARTESIAN_POINT('Ctrl Pts',(-7.01620387409028,-5.3258572396035,0.283796245119007));
#1793=CARTESIAN_POINT('Ctrl Pts',(-7.50000011920929,-5.3258572396035,0.283796245119007));
#1794=CARTESIAN_POINT('Ctrl Pts',(-7.9837963643283,-5.3258572396035,0.283796245119007));
#1795=CARTESIAN_POINT('Ctrl Pts',(-7.9837963643283,-5.3258572396035,-0.2));
#1796=CARTESIAN_POINT('Ctrl Pts',(-7.9837963643283,-5.3258572396035,-0.683796245119007));
#1797=CARTESIAN_POINT('Ctrl Pts',(-7.50000011920929,-5.3258572396035,-0.683796245119007));
#1798=CARTESIAN_POINT('Ctrl Pts',(-7.01620387409028,-5.3258572396035,-0.683796245119007));
#1799=CARTESIAN_POINT('Ctrl Pts',(-7.01620387409028,-5.3258572396035,-0.2));
#1800=CARTESIAN_POINT('Ctrl Pts',(-7.04166742752655,-5.47687828075253,-0.2));
#1801=CARTESIAN_POINT('Ctrl Pts',(-7.04166742752655,-5.47687828075253,0.258332691682738));
#1802=CARTESIAN_POINT('Ctrl Pts',(-7.50000011920929,-5.47687828075253,0.258332691682738));
#1803=CARTESIAN_POINT('Ctrl Pts',(-7.95833281089203,-5.47687828075253,0.258332691682738));
#1804=CARTESIAN_POINT('Ctrl Pts',(-7.95833281089203,-5.47687828075253,-0.2));
#1805=CARTESIAN_POINT('Ctrl Pts',(-7.95833281089203,-5.47687828075253,-0.658332691682739));
#1806=CARTESIAN_POINT('Ctrl Pts',(-7.50000011920929,-5.47687828075253,-0.658332691682739));
#1807=CARTESIAN_POINT('Ctrl Pts',(-7.04166742752655,-5.47687828075253,-0.658332691682739));
#1808=CARTESIAN_POINT('Ctrl Pts',(-7.04166742752655,-5.47687828075253,-0.2));
#1809=CARTESIAN_POINT('Ctrl Pts',(-7.0501738434441,-5.63868616770507,-0.2));
#1810=CARTESIAN_POINT('Ctrl Pts',(-7.0501738434441,-5.63868616770507,0.249826275765194));
#1811=CARTESIAN_POINT('Ctrl Pts',(-7.50000011920929,-5.63868616770507,0.249826275765194));
#1812=CARTESIAN_POINT('Ctrl Pts',(-7.94982639497448,-5.63868616770507,0.249826275765194));
#1813=CARTESIAN_POINT('Ctrl Pts',(-7.94982639497448,-5.63868616770507,-0.2));
#1814=CARTESIAN_POINT('Ctrl Pts',(-7.94982639497448,-5.63868616770507,-0.649826275765194));
#1815=CARTESIAN_POINT('Ctrl Pts',(-7.50000011920929,-5.63868616770507,-0.649826275765194));
#1816=CARTESIAN_POINT('Ctrl Pts',(-7.0501738434441,-5.63868616770507,-0.649826275765194));
#1817=CARTESIAN_POINT('Ctrl Pts',(-7.0501738434441,-5.63868616770507,-0.2));
#1818=CARTESIAN_POINT('Ctrl Pts',(-7.05359511113327,-5.7882479053647,-0.2));
#1819=CARTESIAN_POINT('Ctrl Pts',(-7.05359511113327,-5.7882479053647,0.246405008076025));
#1820=CARTESIAN_POINT('Ctrl Pts',(-7.50000011920929,-5.7882479053647,0.246405008076025));
#1821=CARTESIAN_POINT('Ctrl Pts',(-7.94640512728532,-5.7882479053647,0.246405008076025));
#1822=CARTESIAN_POINT('Ctrl Pts',(-7.94640512728532,-5.7882479053647,-0.2));
#1823=CARTESIAN_POINT('Ctrl Pts',(-7.94640512728532,-5.7882479053647,-0.646405008076025));
#1824=CARTESIAN_POINT('Ctrl Pts',(-7.50000011920929,-5.7882479053647,-0.646405008076025));
#1825=CARTESIAN_POINT('Ctrl Pts',(-7.05359511113327,-5.7882479053647,-0.646405008076025));
#1826=CARTESIAN_POINT('Ctrl Pts',(-7.05359511113327,-5.7882479053647,-0.2));
#1827=CARTESIAN_POINT('Ctrl Pts',(-7.06449869003641,-5.90333697889641,-0.2));
#1828=CARTESIAN_POINT('Ctrl Pts',(-7.06449869003641,-5.90333697889641,0.235501429172884));
#1829=CARTESIAN_POINT('Ctrl Pts',(-7.50000011920929,-5.90333697889641,0.235501429172884));
#1830=CARTESIAN_POINT('Ctrl Pts',(-7.93550154838218,-5.90333697889641,0.235501429172884));
#1831=CARTESIAN_POINT('Ctrl Pts',(-7.93550154838218,-5.90333697889641,-0.2));
#1832=CARTESIAN_POINT('Ctrl Pts',(-7.93550154838218,-5.90333697889641,-0.635501429172885));
#1833=CARTESIAN_POINT('Ctrl Pts',(-7.50000011920929,-5.90333697889641,-0.635501429172885));
#1834=CARTESIAN_POINT('Ctrl Pts',(-7.06449869003641,-5.90333697889641,-0.635501429172885));
#1835=CARTESIAN_POINT('Ctrl Pts',(-7.06449869003641,-5.90333697889641,-0.2));
#1836=CARTESIAN_POINT('Ctrl Pts',(-7.09357580408402,-5.96579107560468,-0.2));
#1837=CARTESIAN_POINT('Ctrl Pts',(-7.09357580408402,-5.96579107560468,0.20642431512527));
#1838=CARTESIAN_POINT('Ctrl Pts',(-7.50000011920929,-5.96579107560468,0.20642431512527));
#1839=CARTESIAN_POINT('Ctrl Pts',(-7.90642443433456,-5.96579107560468,0.20642431512527));
#1840=CARTESIAN_POINT('Ctrl Pts',(-7.90642443433456,-5.96579107560468,-0.2));
#1841=CARTESIAN_POINT('Ctrl Pts',(-7.90642443433456,-5.96579107560468,-0.60642431512527));
#1842=CARTESIAN_POINT('Ctrl Pts',(-7.50000011920929,-5.96579107560468,-0.60642431512527));
#1843=CARTESIAN_POINT('Ctrl Pts',(-7.09357580408402,-5.96579107560468,-0.60642431512527));
#1844=CARTESIAN_POINT('Ctrl Pts',(-7.09357580408402,-5.96579107560468,-0.2));
#1845=CARTESIAN_POINT('Ctrl Pts',(-7.14772338468832,-5.96387601360331,-0.2));
#1846=CARTESIAN_POINT('Ctrl Pts',(-7.14772338468832,-5.96387601360331,0.152276734520968));
#1847=CARTESIAN_POINT('Ctrl Pts',(-7.50000011920929,-5.96387601360331,0.152276734520968));
#1848=CARTESIAN_POINT('Ctrl Pts',(-7.85227685373026,-5.96387601360331,0.152276734520968));
#1849=CARTESIAN_POINT('Ctrl Pts',(-7.85227685373026,-5.96387601360331,-0.2));
#1850=CARTESIAN_POINT('Ctrl Pts',(-7.85227685373026,-5.96387601360331,-0.552276734520968));
#1851=CARTESIAN_POINT('Ctrl Pts',(-7.50000011920929,-5.96387601360331,-0.552276734520968));
#1852=CARTESIAN_POINT('Ctrl Pts',(-7.14772338468832,-5.96387601360331,-0.552276734520968));
#1853=CARTESIAN_POINT('Ctrl Pts',(-7.14772338468832,-5.96387601360331,-0.2));
#1854=CARTESIAN_POINT('Ctrl Pts',(-7.23108022448318,-5.89060361122239,-0.2));
#1855=CARTESIAN_POINT('Ctrl Pts',(-7.23108022448318,-5.89060361122239,0.0689198947261127));
#1856=CARTESIAN_POINT('Ctrl Pts',(-7.50000011920929,-5.89060361122239,0.0689198947261127));
#1857=CARTESIAN_POINT('Ctrl Pts',(-7.7689200139354,-5.89060361122239,0.0689198947261127));
#1858=CARTESIAN_POINT('Ctrl Pts',(-7.7689200139354,-5.89060361122239,-0.2));
#1859=CARTESIAN_POINT('Ctrl Pts',(-7.7689200139354,-5.89060361122239,-0.468919894726113));
#1860=CARTESIAN_POINT('Ctrl Pts',(-7.50000011920929,-5.89060361122239,-0.468919894726113));
#1861=CARTESIAN_POINT('Ctrl Pts',(-7.23108022448318,-5.89060361122239,-0.468919894726113));
#1862=CARTESIAN_POINT('Ctrl Pts',(-7.23108022448318,-5.89060361122239,-0.2));
#1863=CARTESIAN_POINT('Ctrl Pts',(-7.32273157070109,-5.77222135426765,-0.2));
#1864=CARTESIAN_POINT('Ctrl Pts',(-7.32273157070109,-5.77222135426765,-0.0227314514917994));
#1865=CARTESIAN_POINT('Ctrl Pts',(-7.50000011920929,-5.77222135426765,-0.0227314514917994));
#1866=CARTESIAN_POINT('Ctrl Pts',(-7.67726866771749,-5.77222135426765,-0.0227314514917994));
#1867=CARTESIAN_POINT('Ctrl Pts',(-7.67726866771749,-5.77222135426765,-0.2));
#1868=CARTESIAN_POINT('Ctrl Pts',(-7.67726866771749,-5.77222135426765,-0.377268548508201));
#1869=CARTESIAN_POINT('Ctrl Pts',(-7.50000011920929,-5.77222135426765,-0.377268548508201));
#1870=CARTESIAN_POINT('Ctrl Pts',(-7.32273157070109,-5.77222135426765,-0.377268548508201));
#1871=CARTESIAN_POINT('Ctrl Pts',(-7.32273157070109,-5.77222135426765,-0.2));
#1872=CARTESIAN_POINT('Ctrl Pts',(-7.40579791735708,-5.6493547765909,-0.2));
#1873=CARTESIAN_POINT('Ctrl Pts',(-7.40579791735708,-5.6493547765909,-0.105797798147794));
#1874=CARTESIAN_POINT('Ctrl Pts',(-7.50000011920929,-5.6493547765909,-0.105797798147794));
#1875=CARTESIAN_POINT('Ctrl Pts',(-7.5942023210615,-5.6493547765909,-0.105797798147794));
#1876=CARTESIAN_POINT('Ctrl Pts',(-7.5942023210615,-5.6493547765909,-0.2));
#1877=CARTESIAN_POINT('Ctrl Pts',(-7.5942023210615,-5.6493547765909,-0.294202201852206));
#1878=CARTESIAN_POINT('Ctrl Pts',(-7.50000011920929,-5.6493547765909,-0.294202201852206));
#1879=CARTESIAN_POINT('Ctrl Pts',(-7.40579791735708,-5.6493547765909,-0.294202201852206));
#1880=CARTESIAN_POINT('Ctrl Pts',(-7.40579791735708,-5.6493547765909,-0.2));
#1881=CARTESIAN_POINT('Ctrl Pts',(-7.46753881277869,-5.55230758894688,-0.2));
#1882=CARTESIAN_POINT('Ctrl Pts',(-7.46753881277869,-5.55230758894688,-0.167538693569398));
#1883=CARTESIAN_POINT('Ctrl Pts',(-7.50000011920929,-5.55230758894688,-0.167538693569398));
#1884=CARTESIAN_POINT('Ctrl Pts',(-7.53246142563989,-5.55230758894688,-0.167538693569398));
#1885=CARTESIAN_POINT('Ctrl Pts',(-7.53246142563989,-5.55230758894688,-0.2));
#1886=CARTESIAN_POINT('Ctrl Pts',(-7.53246142563989,-5.55230758894688,-0.232461306430603));
#1887=CARTESIAN_POINT('Ctrl Pts',(-7.50000011920929,-5.55230758894688,-0.232461306430603));
#1888=CARTESIAN_POINT('Ctrl Pts',(-7.46753881277869,-5.55230758894688,-0.232461306430603));
#1889=CARTESIAN_POINT('Ctrl Pts',(-7.46753881277869,-5.55230758894688,-0.2));
#1890=CARTESIAN_POINT('Ctrl Pts',(-7.50000011920929,-5.49999992549419,-0.2));
#1891=CARTESIAN_POINT('Ctrl Pts',(-7.50000011920929,-5.49999992549419,-0.2));
#1892=CARTESIAN_POINT('Ctrl Pts',(-7.50000011920929,-5.49999992549419,-0.2));
#1893=CARTESIAN_POINT('Ctrl Pts',(-7.50000011920929,-5.49999992549419,-0.2));
#1894=CARTESIAN_POINT('Ctrl Pts',(-7.50000011920929,-5.49999992549419,-0.2));
#1895=CARTESIAN_POINT('Ctrl Pts',(-7.50000011920929,-5.49999992549419,-0.2));
#1896=CARTESIAN_POINT('Ctrl Pts',(-7.50000011920929,-5.49999992549419,-0.2));
#1897=CARTESIAN_POINT('Ctrl Pts',(-7.50000011920929,-5.49999992549419,-0.2));
#1898=CARTESIAN_POINT('Ctrl Pts',(-7.50000011920929,-5.49999992549419,-0.2));
#1899=CARTESIAN_POINT('',(-7.50000011920929,-7.29999995231629,-0.2));
#1900=CARTESIAN_POINT('',(-7.50000011920929,-5.49999992549419,-0.2));
#1901=CARTESIAN_POINT('Ctrl Pts',(-7.50000011920929,-7.29999995231629,-0.2));
#1902=CARTESIAN_POINT('Ctrl Pts',(-7.47178351684136,-7.35355174012474,-0.2));
#1903=CARTESIAN_POINT('Ctrl Pts',(-7.41783206077395,-7.45273727524531,-0.2));
#1904=CARTESIAN_POINT('Ctrl Pts',(-7.34435001074446,-7.57776170964307,-0.2));
#1905=CARTESIAN_POINT('Ctrl Pts',(-7.26127488505172,-7.69692007065339,-0.2));
#1906=CARTESIAN_POINT('Ctrl Pts',(-7.18172641658488,-7.76794671409289,-0.2));
#1907=CARTESIAN_POINT('Ctrl Pts',(-7.12477441725794,-7.76526563650158,-0.2));
#1908=CARTESIAN_POINT('Ctrl Pts',(-7.08691215399112,-7.69761925861492,-0.2));
#1909=CARTESIAN_POINT('Ctrl Pts',(-7.06228950138077,-7.57965442980851,-0.2));
#1910=CARTESIAN_POINT('Ctrl Pts',(-7.04187370504932,-7.43398627535167,-0.2));
#1911=CARTESIAN_POINT('Ctrl Pts',(-7.01537225861814,-7.28697647419551,-0.2));
#1912=CARTESIAN_POINT('Ctrl Pts',(-6.97346044263039,-7.16378708182337,-0.2));
#1913=CARTESIAN_POINT('Ctrl Pts',(-6.91006934289162,-7.08337189922046,-0.2));
#1914=CARTESIAN_POINT('Ctrl Pts',(-6.82427990466121,-7.05419828716664,-0.2));
#1915=CARTESIAN_POINT('Ctrl Pts',(-6.72331631527409,-7.06787865644241,-0.2));
#1916=CARTESIAN_POINT('Ctrl Pts',(-6.62175663572917,-7.10001392274757,-0.2));
#1917=CARTESIAN_POINT('Ctrl Pts',(-6.53548978738742,-7.1210480957081,-0.2));
#1918=CARTESIAN_POINT('Ctrl Pts',(-6.47701279330925,-7.10457778021736,-0.2));
#1919=CARTESIAN_POINT('Ctrl Pts',(-6.45008933726547,-7.03683156207355,-0.2));
#1920=CARTESIAN_POINT('Ctrl Pts',(-6.44491301692316,-6.92529478683715,-0.2));
#1921=CARTESIAN_POINT('Ctrl Pts',(-6.44459317028435,-6.79050808500277,-0.2));
#1922=CARTESIAN_POINT('Ctrl Pts',(-6.43130243131977,-6.65831608625975,-0.2));
#1923=CARTESIAN_POINT('Ctrl Pts',(-6.39268602754135,-6.55183907642467,-0.2));
#1924=CARTESIAN_POINT('Ctrl Pts',(-6.32783753524481,-6.48386877093074,-0.2));
#1925=CARTESIAN_POINT('Ctrl Pts',(-6.25437632944429,-6.44823500621085,-0.2));
#1926=CARTESIAN_POINT('Ctrl Pts',(-6.19855830669056,-6.42724847045291,-0.2));
#1927=CARTESIAN_POINT('Ctrl Pts',(-6.18465306072403,-6.39996804569615,-0.2));
#1928=CARTESIAN_POINT('Ctrl Pts',(-6.22374916812231,-6.35068015610265,-0.2));
#1929=CARTESIAN_POINT('Ctrl Pts',(-6.30517439630711,-6.27579332873952,-0.2));
#1930=CARTESIAN_POINT('Ctrl Pts',(-6.40600368283126,-6.17939585607784,-0.2));
#1931=CARTESIAN_POINT('Ctrl Pts',(-6.49849883152119,-6.07011207291239,-0.2));
#1932=CARTESIAN_POINT('Ctrl Pts',(-6.55837768876341,-5.95745128114863,-0.2));
#1933=CARTESIAN_POINT('Ctrl Pts',(-6.57261656841418,-5.84842665079284,-0.2));
#1934=CARTESIAN_POINT('Ctrl Pts',(-6.54779588734014,-5.74392345225468,-0.2));
#1935=CARTESIAN_POINT('Ctrl Pts',(-6.50323210817761,-5.64129601726477,-0.2));
#1936=CARTESIAN_POINT('Ctrl Pts',(-6.46385166502869,-5.53705885178901,-0.2));
#1937=CARTESIAN_POINT('Ctrl Pts',(-6.45302622187954,-5.42961923249943,-0.2));
#1938=CARTESIAN_POINT('Ctrl Pts',(-6.48577542313286,-5.32181367045512,-0.2));
#1939=CARTESIAN_POINT('Ctrl Pts',(-6.56086318204726,-5.22402233035966,-0.2));
#1940=CARTESIAN_POINT('Ctrl Pts',(-6.66520116403425,-5.15088763724896,-0.2));
#1941=CARTESIAN_POINT('Ctrl Pts',(-6.77970041730388,-5.11727838978389,-0.2));
#1942=CARTESIAN_POINT('Ctrl Pts',(-6.88459355540997,-5.13451902117087,-0.2));
#1943=CARTESIAN_POINT('Ctrl Pts',(-6.96495802302303,-5.20651342390588,-0.2));
#1944=CARTESIAN_POINT('Ctrl Pts',(-7.01620387409028,-5.3258572396035,-0.2));
#1945=CARTESIAN_POINT('Ctrl Pts',(-7.04166742752655,-5.47687828075253,-0.2));
#1946=CARTESIAN_POINT('Ctrl Pts',(-7.0501738434441,-5.63868616770507,-0.2));
#1947=CARTESIAN_POINT('Ctrl Pts',(-7.05359511113327,-5.7882479053647,-0.2));
#1948=CARTESIAN_POINT('Ctrl Pts',(-7.06449869003641,-5.90333697889641,-0.2));
#1949=CARTESIAN_POINT('Ctrl Pts',(-7.09357580408402,-5.96579107560468,-0.2));
#1950=CARTESIAN_POINT('Ctrl Pts',(-7.14772338468832,-5.96387601360331,-0.2));
#1951=CARTESIAN_POINT('Ctrl Pts',(-7.23108022448318,-5.89060361122239,-0.2));
#1952=CARTESIAN_POINT('Ctrl Pts',(-7.32273157070109,-5.77222135426765,-0.2));
#1953=CARTESIAN_POINT('Ctrl Pts',(-7.40579791735708,-5.6493547765909,-0.2));
#1954=CARTESIAN_POINT('Ctrl Pts',(-7.46753881277869,-5.55230758894688,-0.2));
#1955=CARTESIAN_POINT('Ctrl Pts',(-7.50000011920929,-5.49999992549419,-0.2));
#1956=CARTESIAN_POINT('Ctrl Pts',(3.99999988079071,5.00000002980232,-0.2));
#1957=CARTESIAN_POINT('Ctrl Pts',(3.99999988079071,5.00000002980232,-0.2));
#1958=CARTESIAN_POINT('Ctrl Pts',(3.99999988079071,5.00000002980232,-0.2));
#1959=CARTESIAN_POINT('Ctrl Pts',(3.99999988079071,5.00000002980232,-0.2));
#1960=CARTESIAN_POINT('Ctrl Pts',(3.99999988079071,5.00000002980232,-0.2));
#1961=CARTESIAN_POINT('Ctrl Pts',(3.99999988079071,5.00000002980232,-0.2));
#1962=CARTESIAN_POINT('Ctrl Pts',(3.99999988079071,5.00000002980232,-0.2));
#1963=CARTESIAN_POINT('Ctrl Pts',(3.99999988079071,5.00000002980232,-0.2));
#1964=CARTESIAN_POINT('Ctrl Pts',(3.99999988079071,5.00000002980232,-0.2));
#1965=CARTESIAN_POINT('Ctrl Pts',(4.04702755140393,4.91074705012156,-0.2));
#1966=CARTESIAN_POINT('Ctrl Pts',(4.04702755140393,4.91074705012156,-0.152972329386785));
#1967=CARTESIAN_POINT('Ctrl Pts',(3.99999988079071,4.91074705012156,-0.152972329386785));
#1968=CARTESIAN_POINT('Ctrl Pts',(3.9529722101775,4.91074705012156,-0.152972329386785));
#1969=CARTESIAN_POINT('Ctrl Pts',(3.9529722101775,4.91074705012156,-0.2));
#1970=CARTESIAN_POINT('Ctrl Pts',(3.9529722101775,4.91074705012156,-0.247027670613216));
#1971=CARTESIAN_POINT('Ctrl Pts',(3.99999988079071,4.91074705012156,-0.247027670613216));
#1972=CARTESIAN_POINT('Ctrl Pts',(4.04702755140393,4.91074705012156,-0.247027670613216));
#1973=CARTESIAN_POINT('Ctrl Pts',(4.04702755140393,4.91074705012156,-0.2));
#1974=CARTESIAN_POINT('Ctrl Pts',(4.13694664484961,4.74543782492062,-0.2));
#1975=CARTESIAN_POINT('Ctrl Pts',(4.13694664484961,4.74543782492062,-0.0630532359410974));
#1976=CARTESIAN_POINT('Ctrl Pts',(3.99999988079071,4.74543782492062,-0.0630532359410974));
#1977=CARTESIAN_POINT('Ctrl Pts',(3.86305311673181,4.74543782492062,-0.0630532359410974));
#1978=CARTESIAN_POINT('Ctrl Pts',(3.86305311673181,4.74543782492062,-0.2));
#1979=CARTESIAN_POINT('Ctrl Pts',(3.86305311673181,4.74543782492062,-0.336946764058903));
#1980=CARTESIAN_POINT('Ctrl Pts',(3.99999988079071,4.74543782492062,-0.336946764058903));
#1981=CARTESIAN_POINT('Ctrl Pts',(4.13694664484961,4.74543782492062,-0.336946764058903));
#1982=CARTESIAN_POINT('Ctrl Pts',(4.13694664484961,4.74543782492062,-0.2));
#1983=CARTESIAN_POINT('Ctrl Pts',(4.2594167282321,4.53706376759101,-0.2));
#1984=CARTESIAN_POINT('Ctrl Pts',(4.2594167282321,4.53706376759101,0.0594168474413859));
#1985=CARTESIAN_POINT('Ctrl Pts',(3.99999988079071,4.53706376759101,0.0594168474413859));
#1986=CARTESIAN_POINT('Ctrl Pts',(3.74058303334933,4.53706376759101,0.0594168474413859));
#1987=CARTESIAN_POINT('Ctrl Pts',(3.74058303334933,4.53706376759101,-0.2));
#1988=CARTESIAN_POINT('Ctrl Pts',(3.74058303334933,4.53706376759101,-0.459416847441386));
#1989=CARTESIAN_POINT('Ctrl Pts',(3.99999988079071,4.53706376759101,-0.459416847441386));
#1990=CARTESIAN_POINT('Ctrl Pts',(4.2594167282321,4.53706376759101,-0.459416847441386));
#1991=CARTESIAN_POINT('Ctrl Pts',(4.2594167282321,4.53706376759101,-0.2));
#1992=CARTESIAN_POINT('Ctrl Pts',(4.39787527105333,4.33846649924048,-0.2));
#1993=CARTESIAN_POINT('Ctrl Pts',(4.39787527105333,4.33846649924048,0.197875390262618));
#1994=CARTESIAN_POINT('Ctrl Pts',(3.99999988079071,4.33846649924048,0.197875390262618));
#1995=CARTESIAN_POINT('Ctrl Pts',(3.60212449052809,4.33846649924048,0.197875390262618));
#1996=CARTESIAN_POINT('Ctrl Pts',(3.60212449052809,4.33846649924048,-0.2));
#1997=CARTESIAN_POINT('Ctrl Pts',(3.60212449052809,4.33846649924048,-0.597875390262619));
#1998=CARTESIAN_POINT('Ctrl Pts',(3.99999988079071,4.33846649924048,-0.597875390262619));
#1999=CARTESIAN_POINT('Ctrl Pts',(4.39787527105333,4.33846649924048,-0.597875390262619));
#2000=CARTESIAN_POINT('Ctrl Pts',(4.39787527105333,4.33846649924048,-0.2));
#2001=CARTESIAN_POINT('Ctrl Pts',(4.5304560518314,4.22008876017466,-0.2));
#2002=CARTESIAN_POINT('Ctrl Pts',(4.5304560518314,4.22008876017466,0.330456171040685));
#2003=CARTESIAN_POINT('Ctrl Pts',(3.99999988079071,4.22008876017466,0.330456171040685));
#2004=CARTESIAN_POINT('Ctrl Pts',(3.46954370975003,4.22008876017466,0.330456171040685));
#2005=CARTESIAN_POINT('Ctrl Pts',(3.46954370975003,4.22008876017466,-0.2));
#2006=CARTESIAN_POINT('Ctrl Pts',(3.46954370975003,4.22008876017466,-0.730456171040685));
#2007=CARTESIAN_POINT('Ctrl Pts',(3.99999988079071,4.22008876017466,-0.730456171040685));
#2008=CARTESIAN_POINT('Ctrl Pts',(4.5304560518314,4.22008876017466,-0.730456171040685));
#2009=CARTESIAN_POINT('Ctrl Pts',(4.5304560518314,4.22008876017466,-0.2));
#2010=CARTESIAN_POINT('Ctrl Pts',(4.62537605070963,4.22455722282684,-0.2));
#2011=CARTESIAN_POINT('Ctrl Pts',(4.62537605070963,4.22455722282684,0.425376169918924));
#2012=CARTESIAN_POINT('Ctrl Pts',(3.99999988079071,4.22455722282684,0.425376169918924));
#2013=CARTESIAN_POINT('Ctrl Pts',(3.37462371087179,4.22455722282684,0.425376169918924));
#2014=CARTESIAN_POINT('Ctrl Pts',(3.37462371087179,4.22455722282684,-0.2));
#2015=CARTESIAN_POINT('Ctrl Pts',(3.37462371087179,4.22455722282684,-0.825376169918924));
#2016=CARTESIAN_POINT('Ctrl Pts',(3.99999988079071,4.22455722282684,-0.825376169918924));
#2017=CARTESIAN_POINT('Ctrl Pts',(4.62537605070963,4.22455722282684,-0.825376169918924));
#2018=CARTESIAN_POINT('Ctrl Pts',(4.62537605070963,4.22455722282684,-0.2));
#2019=CARTESIAN_POINT('Ctrl Pts',(4.688479822821,4.33730118597127,-0.2));
#2020=CARTESIAN_POINT('Ctrl Pts',(4.688479822821,4.33730118597127,0.488479942030284));
#2021=CARTESIAN_POINT('Ctrl Pts',(3.99999988079071,4.33730118597127,0.488479942030284));
#2022=CARTESIAN_POINT('Ctrl Pts',(3.31151993876043,4.33730118597127,0.488479942030284));
#2023=CARTESIAN_POINT('Ctrl Pts',(3.31151993876043,4.33730118597127,-0.2));
#2024=CARTESIAN_POINT('Ctrl Pts',(3.31151993876043,4.33730118597127,-0.888479942030285));
#2025=CARTESIAN_POINT('Ctrl Pts',(3.99999988079071,4.33730118597127,-0.888479942030285));
#2026=CARTESIAN_POINT('Ctrl Pts',(4.688479822821,4.33730118597127,-0.888479942030285));
#2027=CARTESIAN_POINT('Ctrl Pts',(4.688479822821,4.33730118597127,-0.2));
#2028=CARTESIAN_POINT('Ctrl Pts',(4.72951757717157,4.53390923398194,-0.2));
#2029=CARTESIAN_POINT('Ctrl Pts',(4.72951757717157,4.53390923398194,0.52951769638086));
#2030=CARTESIAN_POINT('Ctrl Pts',(3.99999988079071,4.53390923398194,0.52951769638086));
#2031=CARTESIAN_POINT('Ctrl Pts',(3.27048218440985,4.53390923398194,0.52951769638086));
#2032=CARTESIAN_POINT('Ctrl Pts',(3.27048218440985,4.53390923398194,-0.2));
#2033=CARTESIAN_POINT('Ctrl Pts',(3.27048218440985,4.53390923398194,-0.92951769638086));
#2034=CARTESIAN_POINT('Ctrl Pts',(3.99999988079071,4.53390923398194,-0.92951769638086));
#2035=CARTESIAN_POINT('Ctrl Pts',(4.72951757717157,4.53390923398194,-0.92951769638086));
#2036=CARTESIAN_POINT('Ctrl Pts',(4.72951757717157,4.53390923398194,-0.2));
#2037=CARTESIAN_POINT('Ctrl Pts',(4.76354390439067,4.77668949141001,-0.2));
#2038=CARTESIAN_POINT('Ctrl Pts',(4.76354390439067,4.77668949141001,0.563544023599957));
#2039=CARTESIAN_POINT('Ctrl Pts',(3.99999988079071,4.77668949141001,0.563544023599957));
#2040=CARTESIAN_POINT('Ctrl Pts',(3.23645585719075,4.77668949141001,0.563544023599957));
#2041=CARTESIAN_POINT('Ctrl Pts',(3.23645585719075,4.77668949141001,-0.2));
#2042=CARTESIAN_POINT('Ctrl Pts',(3.23645585719075,4.77668949141001,-0.963544023599957));
#2043=CARTESIAN_POINT('Ctrl Pts',(3.99999988079071,4.77668949141001,-0.963544023599957));
#2044=CARTESIAN_POINT('Ctrl Pts',(4.76354390439067,4.77668949141001,-0.963544023599957));
#2045=CARTESIAN_POINT('Ctrl Pts',(4.76354390439067,4.77668949141001,-0.2));
#2046=CARTESIAN_POINT('Ctrl Pts',(4.80771298177596,5.02170582667029,-0.2));
#2047=CARTESIAN_POINT('Ctrl Pts',(4.80771298177596,5.02170582667029,0.607713100985247));
#2048=CARTESIAN_POINT('Ctrl Pts',(3.99999988079071,5.02170582667029,0.607713100985247));
#2049=CARTESIAN_POINT('Ctrl Pts',(3.19228677980546,5.02170582667029,0.607713100985247));
#2050=CARTESIAN_POINT('Ctrl Pts',(3.19228677980546,5.02170582667029,-0.2));
#2051=CARTESIAN_POINT('Ctrl Pts',(3.19228677980546,5.02170582667029,-1.00771310098525));
#2052=CARTESIAN_POINT('Ctrl Pts',(3.99999988079071,5.02170582667029,-1.00771310098525));
#2053=CARTESIAN_POINT('Ctrl Pts',(4.80771298177596,5.02170582667029,-1.00771310098525));
#2054=CARTESIAN_POINT('Ctrl Pts',(4.80771298177596,5.02170582667029,-0.2));
#2055=CARTESIAN_POINT('Ctrl Pts',(4.87756600842221,5.22702148062386,-0.2));
#2056=CARTESIAN_POINT('Ctrl Pts',(4.87756600842221,5.22702148062386,0.6775661276315));
#2057=CARTESIAN_POINT('Ctrl Pts',(3.99999988079071,5.22702148062386,0.6775661276315));
#2058=CARTESIAN_POINT('Ctrl Pts',(3.12243375315921,5.22702148062386,0.6775661276315));
#2059=CARTESIAN_POINT('Ctrl Pts',(3.12243375315921,5.22702148062386,-0.2));
#2060=CARTESIAN_POINT('Ctrl Pts',(3.12243375315921,5.22702148062386,-1.0775661276315));
#2061=CARTESIAN_POINT('Ctrl Pts',(3.99999988079071,5.22702148062386,-1.0775661276315));
#2062=CARTESIAN_POINT('Ctrl Pts',(4.87756600842221,5.22702148062386,-1.0775661276315));
#2063=CARTESIAN_POINT('Ctrl Pts',(4.87756600842221,5.22702148062386,-0.2));
#2064=CARTESIAN_POINT('Ctrl Pts',(4.98321784132017,5.36104678496203,-0.2));
#2065=CARTESIAN_POINT('Ctrl Pts',(4.98321784132017,5.36104678496203,0.783217960529457));
#2066=CARTESIAN_POINT('Ctrl Pts',(3.99999988079071,5.36104678496203,0.783217960529458));
#2067=CARTESIAN_POINT('Ctrl Pts',(3.01678192026125,5.36104678496203,0.783217960529457));
#2068=CARTESIAN_POINT('Ctrl Pts',(3.01678192026125,5.36104678496203,-0.2));
#2069=CARTESIAN_POINT('Ctrl Pts',(3.01678192026125,5.36104678496203,-1.18321796052946));
#2070=CARTESIAN_POINT('Ctrl Pts',(3.99999988079071,5.36104678496203,-1.18321796052946));
#2071=CARTESIAN_POINT('Ctrl Pts',(4.98321784132017,5.36104678496203,-1.18321796052946));
#2072=CARTESIAN_POINT('Ctrl Pts',(4.98321784132017,5.36104678496203,-0.2));
#2073=CARTESIAN_POINT('Ctrl Pts',(5.12620023837085,5.40966947171839,-0.2));
#2074=CARTESIAN_POINT('Ctrl Pts',(5.12620023837085,5.40966947171839,0.926200357580134));
#2075=CARTESIAN_POINT('Ctrl Pts',(3.99999988079071,5.40966947171839,0.926200357580135));
#2076=CARTESIAN_POINT('Ctrl Pts',(2.87379952321058,5.40966947171839,0.926200357580134));
#2077=CARTESIAN_POINT('Ctrl Pts',(2.87379952321058,5.40966947171839,-0.2));
#2078=CARTESIAN_POINT('Ctrl Pts',(2.87379952321058,5.40966947171839,-1.32620035758013));
#2079=CARTESIAN_POINT('Ctrl Pts',(3.99999988079071,5.40966947171839,-1.32620035758014));
#2080=CARTESIAN_POINT('Ctrl Pts',(5.12620023837085,5.40966947171839,-1.32620035758013));
#2081=CARTESIAN_POINT('Ctrl Pts',(5.12620023837085,5.40966947171839,-0.2));
#2082=CARTESIAN_POINT('Ctrl Pts',(5.29447288734938,5.38686885625878,-0.2));
#2083=CARTESIAN_POINT('Ctrl Pts',(5.29447288734938,5.38686885625878,1.09447300655867));
#2084=CARTESIAN_POINT('Ctrl Pts',(3.99999988079071,5.38686885625878,1.09447300655867));
#2085=CARTESIAN_POINT('Ctrl Pts',(2.70552687423204,5.38686885625878,1.09447300655867));
#2086=CARTESIAN_POINT('Ctrl Pts',(2.70552687423204,5.38686885625878,-0.2));
#2087=CARTESIAN_POINT('Ctrl Pts',(2.70552687423204,5.38686885625878,-1.49447300655867));
#2088=CARTESIAN_POINT('Ctrl Pts',(3.99999988079071,5.38686885625878,-1.49447300655867));
#2089=CARTESIAN_POINT('Ctrl Pts',(5.29447288734938,5.38686885625878,-1.49447300655867));
#2090=CARTESIAN_POINT('Ctrl Pts',(5.29447288734938,5.38686885625878,-0.2));
#2091=CARTESIAN_POINT('Ctrl Pts',(5.46373901992425,5.33331007908352,-0.2));
#2092=CARTESIAN_POINT('Ctrl Pts',(5.46373901992425,5.33331007908352,1.26373913913354));
#2093=CARTESIAN_POINT('Ctrl Pts',(3.99999988079071,5.33331007908352,1.26373913913354));
#2094=CARTESIAN_POINT('Ctrl Pts',(2.53626074165717,5.33331007908352,1.26373913913354));
#2095=CARTESIAN_POINT('Ctrl Pts',(2.53626074165717,5.33331007908352,-0.2));
#2096=CARTESIAN_POINT('Ctrl Pts',(2.53626074165717,5.33331007908352,-1.66373913913354));
#2097=CARTESIAN_POINT('Ctrl Pts',(3.99999988079071,5.33331007908352,-1.66373913913354));
#2098=CARTESIAN_POINT('Ctrl Pts',(5.46373901992425,5.33331007908352,-1.66373913913354));
#2099=CARTESIAN_POINT('Ctrl Pts',(5.46373901992425,5.33331007908352,-0.2));
#2100=CARTESIAN_POINT('Ctrl Pts',(5.60751710049383,5.29825312414929,-0.2));
#2101=CARTESIAN_POINT('Ctrl Pts',(5.60751710049383,5.29825312414929,1.40751721970312));
#2102=CARTESIAN_POINT('Ctrl Pts',(3.99999988079071,5.29825312414929,1.40751721970312));
#2103=CARTESIAN_POINT('Ctrl Pts',(2.39248266108759,5.29825312414929,1.40751721970312));
#2104=CARTESIAN_POINT('Ctrl Pts',(2.39248266108759,5.29825312414929,-0.2));
#2105=CARTESIAN_POINT('Ctrl Pts',(2.39248266108759,5.29825312414929,-1.80751721970312));
#2106=CARTESIAN_POINT('Ctrl Pts',(3.99999988079071,5.29825312414929,-1.80751721970312));
#2107=CARTESIAN_POINT('Ctrl Pts',(5.60751710049383,5.29825312414929,-1.80751721970312));
#2108=CARTESIAN_POINT('Ctrl Pts',(5.60751710049383,5.29825312414929,-0.2));
#2109=CARTESIAN_POINT('Ctrl Pts',(5.70497875729077,5.32570364996719,-0.2));
#2110=CARTESIAN_POINT('Ctrl Pts',(5.70497875729077,5.32570364996719,1.50497887650006));
#2111=CARTESIAN_POINT('Ctrl Pts',(3.99999988079071,5.32570364996719,1.50497887650006));
#2112=CARTESIAN_POINT('Ctrl Pts',(2.29502100429065,5.32570364996719,1.50497887650006));
#2113=CARTESIAN_POINT('Ctrl Pts',(2.29502100429065,5.32570364996719,-0.2));
#2114=CARTESIAN_POINT('Ctrl Pts',(2.29502100429065,5.32570364996719,-1.90497887650006));
#2115=CARTESIAN_POINT('Ctrl Pts',(3.99999988079071,5.32570364996719,-1.90497887650006));
#2116=CARTESIAN_POINT('Ctrl Pts',(5.70497875729077,5.32570364996719,-1.90497887650006));
#2117=CARTESIAN_POINT('Ctrl Pts',(5.70497875729077,5.32570364996719,-0.2));
#2118=CARTESIAN_POINT('Ctrl Pts',(5.74985118403042,5.43861401354021,-0.2));
#2119=CARTESIAN_POINT('Ctrl Pts',(5.74985118403042,5.43861401354021,1.54985130323971));
#2120=CARTESIAN_POINT('Ctrl Pts',(3.99999988079071,5.43861401354021,1.54985130323971));
#2121=CARTESIAN_POINT('Ctrl Pts',(2.250148577551,5.43861401354021,1.54985130323971));
#2122=CARTESIAN_POINT('Ctrl Pts',(2.250148577551,5.43861401354021,-0.2));
#2123=CARTESIAN_POINT('Ctrl Pts',(2.250148577551,5.43861401354021,-1.94985130323971));
#2124=CARTESIAN_POINT('Ctrl Pts',(3.99999988079071,5.43861401354021,-1.94985130323971));
#2125=CARTESIAN_POINT('Ctrl Pts',(5.74985118403042,5.43861401354021,-1.94985130323971));
#2126=CARTESIAN_POINT('Ctrl Pts',(5.74985118403042,5.43861401354021,-0.2));
#2127=CARTESIAN_POINT('Ctrl Pts',(5.75847838460092,5.62450863893422,-0.2));
#2128=CARTESIAN_POINT('Ctrl Pts',(5.75847838460092,5.62450863893422,1.55847850381021));
#2129=CARTESIAN_POINT('Ctrl Pts',(3.99999988079071,5.62450863893422,1.55847850381021));
#2130=CARTESIAN_POINT('Ctrl Pts',(2.2415213769805,5.62450863893422,1.55847850381021));
#2131=CARTESIAN_POINT('Ctrl Pts',(2.2415213769805,5.62450863893422,-0.2));
#2132=CARTESIAN_POINT('Ctrl Pts',(2.2415213769805,5.62450863893422,-1.95847850381021));
#2133=CARTESIAN_POINT('Ctrl Pts',(3.99999988079071,5.62450863893422,-1.95847850381021));
#2134=CARTESIAN_POINT('Ctrl Pts',(5.75847838460092,5.62450863893422,-1.95847850381021));
#2135=CARTESIAN_POINT('Ctrl Pts',(5.75847838460092,5.62450863893422,-0.2));
#2136=CARTESIAN_POINT('Ctrl Pts',(5.75901146233228,5.84915314199151,-0.2));
#2137=CARTESIAN_POINT('Ctrl Pts',(5.75901146233228,5.84915314199151,1.55901158154157));
#2138=CARTESIAN_POINT('Ctrl Pts',(3.99999988079071,5.84915314199151,1.55901158154157));
#2139=CARTESIAN_POINT('Ctrl Pts',(2.24098829924914,5.84915314199151,1.55901158154157));
#2140=CARTESIAN_POINT('Ctrl Pts',(2.24098829924914,5.84915314199151,-0.2));
#2141=CARTESIAN_POINT('Ctrl Pts',(2.24098829924914,5.84915314199151,-1.95901158154157));
#2142=CARTESIAN_POINT('Ctrl Pts',(3.99999988079071,5.84915314199151,-1.95901158154157));
#2143=CARTESIAN_POINT('Ctrl Pts',(5.75901146233228,5.84915314199151,-1.95901158154157));
#2144=CARTESIAN_POINT('Ctrl Pts',(5.75901146233228,5.84915314199151,-0.2));
#2145=CARTESIAN_POINT('Ctrl Pts',(5.78116269393992,6.06947313989655,-0.2));
#2146=CARTESIAN_POINT('Ctrl Pts',(5.78116269393992,6.06947313989655,1.5811628131492));
#2147=CARTESIAN_POINT('Ctrl Pts',(3.99999988079071,6.06947313989655,1.58116281314921));
#2148=CARTESIAN_POINT('Ctrl Pts',(2.21883706764151,6.06947313989655,1.5811628131492));
#2149=CARTESIAN_POINT('Ctrl Pts',(2.21883706764151,6.06947313989655,-0.2));
#2150=CARTESIAN_POINT('Ctrl Pts',(2.21883706764151,6.06947313989655,-1.98116281314921));
#2151=CARTESIAN_POINT('Ctrl Pts',(3.99999988079071,6.06947313989655,-1.98116281314921));
#2152=CARTESIAN_POINT('Ctrl Pts',(5.78116269393992,6.06947313989655,-1.98116281314921));
#2153=CARTESIAN_POINT('Ctrl Pts',(5.78116269393992,6.06947313989655,-0.2));
#2154=CARTESIAN_POINT('Ctrl Pts',(5.84552336690394,6.24693482295502,-0.2));
#2155=CARTESIAN_POINT('Ctrl Pts',(5.84552336690394,6.24693482295502,1.64552348611323));
#2156=CARTESIAN_POINT('Ctrl Pts',(3.99999988079071,6.24693482295502,1.64552348611323));
#2157=CARTESIAN_POINT('Ctrl Pts',(2.15447639467748,6.24693482295502,1.64552348611323));
#2158=CARTESIAN_POINT('Ctrl Pts',(2.15447639467748,6.24693482295502,-0.2));
#2159=CARTESIAN_POINT('Ctrl Pts',(2.15447639467748,6.24693482295502,-2.04552348611323));
#2160=CARTESIAN_POINT('Ctrl Pts',(3.99999988079071,6.24693482295502,-2.04552348611323));
#2161=CARTESIAN_POINT('Ctrl Pts',(5.84552336690394,6.24693482295502,-2.04552348611323));
#2162=CARTESIAN_POINT('Ctrl Pts',(5.84552336690394,6.24693482295502,-0.2));
#2163=CARTESIAN_POINT('Ctrl Pts',(5.95360418739818,6.3602186654449,-0.2));
#2164=CARTESIAN_POINT('Ctrl Pts',(5.95360418739818,6.3602186654449,1.75360430660747));
#2165=CARTESIAN_POINT('Ctrl Pts',(3.99999988079071,6.3602186654449,1.75360430660747));
#2166=CARTESIAN_POINT('Ctrl Pts',(2.04639557418324,6.3602186654449,1.75360430660747));
#2167=CARTESIAN_POINT('Ctrl Pts',(2.04639557418324,6.3602186654449,-0.2));
#2168=CARTESIAN_POINT('Ctrl Pts',(2.04639557418324,6.3602186654449,-2.15360430660747));
#2169=CARTESIAN_POINT('Ctrl Pts',(3.99999988079071,6.3602186654449,-2.15360430660747));
#2170=CARTESIAN_POINT('Ctrl Pts',(5.95360418739818,6.3602186654449,-2.15360430660747));
#2171=CARTESIAN_POINT('Ctrl Pts',(5.95360418739818,6.3602186654449,-0.2));
#2172=CARTESIAN_POINT('Ctrl Pts',(6.07603953039905,6.41960827331138,-0.2));
#2173=CARTESIAN_POINT('Ctrl Pts',(6.07603953039905,6.41960827331138,1.87603964960834));
#2174=CARTESIAN_POINT('Ctrl Pts',(3.99999988079071,6.41960827331138,1.87603964960834));
#2175=CARTESIAN_POINT('Ctrl Pts',(1.92396023118237,6.41960827331138,1.87603964960834));
#2176=CARTESIAN_POINT('Ctrl Pts',(1.92396023118237,6.41960827331138,-0.2));
#2177=CARTESIAN_POINT('Ctrl Pts',(1.92396023118237,6.41960827331138,-2.27603964960834));
#2178=CARTESIAN_POINT('Ctrl Pts',(3.99999988079071,6.41960827331138,-2.27603964960834));
#2179=CARTESIAN_POINT('Ctrl Pts',(6.07603953039905,6.41960827331138,-2.27603964960834));
#2180=CARTESIAN_POINT('Ctrl Pts',(6.07603953039905,6.41960827331138,-0.2));
#2181=CARTESIAN_POINT('Ctrl Pts',(6.16906956832193,6.45458583290795,-0.2));
#2182=CARTESIAN_POINT('Ctrl Pts',(6.16906956832193,6.45458583290795,1.96906968753122));
#2183=CARTESIAN_POINT('Ctrl Pts',(3.99999988079071,6.45458583290795,1.96906968753122));
#2184=CARTESIAN_POINT('Ctrl Pts',(1.83093019325949,6.45458583290795,1.96906968753122));
#2185=CARTESIAN_POINT('Ctrl Pts',(1.83093019325949,6.45458583290795,-0.2));
#2186=CARTESIAN_POINT('Ctrl Pts',(1.83093019325949,6.45458583290795,-2.36906968753122));
#2187=CARTESIAN_POINT('Ctrl Pts',(3.99999988079071,6.45458583290795,-2.36906968753122));
#2188=CARTESIAN_POINT('Ctrl Pts',(6.16906956832193,6.45458583290795,-2.36906968753122));
#2189=CARTESIAN_POINT('Ctrl Pts',(6.16906956832193,6.45458583290795,-0.2));
#2190=CARTESIAN_POINT('Ctrl Pts',(6.19224497826615,6.50005320750255,-0.2));
#2191=CARTESIAN_POINT('Ctrl Pts',(6.19224497826615,6.50005320750255,1.99224509747544));
#2192=CARTESIAN_POINT('Ctrl Pts',(3.99999988079071,6.50005320750255,1.99224509747544));
#2193=CARTESIAN_POINT('Ctrl Pts',(1.80775478331527,6.50005320750255,1.99224509747544));
#2194=CARTESIAN_POINT('Ctrl Pts',(1.80775478331527,6.50005320750255,-0.2));
#2195=CARTESIAN_POINT('Ctrl Pts',(1.80775478331527,6.50005320750255,-2.39224509747544));
#2196=CARTESIAN_POINT('Ctrl Pts',(3.99999988079071,6.50005320750255,-2.39224509747544));
#2197=CARTESIAN_POINT('Ctrl Pts',(6.19224497826615,6.50005320750255,-2.39224509747544));
#2198=CARTESIAN_POINT('Ctrl Pts',(6.19224497826615,6.50005320750255,-0.2));
#2199=CARTESIAN_POINT('Ctrl Pts',(6.12708479926901,6.58219969015838,-0.2));
#2200=CARTESIAN_POINT('Ctrl Pts',(6.12708479926901,6.58219969015838,1.9270849184783));
#2201=CARTESIAN_POINT('Ctrl Pts',(3.99999988079071,6.58219969015838,1.9270849184783));
#2202=CARTESIAN_POINT('Ctrl Pts',(1.87291496231241,6.58219969015838,1.9270849184783));
#2203=CARTESIAN_POINT('Ctrl Pts',(1.87291496231241,6.58219969015838,-0.2));
#2204=CARTESIAN_POINT('Ctrl Pts',(1.87291496231241,6.58219969015838,-2.3270849184783));
#2205=CARTESIAN_POINT('Ctrl Pts',(3.99999988079071,6.58219969015838,-2.3270849184783));
#2206=CARTESIAN_POINT('Ctrl Pts',(6.12708479926901,6.58219969015838,-2.3270849184783));
#2207=CARTESIAN_POINT('Ctrl Pts',(6.12708479926901,6.58219969015838,-0.2));
#2208=CARTESIAN_POINT('Ctrl Pts',(5.99137608562767,6.70701106909692,-0.2));
#2209=CARTESIAN_POINT('Ctrl Pts',(5.99137608562767,6.70701106909692,1.79137620483696));
#2210=CARTESIAN_POINT('Ctrl Pts',(3.99999988079071,6.70701106909692,1.79137620483696));
#2211=CARTESIAN_POINT('Ctrl Pts',(2.00862367595375,6.70701106909692,1.79137620483696));
#2212=CARTESIAN_POINT('Ctrl Pts',(2.00862367595375,6.70701106909692,-0.2));
#2213=CARTESIAN_POINT('Ctrl Pts',(2.00862367595375,6.70701106909692,-2.19137620483696));
#2214=CARTESIAN_POINT('Ctrl Pts',(3.99999988079071,6.70701106909692,-2.19137620483696));
#2215=CARTESIAN_POINT('Ctrl Pts',(5.99137608562767,6.70701106909692,-2.19137620483696));
#2216=CARTESIAN_POINT('Ctrl Pts',(5.99137608562767,6.70701106909692,-0.2));
#2217=CARTESIAN_POINT('Ctrl Pts',(5.8233272747541,6.86767352353306,-0.2));
#2218=CARTESIAN_POINT('Ctrl Pts',(5.8233272747541,6.86767352353306,1.62332739396339));
#2219=CARTESIAN_POINT('Ctrl Pts',(3.99999988079071,6.86767352353306,1.62332739396339));
#2220=CARTESIAN_POINT('Ctrl Pts',(2.17667248682732,6.86767352353306,1.62332739396339));
#2221=CARTESIAN_POINT('Ctrl Pts',(2.17667248682732,6.86767352353306,-0.2));
#2222=CARTESIAN_POINT('Ctrl Pts',(2.17667248682732,6.86767352353306,-2.02332739396339));
#2223=CARTESIAN_POINT('Ctrl Pts',(3.99999988079071,6.86767352353306,-2.02332739396339));
#2224=CARTESIAN_POINT('Ctrl Pts',(5.8233272747541,6.86767352353306,-2.02332739396339));
#2225=CARTESIAN_POINT('Ctrl Pts',(5.8233272747541,6.86767352353306,-0.2));
#2226=CARTESIAN_POINT('Ctrl Pts',(5.66916869360421,7.04981316214215,-0.2));
#2227=CARTESIAN_POINT('Ctrl Pts',(5.66916869360421,7.04981316214215,1.4691688128135));
#2228=CARTESIAN_POINT('Ctrl Pts',(3.99999988079071,7.04981316214215,1.4691688128135));
#2229=CARTESIAN_POINT('Ctrl Pts',(2.33083106797721,7.04981316214215,1.4691688128135));
#2230=CARTESIAN_POINT('Ctrl Pts',(2.33083106797721,7.04981316214215,-0.2));
#2231=CARTESIAN_POINT('Ctrl Pts',(2.33083106797721,7.04981316214215,-1.8691688128135));
#2232=CARTESIAN_POINT('Ctrl Pts',(3.99999988079071,7.04981316214215,-1.8691688128135));
#2233=CARTESIAN_POINT('Ctrl Pts',(5.66916869360421,7.04981316214215,-1.8691688128135));
#2234=CARTESIAN_POINT('Ctrl Pts',(5.66916869360421,7.04981316214215,-0.2));
#2235=CARTESIAN_POINT('Ctrl Pts',(5.56937059820051,7.23758114841508,-0.2));
#2236=CARTESIAN_POINT('Ctrl Pts',(5.56937059820051,7.23758114841508,1.3693707174098));
#2237=CARTESIAN_POINT('Ctrl Pts',(3.99999988079071,7.23758114841508,1.3693707174098));
#2238=CARTESIAN_POINT('Ctrl Pts',(2.43062916338091,7.23758114841508,1.3693707174098));
#2239=CARTESIAN_POINT('Ctrl Pts',(2.43062916338091,7.23758114841508,-0.2));
#2240=CARTESIAN_POINT('Ctrl Pts',(2.43062916338091,7.23758114841508,-1.7693707174098));
#2241=CARTESIAN_POINT('Ctrl Pts',(3.99999988079071,7.23758114841508,-1.7693707174098));
#2242=CARTESIAN_POINT('Ctrl Pts',(5.56937059820051,7.23758114841508,-1.7693707174098));
#2243=CARTESIAN_POINT('Ctrl Pts',(5.56937059820051,7.23758114841508,-0.2));
#2244=CARTESIAN_POINT('Ctrl Pts',(5.5456391321159,7.41928886567474,-0.2));
#2245=CARTESIAN_POINT('Ctrl Pts',(5.5456391321159,7.41928886567474,1.34563925132519));
#2246=CARTESIAN_POINT('Ctrl Pts',(3.99999988079071,7.41928886567474,1.34563925132519));
#2247=CARTESIAN_POINT('Ctrl Pts',(2.45436062946552,7.41928886567474,1.34563925132519));
#2248=CARTESIAN_POINT('Ctrl Pts',(2.45436062946552,7.41928886567474,-0.2));
#2249=CARTESIAN_POINT('Ctrl Pts',(2.45436062946552,7.41928886567474,-1.74563925132519));
#2250=CARTESIAN_POINT('Ctrl Pts',(3.99999988079071,7.41928886567474,-1.74563925132519));
#2251=CARTESIAN_POINT('Ctrl Pts',(5.5456391321159,7.41928886567474,-1.74563925132519));
#2252=CARTESIAN_POINT('Ctrl Pts',(5.5456391321159,7.41928886567474,-0.2));
#2253=CARTESIAN_POINT('Ctrl Pts',(5.58700693390596,7.59346086323833,-0.2));
#2254=CARTESIAN_POINT('Ctrl Pts',(5.58700693390596,7.59346086323833,1.38700705311525));
#2255=CARTESIAN_POINT('Ctrl Pts',(3.99999988079071,7.59346086323833,1.38700705311525));
#2256=CARTESIAN_POINT('Ctrl Pts',(2.41299282767546,7.59346086323833,1.38700705311525));
#2257=CARTESIAN_POINT('Ctrl Pts',(2.41299282767546,7.59346086323833,-0.2));
#2258=CARTESIAN_POINT('Ctrl Pts',(2.41299282767546,7.59346086323833,-1.78700705311525));
#2259=CARTESIAN_POINT('Ctrl Pts',(3.99999988079071,7.59346086323833,-1.78700705311525));
#2260=CARTESIAN_POINT('Ctrl Pts',(5.58700693390596,7.59346086323833,-1.78700705311525));
#2261=CARTESIAN_POINT('Ctrl Pts',(5.58700693390596,7.59346086323833,-0.2));
#2262=CARTESIAN_POINT('Ctrl Pts',(5.66127989917685,7.76450658822152,-0.2));
#2263=CARTESIAN_POINT('Ctrl Pts',(5.66127989917685,7.76450658822152,1.46128001838614));
#2264=CARTESIAN_POINT('Ctrl Pts',(3.99999988079071,7.76450658822152,1.46128001838614));
#2265=CARTESIAN_POINT('Ctrl Pts',(2.33871986240457,7.76450658822152,1.46128001838614));
#2266=CARTESIAN_POINT('Ctrl Pts',(2.33871986240457,7.76450658822152,-0.2));
#2267=CARTESIAN_POINT('Ctrl Pts',(2.33871986240457,7.76450658822152,-1.86128001838614));
#2268=CARTESIAN_POINT('Ctrl Pts',(3.99999988079071,7.76450658822152,-1.86128001838614));
#2269=CARTESIAN_POINT('Ctrl Pts',(5.66127989917685,7.76450658822152,-1.86128001838614));
#2270=CARTESIAN_POINT('Ctrl Pts',(5.66127989917685,7.76450658822152,-0.2));
#2271=CARTESIAN_POINT('Ctrl Pts',(5.72691397109171,7.93823519734779,-0.2));
#2272=CARTESIAN_POINT('Ctrl Pts',(5.72691397109171,7.93823519734779,1.526914090301));
#2273=CARTESIAN_POINT('Ctrl Pts',(3.99999988079071,7.93823519734779,1.526914090301));
#2274=CARTESIAN_POINT('Ctrl Pts',(2.27308579048971,7.93823519734779,1.526914090301));
#2275=CARTESIAN_POINT('Ctrl Pts',(2.27308579048971,7.93823519734779,-0.2));
#2276=CARTESIAN_POINT('Ctrl Pts',(2.27308579048971,7.93823519734779,-1.926914090301));
#2277=CARTESIAN_POINT('Ctrl Pts',(3.99999988079071,7.93823519734779,-1.926914090301));
#2278=CARTESIAN_POINT('Ctrl Pts',(5.72691397109171,7.93823519734779,-1.926914090301));
#2279=CARTESIAN_POINT('Ctrl Pts',(5.72691397109171,7.93823519734779,-0.2));
#2280=CARTESIAN_POINT('Ctrl Pts',(5.74495637634029,8.11730122949707,-0.2));
#2281=CARTESIAN_POINT('Ctrl Pts',(5.74495637634029,8.11730122949707,1.54495649554958));
#2282=CARTESIAN_POINT('Ctrl Pts',(3.99999988079071,8.11730122949707,1.54495649554958));
#2283=CARTESIAN_POINT('Ctrl Pts',(2.25504338524113,8.11730122949707,1.54495649554958));
#2284=CARTESIAN_POINT('Ctrl Pts',(2.25504338524113,8.11730122949707,-0.2));
#2285=CARTESIAN_POINT('Ctrl Pts',(2.25504338524113,8.11730122949707,-1.94495649554958));
#2286=CARTESIAN_POINT('Ctrl Pts',(3.99999988079071,8.11730122949707,-1.94495649554958));
#2287=CARTESIAN_POINT('Ctrl Pts',(5.74495637634029,8.11730122949707,-1.94495649554958));
#2288=CARTESIAN_POINT('Ctrl Pts',(5.74495637634029,8.11730122949707,-0.2));
#2289=CARTESIAN_POINT('Ctrl Pts',(5.69037437425143,8.2969771662376,-0.2));
#2290=CARTESIAN_POINT('Ctrl Pts',(5.69037437425143,8.2969771662376,1.49037449346072));
#2291=CARTESIAN_POINT('Ctrl Pts',(3.99999988079071,8.2969771662376,1.49037449346072));
#2292=CARTESIAN_POINT('Ctrl Pts',(2.30962538732999,8.2969771662376,1.49037449346072));
#2293=CARTESIAN_POINT('Ctrl Pts',(2.30962538732999,8.2969771662376,-0.2));
#2294=CARTESIAN_POINT('Ctrl Pts',(2.30962538732999,8.2969771662376,-1.89037449346072));
#2295=CARTESIAN_POINT('Ctrl Pts',(3.99999988079071,8.2969771662376,-1.89037449346072));
#2296=CARTESIAN_POINT('Ctrl Pts',(5.69037437425143,8.2969771662376,-1.89037449346072));
#2297=CARTESIAN_POINT('Ctrl Pts',(5.69037437425143,8.2969771662376,-0.2));
#2298=CARTESIAN_POINT('Ctrl Pts',(5.5652281093941,8.45996273306337,-0.2));
#2299=CARTESIAN_POINT('Ctrl Pts',(5.5652281093941,8.45996273306337,1.36522822860338));
#2300=CARTESIAN_POINT('Ctrl Pts',(3.99999988079071,8.45996273306337,1.36522822860338));
#2301=CARTESIAN_POINT('Ctrl Pts',(2.43477165218733,8.45996273306337,1.36522822860338));
#2302=CARTESIAN_POINT('Ctrl Pts',(2.43477165218733,8.45996273306337,-0.2));
#2303=CARTESIAN_POINT('Ctrl Pts',(2.43477165218733,8.45996273306337,-1.76522822860338));
#2304=CARTESIAN_POINT('Ctrl Pts',(3.99999988079071,8.45996273306337,-1.76522822860338));
#2305=CARTESIAN_POINT('Ctrl Pts',(5.5652281093941,8.45996273306337,-1.76522822860338));
#2306=CARTESIAN_POINT('Ctrl Pts',(5.5652281093941,8.45996273306337,-0.2));
#2307=CARTESIAN_POINT('Ctrl Pts',(5.39133147274911,8.58185388824786,-0.2));
#2308=CARTESIAN_POINT('Ctrl Pts',(5.39133147274911,8.58185388824786,1.1913315919584));
#2309=CARTESIAN_POINT('Ctrl Pts',(3.99999988079071,8.58185388824786,1.1913315919584));
#2310=CARTESIAN_POINT('Ctrl Pts',(2.60866828883231,8.58185388824786,1.1913315919584));
#2311=CARTESIAN_POINT('Ctrl Pts',(2.60866828883231,8.58185388824786,-0.2));
#2312=CARTESIAN_POINT('Ctrl Pts',(2.60866828883231,8.58185388824786,-1.5913315919584));
#2313=CARTESIAN_POINT('Ctrl Pts',(3.99999988079071,8.58185388824786,-1.5913315919584));
#2314=CARTESIAN_POINT('Ctrl Pts',(5.39133147274911,8.58185388824786,-1.5913315919584));
#2315=CARTESIAN_POINT('Ctrl Pts',(5.39133147274911,8.58185388824786,-0.2));
#2316=CARTESIAN_POINT('Ctrl Pts',(5.20049938396639,8.63786930068965,-0.2));
#2317=CARTESIAN_POINT('Ctrl Pts',(5.20049938396639,8.63786930068965,1.00049950317568));
#2318=CARTESIAN_POINT('Ctrl Pts',(3.99999988079071,8.63786930068965,1.00049950317568));
#2319=CARTESIAN_POINT('Ctrl Pts',(2.79950037761503,8.63786930068965,1.00049950317568));
#2320=CARTESIAN_POINT('Ctrl Pts',(2.79950037761503,8.63786930068965,-0.2));
#2321=CARTESIAN_POINT('Ctrl Pts',(2.79950037761503,8.63786930068965,-1.40049950317568));
#2322=CARTESIAN_POINT('Ctrl Pts',(3.99999988079071,8.63786930068965,-1.40049950317568));
#2323=CARTESIAN_POINT('Ctrl Pts',(5.20049938396639,8.63786930068965,-1.40049950317568));
#2324=CARTESIAN_POINT('Ctrl Pts',(5.20049938396639,8.63786930068965,-0.2));
#2325=CARTESIAN_POINT('Ctrl Pts',(5.02567748712291,8.60913491504468,-0.2));
#2326=CARTESIAN_POINT('Ctrl Pts',(5.02567748712291,8.60913491504468,0.825677606332199));
#2327=CARTESIAN_POINT('Ctrl Pts',(3.99999988079071,8.60913491504468,0.825677606332199));
#2328=CARTESIAN_POINT('Ctrl Pts',(2.97432227445851,8.60913491504468,0.825677606332199));
#2329=CARTESIAN_POINT('Ctrl Pts',(2.97432227445851,8.60913491504468,-0.2));
#2330=CARTESIAN_POINT('Ctrl Pts',(2.97432227445851,8.60913491504468,-1.2256776063322));
#2331=CARTESIAN_POINT('Ctrl Pts',(3.99999988079071,8.60913491504468,-1.2256776063322));
#2332=CARTESIAN_POINT('Ctrl Pts',(5.02567748712291,8.60913491504468,-1.2256776063322));
#2333=CARTESIAN_POINT('Ctrl Pts',(5.02567748712291,8.60913491504468,-0.2));
#2334=CARTESIAN_POINT('Ctrl Pts',(4.89173670776781,8.48914424381966,-0.2));
#2335=CARTESIAN_POINT('Ctrl Pts',(4.89173670776781,8.48914424381966,0.691736826977096));
#2336=CARTESIAN_POINT('Ctrl Pts',(3.99999988079071,8.48914424381966,0.691736826977096));
#2337=CARTESIAN_POINT('Ctrl Pts',(3.10826305381361,8.48914424381966,0.691736826977096));
#2338=CARTESIAN_POINT('Ctrl Pts',(3.10826305381361,8.48914424381966,-0.2));
#2339=CARTESIAN_POINT('Ctrl Pts',(3.10826305381361,8.48914424381966,-1.0917368269771));
#2340=CARTESIAN_POINT('Ctrl Pts',(3.99999988079071,8.48914424381966,-1.0917368269771));
#2341=CARTESIAN_POINT('Ctrl Pts',(4.89173670776781,8.48914424381966,-1.0917368269771));
#2342=CARTESIAN_POINT('Ctrl Pts',(4.89173670776781,8.48914424381966,-0.2));
#2343=CARTESIAN_POINT('Ctrl Pts',(4.80632695598906,8.29023788432363,-0.2));
#2344=CARTESIAN_POINT('Ctrl Pts',(4.80632695598906,8.29023788432363,0.606327075198345));
#2345=CARTESIAN_POINT('Ctrl Pts',(3.99999988079071,8.29023788432363,0.606327075198345));
#2346=CARTESIAN_POINT('Ctrl Pts',(3.19367280559237,8.29023788432363,0.606327075198345));
#2347=CARTESIAN_POINT('Ctrl Pts',(3.19367280559237,8.29023788432363,-0.2));
#2348=CARTESIAN_POINT('Ctrl Pts',(3.19367280559237,8.29023788432363,-1.00632707519835));
#2349=CARTESIAN_POINT('Ctrl Pts',(3.99999988079071,8.29023788432363,-1.00632707519835));
#2350=CARTESIAN_POINT('Ctrl Pts',(4.80632695598906,8.29023788432363,-1.00632707519835));
#2351=CARTESIAN_POINT('Ctrl Pts',(4.80632695598906,8.29023788432363,-0.2));
#2352=CARTESIAN_POINT('Ctrl Pts',(4.76388770026194,8.03853614907524,-0.2));
#2353=CARTESIAN_POINT('Ctrl Pts',(4.76388770026194,8.03853614907524,0.56388781947123));
#2354=CARTESIAN_POINT('Ctrl Pts',(3.99999988079071,8.03853614907524,0.56388781947123));
#2355=CARTESIAN_POINT('Ctrl Pts',(3.23611206131948,8.03853614907524,0.56388781947123));
#2356=CARTESIAN_POINT('Ctrl Pts',(3.23611206131948,8.03853614907524,-0.2));
#2357=CARTESIAN_POINT('Ctrl Pts',(3.23611206131948,8.03853614907524,-0.963887819471231));
#2358=CARTESIAN_POINT('Ctrl Pts',(3.99999988079071,8.03853614907524,-0.963887819471231));
#2359=CARTESIAN_POINT('Ctrl Pts',(4.76388770026194,8.03853614907524,-0.963887819471231));
#2360=CARTESIAN_POINT('Ctrl Pts',(4.76388770026194,8.03853614907524,-0.2));
#2361=CARTESIAN_POINT('Ctrl Pts',(4.74971034039937,7.76885633748768,-0.2));
#2362=CARTESIAN_POINT('Ctrl Pts',(4.74971034039937,7.76885633748768,0.549710459608657));
#2363=CARTESIAN_POINT('Ctrl Pts',(3.99999988079071,7.76885633748768,0.549710459608657));
#2364=CARTESIAN_POINT('Ctrl Pts',(3.25028942118205,7.76885633748768,0.549710459608657));
#2365=CARTESIAN_POINT('Ctrl Pts',(3.25028942118205,7.76885633748768,-0.2));
#2366=CARTESIAN_POINT('Ctrl Pts',(3.25028942118205,7.76885633748768,-0.949710459608657));
#2367=CARTESIAN_POINT('Ctrl Pts',(3.99999988079071,7.76885633748768,-0.949710459608657));
#2368=CARTESIAN_POINT('Ctrl Pts',(4.74971034039937,7.76885633748768,-0.949710459608657));
#2369=CARTESIAN_POINT('Ctrl Pts',(4.74971034039937,7.76885633748768,-0.2));
#2370=CARTESIAN_POINT('Ctrl Pts',(4.74400822758409,7.51958677472164,-0.2));
#2371=CARTESIAN_POINT('Ctrl Pts',(4.74400822758409,7.51958677472164,0.544008346793374));
#2372=CARTESIAN_POINT('Ctrl Pts',(3.99999988079071,7.51958677472164,0.544008346793374));
#2373=CARTESIAN_POINT('Ctrl Pts',(3.25599153399734,7.51958677472164,0.544008346793374));
#2374=CARTESIAN_POINT('Ctrl Pts',(3.25599153399734,7.51958677472164,-0.2));
#2375=CARTESIAN_POINT('Ctrl Pts',(3.25599153399734,7.51958677472164,-0.944008346793375));
#2376=CARTESIAN_POINT('Ctrl Pts',(3.99999988079071,7.51958677472164,-0.944008346793375));
#2377=CARTESIAN_POINT('Ctrl Pts',(4.74400822758409,7.51958677472164,-0.944008346793375));
#2378=CARTESIAN_POINT('Ctrl Pts',(4.74400822758409,7.51958677472164,-0.2));
#2379=CARTESIAN_POINT('Ctrl Pts',(4.72583559607885,7.32777165216879,-0.2));
#2380=CARTESIAN_POINT('Ctrl Pts',(4.72583559607885,7.32777165216879,0.525835715288141));
#2381=CARTESIAN_POINT('Ctrl Pts',(3.99999988079071,7.32777165216879,0.525835715288141));
#2382=CARTESIAN_POINT('Ctrl Pts',(3.27416416550257,7.32777165216879,0.525835715288141));
#2383=CARTESIAN_POINT('Ctrl Pts',(3.27416416550257,7.32777165216879,-0.2));
#2384=CARTESIAN_POINT('Ctrl Pts',(3.27416416550257,7.32777165216879,-0.925835715288141));
#2385=CARTESIAN_POINT('Ctrl Pts',(3.99999988079071,7.32777165216879,-0.925835715288141));
#2386=CARTESIAN_POINT('Ctrl Pts',(4.72583559607885,7.32777165216879,-0.925835715288141));
#2387=CARTESIAN_POINT('Ctrl Pts',(4.72583559607885,7.32777165216879,-0.2));
#2388=CARTESIAN_POINT('Ctrl Pts',(4.67737373933283,7.22368149098834,-0.2));
#2389=CARTESIAN_POINT('Ctrl Pts',(4.67737373933283,7.22368149098834,0.477373858542116));
#2390=CARTESIAN_POINT('Ctrl Pts',(3.99999988079071,7.22368149098834,0.477373858542116));
#2391=CARTESIAN_POINT('Ctrl Pts',(3.32262602224859,7.22368149098834,0.477373858542116));
#2392=CARTESIAN_POINT('Ctrl Pts',(3.32262602224859,7.22368149098834,-0.2));
#2393=CARTESIAN_POINT('Ctrl Pts',(3.32262602224859,7.22368149098834,-0.877373858542116));
#2394=CARTESIAN_POINT('Ctrl Pts',(3.99999988079071,7.22368149098834,-0.877373858542116));
#2395=CARTESIAN_POINT('Ctrl Pts',(4.67737373933283,7.22368149098834,-0.877373858542116));
#2396=CARTESIAN_POINT('Ctrl Pts',(4.67737373933283,7.22368149098834,-0.2));
#2397=CARTESIAN_POINT('Ctrl Pts',(4.58712777165899,7.22687326099061,-0.2));
#2398=CARTESIAN_POINT('Ctrl Pts',(4.58712777165899,7.22687326099061,0.38712789086828));
#2399=CARTESIAN_POINT('Ctrl Pts',(3.99999988079071,7.22687326099061,0.38712789086828));
#2400=CARTESIAN_POINT('Ctrl Pts',(3.41287198992243,7.22687326099061,0.38712789086828));
#2401=CARTESIAN_POINT('Ctrl Pts',(3.41287198992243,7.22687326099061,-0.2));
#2402=CARTESIAN_POINT('Ctrl Pts',(3.41287198992243,7.22687326099061,-0.78712789086828));
#2403=CARTESIAN_POINT('Ctrl Pts',(3.99999988079071,7.22687326099061,-0.78712789086828));
#2404=CARTESIAN_POINT('Ctrl Pts',(4.58712777165899,7.22687326099061,-0.78712789086828));
#2405=CARTESIAN_POINT('Ctrl Pts',(4.58712777165899,7.22687326099061,-0.2));
#2406=CARTESIAN_POINT('Ctrl Pts',(4.44819970533423,7.34899393162547,-0.2));
#2407=CARTESIAN_POINT('Ctrl Pts',(4.44819970533423,7.34899393162547,0.248199824543521));
#2408=CARTESIAN_POINT('Ctrl Pts',(3.99999988079071,7.34899393162547,0.248199824543521));
#2409=CARTESIAN_POINT('Ctrl Pts',(3.55180005624719,7.34899393162547,0.248199824543521));
#2410=CARTESIAN_POINT('Ctrl Pts',(3.55180005624719,7.34899393162547,-0.2));
#2411=CARTESIAN_POINT('Ctrl Pts',(3.55180005624719,7.34899393162547,-0.648199824543522));
#2412=CARTESIAN_POINT('Ctrl Pts',(3.99999988079071,7.34899393162547,-0.648199824543522));
#2413=CARTESIAN_POINT('Ctrl Pts',(4.44819970533423,7.34899393162547,-0.648199824543522));
#2414=CARTESIAN_POINT('Ctrl Pts',(4.44819970533423,7.34899393162547,-0.2));
#2415=CARTESIAN_POINT('Ctrl Pts',(4.29544746163771,7.54629769321672,-0.2));
#2416=CARTESIAN_POINT('Ctrl Pts',(4.29544746163771,7.54629769321672,0.0954475808470012));
#2417=CARTESIAN_POINT('Ctrl Pts',(3.99999988079071,7.54629769321672,0.0954475808470012));
#2418=CARTESIAN_POINT('Ctrl Pts',(3.70455229994371,7.54629769321672,0.0954475808470012));
#2419=CARTESIAN_POINT('Ctrl Pts',(3.70455229994371,7.54629769321672,-0.2));
#2420=CARTESIAN_POINT('Ctrl Pts',(3.70455229994371,7.54629769321672,-0.495447580847002));
#2421=CARTESIAN_POINT('Ctrl Pts',(3.99999988079071,7.54629769321672,-0.495447580847002));
#2422=CARTESIAN_POINT('Ctrl Pts',(4.29544746163771,7.54629769321672,-0.495447580847002));
#2423=CARTESIAN_POINT('Ctrl Pts',(4.29544746163771,7.54629769321672,-0.2));
#2424=CARTESIAN_POINT('Ctrl Pts',(4.15700355054439,7.75107532267796,-0.2));
#2425=CARTESIAN_POINT('Ctrl Pts',(4.15700355054439,7.75107532267796,-0.0429963302463232));
#2426=CARTESIAN_POINT('Ctrl Pts',(3.99999988079071,7.75107532267796,-0.0429963302463232));
#2427=CARTESIAN_POINT('Ctrl Pts',(3.84299621103703,7.75107532267796,-0.0429963302463232));
#2428=CARTESIAN_POINT('Ctrl Pts',(3.84299621103703,7.75107532267796,-0.2));
#2429=CARTESIAN_POINT('Ctrl Pts',(3.84299621103703,7.75107532267796,-0.357003669753677));
#2430=CARTESIAN_POINT('Ctrl Pts',(3.99999988079071,7.75107532267796,-0.357003669753677));
#2431=CARTESIAN_POINT('Ctrl Pts',(4.15700355054439,7.75107532267796,-0.357003669753677));
#2432=CARTESIAN_POINT('Ctrl Pts',(4.15700355054439,7.75107532267796,-0.2));
#2433=CARTESIAN_POINT('Ctrl Pts',(4.05410205817505,7.912820635418,-0.2));
#2434=CARTESIAN_POINT('Ctrl Pts',(4.05410205817505,7.912820635418,-0.145897822615663));
#2435=CARTESIAN_POINT('Ctrl Pts',(3.99999988079071,7.912820635418,-0.145897822615663));
#2436=CARTESIAN_POINT('Ctrl Pts',(3.94589770340637,7.912820635418,-0.145897822615663));
#2437=CARTESIAN_POINT('Ctrl Pts',(3.94589770340637,7.912820635418,-0.2));
#2438=CARTESIAN_POINT('Ctrl Pts',(3.94589770340637,7.912820635418,-0.254102177384338));
#2439=CARTESIAN_POINT('Ctrl Pts',(3.99999988079071,7.912820635418,-0.254102177384338));
#2440=CARTESIAN_POINT('Ctrl Pts',(4.05410205817505,7.912820635418,-0.254102177384338));
#2441=CARTESIAN_POINT('Ctrl Pts',(4.05410205817505,7.912820635418,-0.2));
#2442=CARTESIAN_POINT('Ctrl Pts',(3.99999988079071,8.00000007450581,-0.2));
#2443=CARTESIAN_POINT('Ctrl Pts',(3.99999988079071,8.00000007450581,-0.2));
#2444=CARTESIAN_POINT('Ctrl Pts',(3.99999988079071,8.00000007450581,-0.2));
#2445=CARTESIAN_POINT('Ctrl Pts',(3.99999988079071,8.00000007450581,-0.2));
#2446=CARTESIAN_POINT('Ctrl Pts',(3.99999988079071,8.00000007450581,-0.2));
#2447=CARTESIAN_POINT('Ctrl Pts',(3.99999988079071,8.00000007450581,-0.2));
#2448=CARTESIAN_POINT('Ctrl Pts',(3.99999988079071,8.00000007450581,-0.2));
#2449=CARTESIAN_POINT('Ctrl Pts',(3.99999988079071,8.00000007450581,-0.2));
#2450=CARTESIAN_POINT('Ctrl Pts',(3.99999988079071,8.00000007450581,-0.2));
#2451=CARTESIAN_POINT('',(3.99999988079071,5.00000002980232,-0.2));
#2452=CARTESIAN_POINT('',(3.99999988079071,8.00000007450581,-0.2));
#2453=CARTESIAN_POINT('Ctrl Pts',(3.99999988079071,5.00000002980232,-0.2));
#2454=CARTESIAN_POINT('Ctrl Pts',(4.04702755140393,4.91074705012156,-0.2));
#2455=CARTESIAN_POINT('Ctrl Pts',(4.13694664484961,4.74543782492062,-0.2));
#2456=CARTESIAN_POINT('Ctrl Pts',(4.2594167282321,4.53706376759101,-0.2));
#2457=CARTESIAN_POINT('Ctrl Pts',(4.39787527105333,4.33846649924048,-0.2));
#2458=CARTESIAN_POINT('Ctrl Pts',(4.5304560518314,4.22008876017466,-0.2));
#2459=CARTESIAN_POINT('Ctrl Pts',(4.62537605070963,4.22455722282684,-0.2));
#2460=CARTESIAN_POINT('Ctrl Pts',(4.688479822821,4.33730118597127,-0.2));
#2461=CARTESIAN_POINT('Ctrl Pts',(4.72951757717157,4.53390923398194,-0.2));
#2462=CARTESIAN_POINT('Ctrl Pts',(4.76354390439067,4.77668949141001,-0.2));
#2463=CARTESIAN_POINT('Ctrl Pts',(4.80771298177596,5.02170582667029,-0.2));
#2464=CARTESIAN_POINT('Ctrl Pts',(4.87756600842221,5.22702148062386,-0.2));
#2465=CARTESIAN_POINT('Ctrl Pts',(4.98321784132017,5.36104678496203,-0.2));
#2466=CARTESIAN_POINT('Ctrl Pts',(5.12620023837085,5.40966947171839,-0.2));
#2467=CARTESIAN_POINT('Ctrl Pts',(5.29447288734938,5.38686885625878,-0.2));
#2468=CARTESIAN_POINT('Ctrl Pts',(5.46373901992425,5.33331007908352,-0.2));
#2469=CARTESIAN_POINT('Ctrl Pts',(5.60751710049383,5.29825312414929,-0.2));
#2470=CARTESIAN_POINT('Ctrl Pts',(5.70497875729077,5.32570364996719,-0.2));
#2471=CARTESIAN_POINT('Ctrl Pts',(5.74985118403042,5.43861401354021,-0.2));
#2472=CARTESIAN_POINT('Ctrl Pts',(5.75847838460092,5.62450863893422,-0.2));
#2473=CARTESIAN_POINT('Ctrl Pts',(5.75901146233228,5.84915314199151,-0.2));
#2474=CARTESIAN_POINT('Ctrl Pts',(5.78116269393992,6.06947313989655,-0.2));
#2475=CARTESIAN_POINT('Ctrl Pts',(5.84552336690394,6.24693482295502,-0.2));
#2476=CARTESIAN_POINT('Ctrl Pts',(5.95360418739818,6.3602186654449,-0.2));
#2477=CARTESIAN_POINT('Ctrl Pts',(6.07603953039905,6.41960827331138,-0.2));
#2478=CARTESIAN_POINT('Ctrl Pts',(6.16906956832193,6.45458583290795,-0.2));
#2479=CARTESIAN_POINT('Ctrl Pts',(6.19224497826615,6.50005320750255,-0.2));
#2480=CARTESIAN_POINT('Ctrl Pts',(6.12708479926901,6.58219969015838,-0.2));
#2481=CARTESIAN_POINT('Ctrl Pts',(5.99137608562767,6.70701106909692,-0.2));
#2482=CARTESIAN_POINT('Ctrl Pts',(5.8233272747541,6.86767352353306,-0.2));
#2483=CARTESIAN_POINT('Ctrl Pts',(5.66916869360421,7.04981316214215,-0.2));
#2484=CARTESIAN_POINT('Ctrl Pts',(5.56937059820051,7.23758114841508,-0.2));
#2485=CARTESIAN_POINT('Ctrl Pts',(5.5456391321159,7.41928886567474,-0.2));
#2486=CARTESIAN_POINT('Ctrl Pts',(5.58700693390596,7.59346086323833,-0.2));
#2487=CARTESIAN_POINT('Ctrl Pts',(5.66127989917685,7.76450658822152,-0.2));
#2488=CARTESIAN_POINT('Ctrl Pts',(5.72691397109171,7.93823519734779,-0.2));
#2489=CARTESIAN_POINT('Ctrl Pts',(5.74495637634029,8.11730122949707,-0.2));
#2490=CARTESIAN_POINT('Ctrl Pts',(5.69037437425143,8.2969771662376,-0.2));
#2491=CARTESIAN_POINT('Ctrl Pts',(5.5652281093941,8.45996273306337,-0.2));
#2492=CARTESIAN_POINT('Ctrl Pts',(5.39133147274911,8.58185388824786,-0.2));
#2493=CARTESIAN_POINT('Ctrl Pts',(5.20049938396639,8.63786930068965,-0.2));
#2494=CARTESIAN_POINT('Ctrl Pts',(5.02567748712291,8.60913491504468,-0.2));
#2495=CARTESIAN_POINT('Ctrl Pts',(4.89173670776781,8.48914424381966,-0.2));
#2496=CARTESIAN_POINT('Ctrl Pts',(4.80632695598906,8.29023788432363,-0.2));
#2497=CARTESIAN_POINT('Ctrl Pts',(4.76388770026194,8.03853614907524,-0.2));
#2498=CARTESIAN_POINT('Ctrl Pts',(4.74971034039937,7.76885633748768,-0.2));
#2499=CARTESIAN_POINT('Ctrl Pts',(4.74400822758409,7.51958677472164,-0.2));
#2500=CARTESIAN_POINT('Ctrl Pts',(4.72583559607885,7.32777165216879,-0.2));
#2501=CARTESIAN_POINT('Ctrl Pts',(4.67737373933283,7.22368149098834,-0.2));
#2502=CARTESIAN_POINT('Ctrl Pts',(4.58712777165899,7.22687326099061,-0.2));
#2503=CARTESIAN_POINT('Ctrl Pts',(4.44819970533423,7.34899393162547,-0.2));
#2504=CARTESIAN_POINT('Ctrl Pts',(4.29544746163771,7.54629769321672,-0.2));
#2505=CARTESIAN_POINT('Ctrl Pts',(4.15700355054439,7.75107532267796,-0.2));
#2506=CARTESIAN_POINT('Ctrl Pts',(4.05410205817505,7.912820635418,-0.2));
#2507=CARTESIAN_POINT('Ctrl Pts',(3.99999988079071,8.00000007450581,-0.2));
#2508=CARTESIAN_POINT('Ctrl Pts',(3.99999988079071,-3.29999995231628,-0.7));
#2509=CARTESIAN_POINT('Ctrl Pts',(3.99999988079071,-3.29999995231628,-0.7));
#2510=CARTESIAN_POINT('Ctrl Pts',(3.99999988079071,-3.29999995231628,-0.7));
#2511=CARTESIAN_POINT('Ctrl Pts',(3.99999988079071,-3.29999995231628,-0.7));
#2512=CARTESIAN_POINT('Ctrl Pts',(3.99999988079071,-3.29999995231628,-0.7));
#2513=CARTESIAN_POINT('Ctrl Pts',(3.99999988079071,-3.29999995231628,-0.7));
#2514=CARTESIAN_POINT('Ctrl Pts',(3.99999988079071,-3.29999995231628,-0.7));
#2515=CARTESIAN_POINT('Ctrl Pts',(3.99999988079071,-3.29999995231628,-0.7));
#2516=CARTESIAN_POINT('Ctrl Pts',(3.99999988079071,-3.29999995231628,-0.7));
#2517=CARTESIAN_POINT('Ctrl Pts',(4.02821648315864,-3.35355174012474,-0.7));
#2518=CARTESIAN_POINT('Ctrl Pts',(4.02821648315864,-3.35355174012474,-0.671783397632071));
#2519=CARTESIAN_POINT('Ctrl Pts',(3.99999988079071,-3.35355174012474,-0.671783397632071));
#2520=CARTESIAN_POINT('Ctrl Pts',(3.97178327842278,-3.35355174012474,-0.671783397632071));
#2521=CARTESIAN_POINT('Ctrl Pts',(3.97178327842278,-3.35355174012474,-0.7));
#2522=CARTESIAN_POINT('Ctrl Pts',(3.97178327842278,-3.35355174012474,-0.728216602367929));
#2523=CARTESIAN_POINT('Ctrl Pts',(3.99999988079071,-3.35355174012474,-0.728216602367929));
#2524=CARTESIAN_POINT('Ctrl Pts',(4.02821648315864,-3.35355174012474,-0.728216602367929));
#2525=CARTESIAN_POINT('Ctrl Pts',(4.02821648315864,-3.35355174012474,-0.7));
#2526=CARTESIAN_POINT('Ctrl Pts',(4.08216793922605,-3.45273727524531,-0.7));
#2527=CARTESIAN_POINT('Ctrl Pts',(4.08216793922605,-3.45273727524531,-0.617831941564658));
#2528=CARTESIAN_POINT('Ctrl Pts',(3.99999988079071,-3.45273727524531,-0.617831941564658));
#2529=CARTESIAN_POINT('Ctrl Pts',(3.91783182235537,-3.45273727524531,-0.617831941564658));
#2530=CARTESIAN_POINT('Ctrl Pts',(3.91783182235537,-3.45273727524531,-0.7));
#2531=CARTESIAN_POINT('Ctrl Pts',(3.91783182235537,-3.45273727524531,-0.782168058435342));
#2532=CARTESIAN_POINT('Ctrl Pts',(3.99999988079071,-3.45273727524531,-0.782168058435342));
#2533=CARTESIAN_POINT('Ctrl Pts',(4.08216793922605,-3.45273727524531,-0.782168058435342));
#2534=CARTESIAN_POINT('Ctrl Pts',(4.08216793922605,-3.45273727524531,-0.7));
#2535=CARTESIAN_POINT('Ctrl Pts',(4.15564998925554,-3.57776170964307,-0.7));
#2536=CARTESIAN_POINT('Ctrl Pts',(4.15564998925554,-3.57776170964307,-0.544349891535168));
#2537=CARTESIAN_POINT('Ctrl Pts',(3.99999988079071,-3.57776170964307,-0.544349891535168));
#2538=CARTESIAN_POINT('Ctrl Pts',(3.84434977232588,-3.57776170964307,-0.544349891535168));
#2539=CARTESIAN_POINT('Ctrl Pts',(3.84434977232588,-3.57776170964307,-0.7));
#2540=CARTESIAN_POINT('Ctrl Pts',(3.84434977232588,-3.57776170964307,-0.855650108464832));
#2541=CARTESIAN_POINT('Ctrl Pts',(3.99999988079071,-3.57776170964307,-0.855650108464832));
#2542=CARTESIAN_POINT('Ctrl Pts',(4.15564998925554,-3.57776170964307,-0.855650108464832));
#2543=CARTESIAN_POINT('Ctrl Pts',(4.15564998925554,-3.57776170964307,-0.7));
#2544=CARTESIAN_POINT('Ctrl Pts',(4.23872511494828,-3.69692007065339,-0.7));
#2545=CARTESIAN_POINT('Ctrl Pts',(4.23872511494828,-3.69692007065339,-0.461274765842429));
#2546=CARTESIAN_POINT('Ctrl Pts',(3.99999988079071,-3.69692007065339,-0.461274765842429));
#2547=CARTESIAN_POINT('Ctrl Pts',(3.76127464663314,-3.69692007065339,-0.461274765842429));
#2548=CARTESIAN_POINT('Ctrl Pts',(3.76127464663314,-3.69692007065339,-0.7));
#2549=CARTESIAN_POINT('Ctrl Pts',(3.76127464663314,-3.69692007065339,-0.938725234157571));
#2550=CARTESIAN_POINT('Ctrl Pts',(3.99999988079071,-3.69692007065339,-0.938725234157571));
#2551=CARTESIAN_POINT('Ctrl Pts',(4.23872511494828,-3.69692007065339,-0.938725234157571));
#2552=CARTESIAN_POINT('Ctrl Pts',(4.23872511494828,-3.69692007065339,-0.7));
#2553=CARTESIAN_POINT('Ctrl Pts',(4.31827358341512,-3.76794671409289,-0.7));
#2554=CARTESIAN_POINT('Ctrl Pts',(4.31827358341512,-3.76794671409289,-0.381726297375589));
#2555=CARTESIAN_POINT('Ctrl Pts',(3.99999988079071,-3.76794671409289,-0.381726297375589));
#2556=CARTESIAN_POINT('Ctrl Pts',(3.6817261781663,-3.76794671409289,-0.381726297375589));
#2557=CARTESIAN_POINT('Ctrl Pts',(3.6817261781663,-3.76794671409289,-0.7));
#2558=CARTESIAN_POINT('Ctrl Pts',(3.6817261781663,-3.76794671409289,-1.01827370262441));
#2559=CARTESIAN_POINT('Ctrl Pts',(3.99999988079071,-3.76794671409289,-1.01827370262441));
#2560=CARTESIAN_POINT('Ctrl Pts',(4.31827358341512,-3.76794671409289,-1.01827370262441));
#2561=CARTESIAN_POINT('Ctrl Pts',(4.31827358341512,-3.76794671409289,-0.7));
#2562=CARTESIAN_POINT('Ctrl Pts',(4.37522558274207,-3.76526563650158,-0.7));
#2563=CARTESIAN_POINT('Ctrl Pts',(4.37522558274207,-3.76526563650158,-0.324774298048646));
#2564=CARTESIAN_POINT('Ctrl Pts',(3.99999988079071,-3.76526563650158,-0.324774298048646));
#2565=CARTESIAN_POINT('Ctrl Pts',(3.62477417883936,-3.76526563650158,-0.324774298048646));
#2566=CARTESIAN_POINT('Ctrl Pts',(3.62477417883936,-3.76526563650158,-0.7));
#2567=CARTESIAN_POINT('Ctrl Pts',(3.62477417883936,-3.76526563650158,-1.07522570195135));
#2568=CARTESIAN_POINT('Ctrl Pts',(3.99999988079071,-3.76526563650158,-1.07522570195135));
#2569=CARTESIAN_POINT('Ctrl Pts',(4.37522558274207,-3.76526563650158,-1.07522570195135));
#2570=CARTESIAN_POINT('Ctrl Pts',(4.37522558274207,-3.76526563650158,-0.7));
#2571=CARTESIAN_POINT('Ctrl Pts',(4.41308784600888,-3.69761925861492,-0.7));
#2572=CARTESIAN_POINT('Ctrl Pts',(4.41308784600888,-3.69761925861492,-0.286912034781829));
#2573=CARTESIAN_POINT('Ctrl Pts',(3.99999988079071,-3.69761925861492,-0.286912034781829));
#2574=CARTESIAN_POINT('Ctrl Pts',(3.58691191557254,-3.69761925861492,-0.286912034781829));
#2575=CARTESIAN_POINT('Ctrl Pts',(3.58691191557254,-3.69761925861492,-0.7));
#2576=CARTESIAN_POINT('Ctrl Pts',(3.58691191557254,-3.69761925861492,-1.11308796521817));
#2577=CARTESIAN_POINT('Ctrl Pts',(3.99999988079071,-3.69761925861492,-1.11308796521817));
#2578=CARTESIAN_POINT('Ctrl Pts',(4.41308784600888,-3.69761925861492,-1.11308796521817));
#2579=CARTESIAN_POINT('Ctrl Pts',(4.41308784600888,-3.69761925861492,-0.7));
#2580=CARTESIAN_POINT('Ctrl Pts',(4.43771049861923,-3.57965442980851,-0.7));
#2581=CARTESIAN_POINT('Ctrl Pts',(4.43771049861923,-3.57965442980851,-0.262289382171484));
#2582=CARTESIAN_POINT('Ctrl Pts',(3.99999988079071,-3.57965442980851,-0.262289382171484));
#2583=CARTESIAN_POINT('Ctrl Pts',(3.56228926296219,-3.57965442980851,-0.262289382171484));
#2584=CARTESIAN_POINT('Ctrl Pts',(3.56228926296219,-3.57965442980851,-0.7));
#2585=CARTESIAN_POINT('Ctrl Pts',(3.56228926296219,-3.57965442980851,-1.13771061782852));
#2586=CARTESIAN_POINT('Ctrl Pts',(3.99999988079071,-3.57965442980851,-1.13771061782852));
#2587=CARTESIAN_POINT('Ctrl Pts',(4.43771049861923,-3.57965442980851,-1.13771061782852));
#2588=CARTESIAN_POINT('Ctrl Pts',(4.43771049861923,-3.57965442980851,-0.7));
#2589=CARTESIAN_POINT('Ctrl Pts',(4.45812629495069,-3.43398627535167,-0.7));
#2590=CARTESIAN_POINT('Ctrl Pts',(4.45812629495069,-3.43398627535167,-0.241873585840026));
#2591=CARTESIAN_POINT('Ctrl Pts',(3.99999988079071,-3.43398627535167,-0.241873585840026));
#2592=CARTESIAN_POINT('Ctrl Pts',(3.54187346663074,-3.43398627535167,-0.241873585840026));
#2593=CARTESIAN_POINT('Ctrl Pts',(3.54187346663074,-3.43398627535167,-0.7));
#2594=CARTESIAN_POINT('Ctrl Pts',(3.54187346663074,-3.43398627535167,-1.15812641415997));
#2595=CARTESIAN_POINT('Ctrl Pts',(3.99999988079071,-3.43398627535167,-1.15812641415997));
#2596=CARTESIAN_POINT('Ctrl Pts',(4.45812629495069,-3.43398627535167,-1.15812641415997));
#2597=CARTESIAN_POINT('Ctrl Pts',(4.45812629495069,-3.43398627535167,-0.7));
#2598=CARTESIAN_POINT('Ctrl Pts',(4.48462774138186,-3.28697647419551,-0.7));
#2599=CARTESIAN_POINT('Ctrl Pts',(4.48462774138186,-3.28697647419551,-0.215372139408852));
#2600=CARTESIAN_POINT('Ctrl Pts',(3.99999988079071,-3.28697647419551,-0.215372139408852));
#2601=CARTESIAN_POINT('Ctrl Pts',(3.51537202019956,-3.28697647419551,-0.215372139408852));
#2602=CARTESIAN_POINT('Ctrl Pts',(3.51537202019956,-3.28697647419551,-0.7));
#2603=CARTESIAN_POINT('Ctrl Pts',(3.51537202019956,-3.28697647419551,-1.18462786059115));
#2604=CARTESIAN_POINT('Ctrl Pts',(3.99999988079071,-3.28697647419551,-1.18462786059115));
#2605=CARTESIAN_POINT('Ctrl Pts',(4.48462774138186,-3.28697647419551,-1.18462786059115));
#2606=CARTESIAN_POINT('Ctrl Pts',(4.48462774138186,-3.28697647419551,-0.7));
#2607=CARTESIAN_POINT('Ctrl Pts',(4.52653955736961,-3.16378708182336,-0.7));
#2608=CARTESIAN_POINT('Ctrl Pts',(4.52653955736961,-3.16378708182336,-0.1734603234211));
#2609=CARTESIAN_POINT('Ctrl Pts',(3.99999988079071,-3.16378708182336,-0.1734603234211));
#2610=CARTESIAN_POINT('Ctrl Pts',(3.47346020421181,-3.16378708182336,-0.1734603234211));
#2611=CARTESIAN_POINT('Ctrl Pts',(3.47346020421181,-3.16378708182336,-0.7));
#2612=CARTESIAN_POINT('Ctrl Pts',(3.47346020421181,-3.16378708182336,-1.2265396765789));
#2613=CARTESIAN_POINT('Ctrl Pts',(3.99999988079071,-3.16378708182336,-1.2265396765789));
#2614=CARTESIAN_POINT('Ctrl Pts',(4.52653955736961,-3.16378708182336,-1.2265396765789));
#2615=CARTESIAN_POINT('Ctrl Pts',(4.52653955736961,-3.16378708182336,-0.7));
#2616=CARTESIAN_POINT('Ctrl Pts',(4.58993065710839,-3.08337189922046,-0.7));
#2617=CARTESIAN_POINT('Ctrl Pts',(4.58993065710839,-3.08337189922046,-0.110069223682326));
#2618=CARTESIAN_POINT('Ctrl Pts',(3.99999988079071,-3.08337189922046,-0.110069223682325));
#2619=CARTESIAN_POINT('Ctrl Pts',(3.41006910447304,-3.08337189922046,-0.110069223682326));
#2620=CARTESIAN_POINT('Ctrl Pts',(3.41006910447304,-3.08337189922046,-0.7));
#2621=CARTESIAN_POINT('Ctrl Pts',(3.41006910447304,-3.08337189922046,-1.28993077631767));
#2622=CARTESIAN_POINT('Ctrl Pts',(3.99999988079071,-3.08337189922046,-1.28993077631767));
#2623=CARTESIAN_POINT('Ctrl Pts',(4.58993065710839,-3.08337189922046,-1.28993077631767));
#2624=CARTESIAN_POINT('Ctrl Pts',(4.58993065710839,-3.08337189922046,-0.7));
#2625=CARTESIAN_POINT('Ctrl Pts',(4.67572009533879,-3.05419828716664,-0.7));
#2626=CARTESIAN_POINT('Ctrl Pts',(4.67572009533879,-3.05419828716664,-0.0242797854519195));
#2627=CARTESIAN_POINT('Ctrl Pts',(3.99999988079071,-3.05419828716664,-0.0242797854519191));
#2628=CARTESIAN_POINT('Ctrl Pts',(3.32427966624263,-3.05419828716664,-0.0242797854519195));
#2629=CARTESIAN_POINT('Ctrl Pts',(3.32427966624263,-3.05419828716664,-0.7));
#2630=CARTESIAN_POINT('Ctrl Pts',(3.32427966624263,-3.05419828716664,-1.37572021454808));
#2631=CARTESIAN_POINT('Ctrl Pts',(3.99999988079071,-3.05419828716664,-1.37572021454808));
#2632=CARTESIAN_POINT('Ctrl Pts',(4.67572009533879,-3.05419828716664,-1.37572021454808));
#2633=CARTESIAN_POINT('Ctrl Pts',(4.67572009533879,-3.05419828716664,-0.7));
#2634=CARTESIAN_POINT('Ctrl Pts',(4.77668368472591,-3.06787865644241,-0.7));
#2635=CARTESIAN_POINT('Ctrl Pts',(4.77668368472591,-3.06787865644241,0.0766838039352007));
#2636=CARTESIAN_POINT('Ctrl Pts',(3.99999988079071,-3.06787865644241,0.076683803935201));
#2637=CARTESIAN_POINT('Ctrl Pts',(3.22331607685551,-3.06787865644241,0.0766838039352007));
#2638=CARTESIAN_POINT('Ctrl Pts',(3.22331607685551,-3.06787865644241,-0.7));
#2639=CARTESIAN_POINT('Ctrl Pts',(3.22331607685551,-3.06787865644241,-1.4766838039352));
#2640=CARTESIAN_POINT('Ctrl Pts',(3.99999988079071,-3.06787865644241,-1.4766838039352));
#2641=CARTESIAN_POINT('Ctrl Pts',(4.77668368472591,-3.06787865644241,-1.4766838039352));
#2642=CARTESIAN_POINT('Ctrl Pts',(4.77668368472591,-3.06787865644241,-0.7));
#2643=CARTESIAN_POINT('Ctrl Pts',(4.87824336427084,-3.10001392274756,-0.7));
#2644=CARTESIAN_POINT('Ctrl Pts',(4.87824336427084,-3.10001392274756,0.178243483480125));
#2645=CARTESIAN_POINT('Ctrl Pts',(3.99999988079071,-3.10001392274756,0.178243483480125));
#2646=CARTESIAN_POINT('Ctrl Pts',(3.12175639731059,-3.10001392274756,0.178243483480125));
#2647=CARTESIAN_POINT('Ctrl Pts',(3.12175639731059,-3.10001392274756,-0.7));
#2648=CARTESIAN_POINT('Ctrl Pts',(3.12175639731059,-3.10001392274756,-1.57824348348012));
#2649=CARTESIAN_POINT('Ctrl Pts',(3.99999988079071,-3.10001392274756,-1.57824348348013));
#2650=CARTESIAN_POINT('Ctrl Pts',(4.87824336427084,-3.10001392274756,-1.57824348348012));
#2651=CARTESIAN_POINT('Ctrl Pts',(4.87824336427084,-3.10001392274756,-0.7));
#2652=CARTESIAN_POINT('Ctrl Pts',(4.96451021261258,-3.1210480957081,-0.7));
#2653=CARTESIAN_POINT('Ctrl Pts',(4.96451021261258,-3.1210480957081,0.26451033182187));
#2654=CARTESIAN_POINT('Ctrl Pts',(3.99999988079071,-3.1210480957081,0.26451033182187));
#2655=CARTESIAN_POINT('Ctrl Pts',(3.03548954896884,-3.1210480957081,0.26451033182187));
#2656=CARTESIAN_POINT('Ctrl Pts',(3.03548954896884,-3.1210480957081,-0.7));
#2657=CARTESIAN_POINT('Ctrl Pts',(3.03548954896884,-3.1210480957081,-1.66451033182187));
#2658=CARTESIAN_POINT('Ctrl Pts',(3.99999988079071,-3.1210480957081,-1.66451033182187));
#2659=CARTESIAN_POINT('Ctrl Pts',(4.96451021261258,-3.1210480957081,-1.66451033182187));
#2660=CARTESIAN_POINT('Ctrl Pts',(4.96451021261258,-3.1210480957081,-0.7));
#2661=CARTESIAN_POINT('Ctrl Pts',(5.02298720669075,-3.10457778021736,-0.7));
#2662=CARTESIAN_POINT('Ctrl Pts',(5.02298720669075,-3.10457778021736,0.322987325900038));
#2663=CARTESIAN_POINT('Ctrl Pts',(3.99999988079071,-3.10457778021736,0.322987325900038));
#2664=CARTESIAN_POINT('Ctrl Pts',(2.97701255489067,-3.10457778021736,0.322987325900038));
#2665=CARTESIAN_POINT('Ctrl Pts',(2.97701255489067,-3.10457778021736,-0.7));
#2666=CARTESIAN_POINT('Ctrl Pts',(2.97701255489067,-3.10457778021736,-1.72298732590004));
#2667=CARTESIAN_POINT('Ctrl Pts',(3.99999988079071,-3.10457778021736,-1.72298732590004));
#2668=CARTESIAN_POINT('Ctrl Pts',(5.02298720669075,-3.10457778021736,-1.72298732590004));
#2669=CARTESIAN_POINT('Ctrl Pts',(5.02298720669075,-3.10457778021736,-0.7));
#2670=CARTESIAN_POINT('Ctrl Pts',(5.04991066273454,-3.03683156207355,-0.7));
#2671=CARTESIAN_POINT('Ctrl Pts',(5.04991066273454,-3.03683156207355,0.349910781943824));
#2672=CARTESIAN_POINT('Ctrl Pts',(3.99999988079071,-3.03683156207355,0.349910781943825));
#2673=CARTESIAN_POINT('Ctrl Pts',(2.95008909884689,-3.03683156207355,0.349910781943824));
#2674=CARTESIAN_POINT('Ctrl Pts',(2.95008909884689,-3.03683156207355,-0.7));
#2675=CARTESIAN_POINT('Ctrl Pts',(2.95008909884689,-3.03683156207355,-1.74991078194382));
#2676=CARTESIAN_POINT('Ctrl Pts',(3.99999988079071,-3.03683156207355,-1.74991078194382));
#2677=CARTESIAN_POINT('Ctrl Pts',(5.04991066273454,-3.03683156207355,-1.74991078194382));
#2678=CARTESIAN_POINT('Ctrl Pts',(5.04991066273454,-3.03683156207355,-0.7));
#2679=CARTESIAN_POINT('Ctrl Pts',(5.05508698307684,-2.92529478683715,-0.7));
#2680=CARTESIAN_POINT('Ctrl Pts',(5.05508698307684,-2.92529478683715,0.355087102286128));
#2681=CARTESIAN_POINT('Ctrl Pts',(3.99999988079071,-2.92529478683715,0.355087102286128));
#2682=CARTESIAN_POINT('Ctrl Pts',(2.94491277850458,-2.92529478683715,0.355087102286128));
#2683=CARTESIAN_POINT('Ctrl Pts',(2.94491277850458,-2.92529478683715,-0.7));
#2684=CARTESIAN_POINT('Ctrl Pts',(2.94491277850458,-2.92529478683715,-1.75508710228613));
#2685=CARTESIAN_POINT('Ctrl Pts',(3.99999988079071,-2.92529478683715,-1.75508710228613));
#2686=CARTESIAN_POINT('Ctrl Pts',(5.05508698307684,-2.92529478683715,-1.75508710228613));
#2687=CARTESIAN_POINT('Ctrl Pts',(5.05508698307684,-2.92529478683715,-0.7));
#2688=CARTESIAN_POINT('Ctrl Pts',(5.05540682971565,-2.79050808500277,-0.7));
#2689=CARTESIAN_POINT('Ctrl Pts',(5.05540682971565,-2.79050808500277,0.35540694892494));
#2690=CARTESIAN_POINT('Ctrl Pts',(3.99999988079071,-2.79050808500277,0.35540694892494));
#2691=CARTESIAN_POINT('Ctrl Pts',(2.94459293186577,-2.79050808500277,0.35540694892494));
#2692=CARTESIAN_POINT('Ctrl Pts',(2.94459293186577,-2.79050808500277,-0.7));
#2693=CARTESIAN_POINT('Ctrl Pts',(2.94459293186577,-2.79050808500277,-1.75540694892494));
#2694=CARTESIAN_POINT('Ctrl Pts',(3.99999988079071,-2.79050808500277,-1.75540694892494));
#2695=CARTESIAN_POINT('Ctrl Pts',(5.05540682971565,-2.79050808500277,-1.75540694892494));
#2696=CARTESIAN_POINT('Ctrl Pts',(5.05540682971565,-2.79050808500277,-0.7));
#2697=CARTESIAN_POINT('Ctrl Pts',(5.06869756868023,-2.65831608625975,-0.7));
#2698=CARTESIAN_POINT('Ctrl Pts',(5.06869756868023,-2.65831608625975,0.368697687889523));
#2699=CARTESIAN_POINT('Ctrl Pts',(3.99999988079071,-2.65831608625975,0.368697687889523));
#2700=CARTESIAN_POINT('Ctrl Pts',(2.93130219290119,-2.65831608625975,0.368697687889523));
#2701=CARTESIAN_POINT('Ctrl Pts',(2.93130219290119,-2.65831608625975,-0.7));
#2702=CARTESIAN_POINT('Ctrl Pts',(2.93130219290119,-2.65831608625975,-1.76869768788952));
#2703=CARTESIAN_POINT('Ctrl Pts',(3.99999988079071,-2.65831608625975,-1.76869768788952));
#2704=CARTESIAN_POINT('Ctrl Pts',(5.06869756868023,-2.65831608625975,-1.76869768788952));
#2705=CARTESIAN_POINT('Ctrl Pts',(5.06869756868023,-2.65831608625975,-0.7));
#2706=CARTESIAN_POINT('Ctrl Pts',(5.10731397245865,-2.55183907642467,-0.7));
#2707=CARTESIAN_POINT('Ctrl Pts',(5.10731397245865,-2.55183907642467,0.407314091667935));
#2708=CARTESIAN_POINT('Ctrl Pts',(3.99999988079071,-2.55183907642467,0.407314091667936));
#2709=CARTESIAN_POINT('Ctrl Pts',(2.89268578912278,-2.55183907642467,0.407314091667935));
#2710=CARTESIAN_POINT('Ctrl Pts',(2.89268578912278,-2.55183907642467,-0.7));
#2711=CARTESIAN_POINT('Ctrl Pts',(2.89268578912278,-2.55183907642467,-1.80731409166794));
#2712=CARTESIAN_POINT('Ctrl Pts',(3.99999988079071,-2.55183907642467,-1.80731409166794));
#2713=CARTESIAN_POINT('Ctrl Pts',(5.10731397245865,-2.55183907642467,-1.80731409166794));
#2714=CARTESIAN_POINT('Ctrl Pts',(5.10731397245865,-2.55183907642467,-0.7));
#2715=CARTESIAN_POINT('Ctrl Pts',(5.17216246475519,-2.48386877093074,-0.7));
#2716=CARTESIAN_POINT('Ctrl Pts',(5.17216246475519,-2.48386877093074,0.472162583964482));
#2717=CARTESIAN_POINT('Ctrl Pts',(3.99999988079071,-2.48386877093074,0.472162583964482));
#2718=CARTESIAN_POINT('Ctrl Pts',(2.82783729682623,-2.48386877093074,0.472162583964482));
#2719=CARTESIAN_POINT('Ctrl Pts',(2.82783729682623,-2.48386877093074,-0.7));
#2720=CARTESIAN_POINT('Ctrl Pts',(2.82783729682623,-2.48386877093074,-1.87216258396448));
#2721=CARTESIAN_POINT('Ctrl Pts',(3.99999988079071,-2.48386877093074,-1.87216258396448));
#2722=CARTESIAN_POINT('Ctrl Pts',(5.17216246475519,-2.48386877093074,-1.87216258396448));
#2723=CARTESIAN_POINT('Ctrl Pts',(5.17216246475519,-2.48386877093074,-0.7));
#2724=CARTESIAN_POINT('Ctrl Pts',(5.24562367055571,-2.44823500621085,-0.7));
#2725=CARTESIAN_POINT('Ctrl Pts',(5.24562367055571,-2.44823500621085,0.545623789765004));
#2726=CARTESIAN_POINT('Ctrl Pts',(3.99999988079071,-2.44823500621085,0.545623789765004));
#2727=CARTESIAN_POINT('Ctrl Pts',(2.75437609102571,-2.44823500621085,0.545623789765004));
#2728=CARTESIAN_POINT('Ctrl Pts',(2.75437609102571,-2.44823500621085,-0.7));
#2729=CARTESIAN_POINT('Ctrl Pts',(2.75437609102571,-2.44823500621085,-1.945623789765));
#2730=CARTESIAN_POINT('Ctrl Pts',(3.99999988079071,-2.44823500621085,-1.945623789765));
#2731=CARTESIAN_POINT('Ctrl Pts',(5.24562367055571,-2.44823500621085,-1.945623789765));
#2732=CARTESIAN_POINT('Ctrl Pts',(5.24562367055571,-2.44823500621085,-0.7));
#2733=CARTESIAN_POINT('Ctrl Pts',(5.30144169330944,-2.42724847045291,-0.7));
#2734=CARTESIAN_POINT('Ctrl Pts',(5.30144169330944,-2.42724847045291,0.601441812518731));
#2735=CARTESIAN_POINT('Ctrl Pts',(3.99999988079071,-2.42724847045291,0.601441812518731));
#2736=CARTESIAN_POINT('Ctrl Pts',(2.69855806827198,-2.42724847045291,0.601441812518731));
#2737=CARTESIAN_POINT('Ctrl Pts',(2.69855806827198,-2.42724847045291,-0.7));
#2738=CARTESIAN_POINT('Ctrl Pts',(2.69855806827198,-2.42724847045291,-2.00144181251873));
#2739=CARTESIAN_POINT('Ctrl Pts',(3.99999988079071,-2.42724847045291,-2.00144181251873));
#2740=CARTESIAN_POINT('Ctrl Pts',(5.30144169330944,-2.42724847045291,-2.00144181251873));
#2741=CARTESIAN_POINT('Ctrl Pts',(5.30144169330944,-2.42724847045291,-0.7));
#2742=CARTESIAN_POINT('Ctrl Pts',(5.31534693927597,-2.39996804569615,-0.7));
#2743=CARTESIAN_POINT('Ctrl Pts',(5.31534693927597,-2.39996804569615,0.615347058485262));
#2744=CARTESIAN_POINT('Ctrl Pts',(3.99999988079071,-2.39996804569615,0.615347058485263));
#2745=CARTESIAN_POINT('Ctrl Pts',(2.68465282230545,-2.39996804569615,0.615347058485262));
#2746=CARTESIAN_POINT('Ctrl Pts',(2.68465282230545,-2.39996804569615,-0.7));
#2747=CARTESIAN_POINT('Ctrl Pts',(2.68465282230545,-2.39996804569615,-2.01534705848526));
#2748=CARTESIAN_POINT('Ctrl Pts',(3.99999988079071,-2.39996804569615,-2.01534705848526));
#2749=CARTESIAN_POINT('Ctrl Pts',(5.31534693927597,-2.39996804569615,-2.01534705848526));
#2750=CARTESIAN_POINT('Ctrl Pts',(5.31534693927597,-2.39996804569615,-0.7));
#2751=CARTESIAN_POINT('Ctrl Pts',(5.27625083187769,-2.35068015610265,-0.7));
#2752=CARTESIAN_POINT('Ctrl Pts',(5.27625083187769,-2.35068015610265,0.576250951086982));
#2753=CARTESIAN_POINT('Ctrl Pts',(3.99999988079071,-2.35068015610265,0.576250951086982));
#2754=CARTESIAN_POINT('Ctrl Pts',(2.72374892970373,-2.35068015610265,0.576250951086982));
#2755=CARTESIAN_POINT('Ctrl Pts',(2.72374892970373,-2.35068015610265,-0.7));
#2756=CARTESIAN_POINT('Ctrl Pts',(2.72374892970373,-2.35068015610265,-1.97625095108698));
#2757=CARTESIAN_POINT('Ctrl Pts',(3.99999988079071,-2.35068015610265,-1.97625095108698));
#2758=CARTESIAN_POINT('Ctrl Pts',(5.27625083187769,-2.35068015610265,-1.97625095108698));
#2759=CARTESIAN_POINT('Ctrl Pts',(5.27625083187769,-2.35068015610265,-0.7));
#2760=CARTESIAN_POINT('Ctrl Pts',(5.19482560369289,-2.27579332873952,-0.7));
#2761=CARTESIAN_POINT('Ctrl Pts',(5.19482560369289,-2.27579332873952,0.494825722902177));
#2762=CARTESIAN_POINT('Ctrl Pts',(3.99999988079071,-2.27579332873952,0.494825722902177));
#2763=CARTESIAN_POINT('Ctrl Pts',(2.80517415788853,-2.27579332873952,0.494825722902177));
#2764=CARTESIAN_POINT('Ctrl Pts',(2.80517415788853,-2.27579332873952,-0.7));
#2765=CARTESIAN_POINT('Ctrl Pts',(2.80517415788853,-2.27579332873952,-1.89482572290218));
#2766=CARTESIAN_POINT('Ctrl Pts',(3.99999988079071,-2.27579332873952,-1.89482572290218));
#2767=CARTESIAN_POINT('Ctrl Pts',(5.19482560369289,-2.27579332873952,-1.89482572290218));
#2768=CARTESIAN_POINT('Ctrl Pts',(5.19482560369289,-2.27579332873952,-0.7));
#2769=CARTESIAN_POINT('Ctrl Pts',(5.09399631716874,-2.17939585607784,-0.7));
#2770=CARTESIAN_POINT('Ctrl Pts',(5.09399631716874,-2.17939585607784,0.393996436378033));
#2771=CARTESIAN_POINT('Ctrl Pts',(3.99999988079071,-2.17939585607784,0.393996436378033));
#2772=CARTESIAN_POINT('Ctrl Pts',(2.90600344441268,-2.17939585607784,0.393996436378033));
#2773=CARTESIAN_POINT('Ctrl Pts',(2.90600344441268,-2.17939585607784,-0.7));
#2774=CARTESIAN_POINT('Ctrl Pts',(2.90600344441268,-2.17939585607784,-1.79399643637803));
#2775=CARTESIAN_POINT('Ctrl Pts',(3.99999988079071,-2.17939585607784,-1.79399643637803));
#2776=CARTESIAN_POINT('Ctrl Pts',(5.09399631716874,-2.17939585607784,-1.79399643637803));
#2777=CARTESIAN_POINT('Ctrl Pts',(5.09399631716874,-2.17939585607784,-0.7));
#2778=CARTESIAN_POINT('Ctrl Pts',(5.00150116847881,-2.07011207291239,-0.7));
#2779=CARTESIAN_POINT('Ctrl Pts',(5.00150116847881,-2.07011207291239,0.301501287688101));
#2780=CARTESIAN_POINT('Ctrl Pts',(3.99999988079071,-2.07011207291239,0.301501287688101));
#2781=CARTESIAN_POINT('Ctrl Pts',(2.99849859310261,-2.07011207291239,0.301501287688101));
#2782=CARTESIAN_POINT('Ctrl Pts',(2.99849859310261,-2.07011207291239,-0.7));
#2783=CARTESIAN_POINT('Ctrl Pts',(2.99849859310261,-2.07011207291239,-1.7015012876881));
#2784=CARTESIAN_POINT('Ctrl Pts',(3.99999988079071,-2.07011207291239,-1.7015012876881));
#2785=CARTESIAN_POINT('Ctrl Pts',(5.00150116847881,-2.07011207291239,-1.7015012876881));
#2786=CARTESIAN_POINT('Ctrl Pts',(5.00150116847881,-2.07011207291239,-0.7));
#2787=CARTESIAN_POINT('Ctrl Pts',(4.94162231123659,-1.95745128114863,-0.7));
#2788=CARTESIAN_POINT('Ctrl Pts',(4.94162231123659,-1.95745128114863,0.24162243044588));
#2789=CARTESIAN_POINT('Ctrl Pts',(3.99999988079071,-1.95745128114863,0.24162243044588));
#2790=CARTESIAN_POINT('Ctrl Pts',(3.05837745034483,-1.95745128114863,0.24162243044588));
#2791=CARTESIAN_POINT('Ctrl Pts',(3.05837745034483,-1.95745128114863,-0.7));
#2792=CARTESIAN_POINT('Ctrl Pts',(3.05837745034483,-1.95745128114863,-1.64162243044588));
#2793=CARTESIAN_POINT('Ctrl Pts',(3.99999988079071,-1.95745128114863,-1.64162243044588));
#2794=CARTESIAN_POINT('Ctrl Pts',(4.94162231123659,-1.95745128114863,-1.64162243044588));
#2795=CARTESIAN_POINT('Ctrl Pts',(4.94162231123659,-1.95745128114863,-0.7));
#2796=CARTESIAN_POINT('Ctrl Pts',(4.92738343158582,-1.84842665079284,-0.7));
#2797=CARTESIAN_POINT('Ctrl Pts',(4.92738343158582,-1.84842665079284,0.227383550795112));
#2798=CARTESIAN_POINT('Ctrl Pts',(3.99999988079071,-1.84842665079284,0.227383550795112));
#2799=CARTESIAN_POINT('Ctrl Pts',(3.0726163299956,-1.84842665079284,0.227383550795112));
#2800=CARTESIAN_POINT('Ctrl Pts',(3.0726163299956,-1.84842665079284,-0.7));
#2801=CARTESIAN_POINT('Ctrl Pts',(3.0726163299956,-1.84842665079284,-1.62738355079511));
#2802=CARTESIAN_POINT('Ctrl Pts',(3.99999988079071,-1.84842665079284,-1.62738355079511));
#2803=CARTESIAN_POINT('Ctrl Pts',(4.92738343158582,-1.84842665079284,-1.62738355079511));
#2804=CARTESIAN_POINT('Ctrl Pts',(4.92738343158582,-1.84842665079284,-0.7));
#2805=CARTESIAN_POINT('Ctrl Pts',(4.95220411265986,-1.74392345225468,-0.7));
#2806=CARTESIAN_POINT('Ctrl Pts',(4.95220411265986,-1.74392345225468,0.252204231869149));
#2807=CARTESIAN_POINT('Ctrl Pts',(3.99999988079071,-1.74392345225468,0.252204231869149));
#2808=CARTESIAN_POINT('Ctrl Pts',(3.04779564892156,-1.74392345225468,0.252204231869149));
#2809=CARTESIAN_POINT('Ctrl Pts',(3.04779564892156,-1.74392345225468,-0.7));
#2810=CARTESIAN_POINT('Ctrl Pts',(3.04779564892156,-1.74392345225468,-1.65220423186915));
#2811=CARTESIAN_POINT('Ctrl Pts',(3.99999988079071,-1.74392345225468,-1.65220423186915));
#2812=CARTESIAN_POINT('Ctrl Pts',(4.95220411265986,-1.74392345225468,-1.65220423186915));
#2813=CARTESIAN_POINT('Ctrl Pts',(4.95220411265986,-1.74392345225468,-0.7));
#2814=CARTESIAN_POINT('Ctrl Pts',(4.9967678918224,-1.64129601726476,-0.7));
#2815=CARTESIAN_POINT('Ctrl Pts',(4.9967678918224,-1.64129601726476,0.296768011031684));
#2816=CARTESIAN_POINT('Ctrl Pts',(3.99999988079071,-1.64129601726476,0.296768011031684));
#2817=CARTESIAN_POINT('Ctrl Pts',(3.00323186975903,-1.64129601726476,0.296768011031684));
#2818=CARTESIAN_POINT('Ctrl Pts',(3.00323186975903,-1.64129601726476,-0.7));
#2819=CARTESIAN_POINT('Ctrl Pts',(3.00323186975903,-1.64129601726476,-1.69676801103168));
#2820=CARTESIAN_POINT('Ctrl Pts',(3.99999988079071,-1.64129601726476,-1.69676801103168));
#2821=CARTESIAN_POINT('Ctrl Pts',(4.9967678918224,-1.64129601726476,-1.69676801103168));
#2822=CARTESIAN_POINT('Ctrl Pts',(4.9967678918224,-1.64129601726476,-0.7));
#2823=CARTESIAN_POINT('Ctrl Pts',(5.03614833497131,-1.53705885178901,-0.7));
#2824=CARTESIAN_POINT('Ctrl Pts',(5.03614833497131,-1.53705885178901,0.336148454180601));
#2825=CARTESIAN_POINT('Ctrl Pts',(3.99999988079071,-1.53705885178901,0.336148454180602));
#2826=CARTESIAN_POINT('Ctrl Pts',(2.96385142661011,-1.53705885178901,0.336148454180601));
#2827=CARTESIAN_POINT('Ctrl Pts',(2.96385142661011,-1.53705885178901,-0.7));
#2828=CARTESIAN_POINT('Ctrl Pts',(2.96385142661011,-1.53705885178901,-1.7361484541806));
#2829=CARTESIAN_POINT('Ctrl Pts',(3.99999988079071,-1.53705885178901,-1.7361484541806));
#2830=CARTESIAN_POINT('Ctrl Pts',(5.03614833497131,-1.53705885178901,-1.7361484541806));
#2831=CARTESIAN_POINT('Ctrl Pts',(5.03614833497131,-1.53705885178901,-0.7));
#2832=CARTESIAN_POINT('Ctrl Pts',(5.04697377812046,-1.42961923249943,-0.7));
#2833=CARTESIAN_POINT('Ctrl Pts',(5.04697377812046,-1.42961923249943,0.34697389732975));
#2834=CARTESIAN_POINT('Ctrl Pts',(3.99999988079071,-1.42961923249943,0.34697389732975));
#2835=CARTESIAN_POINT('Ctrl Pts',(2.95302598346096,-1.42961923249943,0.34697389732975));
#2836=CARTESIAN_POINT('Ctrl Pts',(2.95302598346096,-1.42961923249943,-0.7));
#2837=CARTESIAN_POINT('Ctrl Pts',(2.95302598346096,-1.42961923249943,-1.74697389732975));
#2838=CARTESIAN_POINT('Ctrl Pts',(3.99999988079071,-1.42961923249943,-1.74697389732975));
#2839=CARTESIAN_POINT('Ctrl Pts',(5.04697377812046,-1.42961923249943,-1.74697389732975));
#2840=CARTESIAN_POINT('Ctrl Pts',(5.04697377812046,-1.42961923249943,-0.7));
#2841=CARTESIAN_POINT('Ctrl Pts',(5.01422457686714,-1.32181367045512,-0.7));
#2842=CARTESIAN_POINT('Ctrl Pts',(5.01422457686714,-1.32181367045512,0.314224696076432));
#2843=CARTESIAN_POINT('Ctrl Pts',(3.99999988079071,-1.32181367045512,0.314224696076432));
#2844=CARTESIAN_POINT('Ctrl Pts',(2.98577518471428,-1.32181367045512,0.314224696076432));
#2845=CARTESIAN_POINT('Ctrl Pts',(2.98577518471428,-1.32181367045512,-0.7));
#2846=CARTESIAN_POINT('Ctrl Pts',(2.98577518471428,-1.32181367045512,-1.71422469607643));
#2847=CARTESIAN_POINT('Ctrl Pts',(3.99999988079071,-1.32181367045512,-1.71422469607643));
#2848=CARTESIAN_POINT('Ctrl Pts',(5.01422457686714,-1.32181367045512,-1.71422469607643));
#2849=CARTESIAN_POINT('Ctrl Pts',(5.01422457686714,-1.32181367045512,-0.7));
#2850=CARTESIAN_POINT('Ctrl Pts',(4.93913681795274,-1.22402233035966,-0.7));
#2851=CARTESIAN_POINT('Ctrl Pts',(4.93913681795274,-1.22402233035966,0.23913693716203));
#2852=CARTESIAN_POINT('Ctrl Pts',(3.99999988079071,-1.22402233035966,0.239136937162031));
#2853=CARTESIAN_POINT('Ctrl Pts',(3.06086294362868,-1.22402233035966,0.23913693716203));
#2854=CARTESIAN_POINT('Ctrl Pts',(3.06086294362868,-1.22402233035966,-0.7));
#2855=CARTESIAN_POINT('Ctrl Pts',(3.06086294362868,-1.22402233035966,-1.63913693716203));
#2856=CARTESIAN_POINT('Ctrl Pts',(3.99999988079071,-1.22402233035966,-1.63913693716203));
#2857=CARTESIAN_POINT('Ctrl Pts',(4.93913681795274,-1.22402233035966,-1.63913693716203));
#2858=CARTESIAN_POINT('Ctrl Pts',(4.93913681795274,-1.22402233035966,-0.7));
#2859=CARTESIAN_POINT('Ctrl Pts',(4.83479883596575,-1.15088763724896,-0.7));
#2860=CARTESIAN_POINT('Ctrl Pts',(4.83479883596575,-1.15088763724896,0.13479895517504));
#2861=CARTESIAN_POINT('Ctrl Pts',(3.99999988079071,-1.15088763724896,0.134798955175041));
#2862=CARTESIAN_POINT('Ctrl Pts',(3.16520092561567,-1.15088763724896,0.13479895517504));
#2863=CARTESIAN_POINT('Ctrl Pts',(3.16520092561567,-1.15088763724896,-0.7));
#2864=CARTESIAN_POINT('Ctrl Pts',(3.16520092561567,-1.15088763724896,-1.53479895517504));
#2865=CARTESIAN_POINT('Ctrl Pts',(3.99999988079071,-1.15088763724896,-1.53479895517504));
#2866=CARTESIAN_POINT('Ctrl Pts',(4.83479883596575,-1.15088763724896,-1.53479895517504));
#2867=CARTESIAN_POINT('Ctrl Pts',(4.83479883596575,-1.15088763724896,-0.7));
#2868=CARTESIAN_POINT('Ctrl Pts',(4.72029958269612,-1.11727838978389,-0.7));
#2869=CARTESIAN_POINT('Ctrl Pts',(4.72029958269612,-1.11727838978389,0.0202997019054065));
#2870=CARTESIAN_POINT('Ctrl Pts',(3.99999988079071,-1.11727838978389,0.0202997019054068));
#2871=CARTESIAN_POINT('Ctrl Pts',(3.2797001788853,-1.11727838978389,0.0202997019054065));
#2872=CARTESIAN_POINT('Ctrl Pts',(3.2797001788853,-1.11727838978389,-0.7));
#2873=CARTESIAN_POINT('Ctrl Pts',(3.2797001788853,-1.11727838978389,-1.42029970190541));
#2874=CARTESIAN_POINT('Ctrl Pts',(3.99999988079071,-1.11727838978389,-1.42029970190541));
#2875=CARTESIAN_POINT('Ctrl Pts',(4.72029958269612,-1.11727838978389,-1.42029970190541));
#2876=CARTESIAN_POINT('Ctrl Pts',(4.72029958269612,-1.11727838978389,-0.7));
#2877=CARTESIAN_POINT('Ctrl Pts',(4.61540644459003,-1.13451902117087,-0.7));
#2878=CARTESIAN_POINT('Ctrl Pts',(4.61540644459003,-1.13451902117087,-0.0845934362006809));
#2879=CARTESIAN_POINT('Ctrl Pts',(3.99999988079071,-1.13451902117087,-0.0845934362006805));
#2880=CARTESIAN_POINT('Ctrl Pts',(3.38459331699139,-1.13451902117087,-0.0845934362006809));
#2881=CARTESIAN_POINT('Ctrl Pts',(3.38459331699139,-1.13451902117087,-0.7));
#2882=CARTESIAN_POINT('Ctrl Pts',(3.38459331699139,-1.13451902117087,-1.31540656379932));
#2883=CARTESIAN_POINT('Ctrl Pts',(3.99999988079071,-1.13451902117087,-1.31540656379932));
#2884=CARTESIAN_POINT('Ctrl Pts',(4.61540644459003,-1.13451902117087,-1.31540656379932));
#2885=CARTESIAN_POINT('Ctrl Pts',(4.61540644459003,-1.13451902117087,-0.7));
#2886=CARTESIAN_POINT('Ctrl Pts',(4.53504197697697,-1.20651342390588,-0.7));
#2887=CARTESIAN_POINT('Ctrl Pts',(4.53504197697697,-1.20651342390588,-0.164957903813742));
#2888=CARTESIAN_POINT('Ctrl Pts',(3.99999988079071,-1.20651342390588,-0.164957903813742));
#2889=CARTESIAN_POINT('Ctrl Pts',(3.46495778460445,-1.20651342390588,-0.164957903813742));
#2890=CARTESIAN_POINT('Ctrl Pts',(3.46495778460445,-1.20651342390588,-0.7));
#2891=CARTESIAN_POINT('Ctrl Pts',(3.46495778460445,-1.20651342390588,-1.23504209618626));
#2892=CARTESIAN_POINT('Ctrl Pts',(3.99999988079071,-1.20651342390588,-1.23504209618626));
#2893=CARTESIAN_POINT('Ctrl Pts',(4.53504197697697,-1.20651342390588,-1.23504209618626));
#2894=CARTESIAN_POINT('Ctrl Pts',(4.53504197697697,-1.20651342390588,-0.7));
#2895=CARTESIAN_POINT('Ctrl Pts',(4.48379612590972,-1.3258572396035,-0.7));
#2896=CARTESIAN_POINT('Ctrl Pts',(4.48379612590972,-1.3258572396035,-0.216203754880993));
#2897=CARTESIAN_POINT('Ctrl Pts',(3.99999988079071,-1.3258572396035,-0.216203754880993));
#2898=CARTESIAN_POINT('Ctrl Pts',(3.5162036356717,-1.3258572396035,-0.216203754880993));
#2899=CARTESIAN_POINT('Ctrl Pts',(3.5162036356717,-1.3258572396035,-0.7));
#2900=CARTESIAN_POINT('Ctrl Pts',(3.5162036356717,-1.3258572396035,-1.18379624511901));
#2901=CARTESIAN_POINT('Ctrl Pts',(3.99999988079071,-1.3258572396035,-1.18379624511901));
#2902=CARTESIAN_POINT('Ctrl Pts',(4.48379612590972,-1.3258572396035,-1.18379624511901));
#2903=CARTESIAN_POINT('Ctrl Pts',(4.48379612590972,-1.3258572396035,-0.7));
#2904=CARTESIAN_POINT('Ctrl Pts',(4.45833257247345,-1.47687828075253,-0.7));
#2905=CARTESIAN_POINT('Ctrl Pts',(4.45833257247345,-1.47687828075253,-0.241667308317262));
#2906=CARTESIAN_POINT('Ctrl Pts',(3.99999988079071,-1.47687828075253,-0.241667308317262));
#2907=CARTESIAN_POINT('Ctrl Pts',(3.54166718910797,-1.47687828075253,-0.241667308317262));
#2908=CARTESIAN_POINT('Ctrl Pts',(3.54166718910797,-1.47687828075253,-0.7));
#2909=CARTESIAN_POINT('Ctrl Pts',(3.54166718910797,-1.47687828075253,-1.15833269168274));
#2910=CARTESIAN_POINT('Ctrl Pts',(3.99999988079071,-1.47687828075253,-1.15833269168274));
#2911=CARTESIAN_POINT('Ctrl Pts',(4.45833257247345,-1.47687828075253,-1.15833269168274));
#2912=CARTESIAN_POINT('Ctrl Pts',(4.45833257247345,-1.47687828075253,-0.7));
#2913=CARTESIAN_POINT('Ctrl Pts',(4.4498261565559,-1.63868616770507,-0.7));
#2914=CARTESIAN_POINT('Ctrl Pts',(4.4498261565559,-1.63868616770507,-0.250173724234806));
#2915=CARTESIAN_POINT('Ctrl Pts',(3.99999988079071,-1.63868616770507,-0.250173724234806));
#2916=CARTESIAN_POINT('Ctrl Pts',(3.55017360502552,-1.63868616770507,-0.250173724234806));
#2917=CARTESIAN_POINT('Ctrl Pts',(3.55017360502552,-1.63868616770507,-0.7));
#2918=CARTESIAN_POINT('Ctrl Pts',(3.55017360502552,-1.63868616770507,-1.14982627576519));
#2919=CARTESIAN_POINT('Ctrl Pts',(3.99999988079071,-1.63868616770507,-1.14982627576519));
#2920=CARTESIAN_POINT('Ctrl Pts',(4.4498261565559,-1.63868616770507,-1.14982627576519));
#2921=CARTESIAN_POINT('Ctrl Pts',(4.4498261565559,-1.63868616770507,-0.7));
#2922=CARTESIAN_POINT('Ctrl Pts',(4.44640488886674,-1.7882479053647,-0.7));
#2923=CARTESIAN_POINT('Ctrl Pts',(4.44640488886674,-1.7882479053647,-0.253594991923975));
#2924=CARTESIAN_POINT('Ctrl Pts',(3.99999988079071,-1.7882479053647,-0.253594991923975));
#2925=CARTESIAN_POINT('Ctrl Pts',(3.55359487271469,-1.7882479053647,-0.253594991923975));
#2926=CARTESIAN_POINT('Ctrl Pts',(3.55359487271469,-1.7882479053647,-0.7));
#2927=CARTESIAN_POINT('Ctrl Pts',(3.55359487271469,-1.7882479053647,-1.14640500807602));
#2928=CARTESIAN_POINT('Ctrl Pts',(3.99999988079071,-1.7882479053647,-1.14640500807602));
#2929=CARTESIAN_POINT('Ctrl Pts',(4.44640488886674,-1.7882479053647,-1.14640500807602));
#2930=CARTESIAN_POINT('Ctrl Pts',(4.44640488886674,-1.7882479053647,-0.7));
#2931=CARTESIAN_POINT('Ctrl Pts',(4.4355013099636,-1.9033369788964,-0.7));
#2932=CARTESIAN_POINT('Ctrl Pts',(4.4355013099636,-1.9033369788964,-0.264498570827115));
#2933=CARTESIAN_POINT('Ctrl Pts',(3.99999988079071,-1.9033369788964,-0.264498570827115));
#2934=CARTESIAN_POINT('Ctrl Pts',(3.56449845161783,-1.9033369788964,-0.264498570827115));
#2935=CARTESIAN_POINT('Ctrl Pts',(3.56449845161783,-1.9033369788964,-0.7));
#2936=CARTESIAN_POINT('Ctrl Pts',(3.56449845161783,-1.9033369788964,-1.13550142917288));
#2937=CARTESIAN_POINT('Ctrl Pts',(3.99999988079071,-1.9033369788964,-1.13550142917288));
#2938=CARTESIAN_POINT('Ctrl Pts',(4.4355013099636,-1.9033369788964,-1.13550142917288));
#2939=CARTESIAN_POINT('Ctrl Pts',(4.4355013099636,-1.9033369788964,-0.7));
#2940=CARTESIAN_POINT('Ctrl Pts',(4.40642419591598,-1.96579107560468,-0.7));
#2941=CARTESIAN_POINT('Ctrl Pts',(4.40642419591598,-1.96579107560468,-0.29357568487473));
#2942=CARTESIAN_POINT('Ctrl Pts',(3.99999988079071,-1.96579107560468,-0.29357568487473));
#2943=CARTESIAN_POINT('Ctrl Pts',(3.59357556566544,-1.96579107560468,-0.29357568487473));
#2944=CARTESIAN_POINT('Ctrl Pts',(3.59357556566544,-1.96579107560468,-0.7));
#2945=CARTESIAN_POINT('Ctrl Pts',(3.59357556566544,-1.96579107560468,-1.10642431512527));
#2946=CARTESIAN_POINT('Ctrl Pts',(3.99999988079071,-1.96579107560468,-1.10642431512527));
#2947=CARTESIAN_POINT('Ctrl Pts',(4.40642419591598,-1.96579107560468,-1.10642431512527));
#2948=CARTESIAN_POINT('Ctrl Pts',(4.40642419591598,-1.96579107560468,-0.7));
#2949=CARTESIAN_POINT('Ctrl Pts',(4.35227661531168,-1.96387601360331,-0.7));
#2950=CARTESIAN_POINT('Ctrl Pts',(4.35227661531168,-1.96387601360331,-0.347723265479032));
#2951=CARTESIAN_POINT('Ctrl Pts',(3.99999988079071,-1.96387601360331,-0.347723265479032));
#2952=CARTESIAN_POINT('Ctrl Pts',(3.64772314626974,-1.96387601360331,-0.347723265479032));
#2953=CARTESIAN_POINT('Ctrl Pts',(3.64772314626974,-1.96387601360331,-0.7));
#2954=CARTESIAN_POINT('Ctrl Pts',(3.64772314626974,-1.96387601360331,-1.05227673452097));
#2955=CARTESIAN_POINT('Ctrl Pts',(3.99999988079071,-1.96387601360331,-1.05227673452097));
#2956=CARTESIAN_POINT('Ctrl Pts',(4.35227661531168,-1.96387601360331,-1.05227673452097));
#2957=CARTESIAN_POINT('Ctrl Pts',(4.35227661531168,-1.96387601360331,-0.7));
#2958=CARTESIAN_POINT('Ctrl Pts',(4.26891977551682,-1.89060361122239,-0.7));
#2959=CARTESIAN_POINT('Ctrl Pts',(4.26891977551682,-1.89060361122239,-0.431080105273887));
#2960=CARTESIAN_POINT('Ctrl Pts',(3.99999988079071,-1.89060361122239,-0.431080105273887));
#2961=CARTESIAN_POINT('Ctrl Pts',(3.7310799860646,-1.89060361122239,-0.431080105273887));
#2962=CARTESIAN_POINT('Ctrl Pts',(3.7310799860646,-1.89060361122239,-0.7));
#2963=CARTESIAN_POINT('Ctrl Pts',(3.7310799860646,-1.89060361122239,-0.968919894726113));
#2964=CARTESIAN_POINT('Ctrl Pts',(3.99999988079071,-1.89060361122239,-0.968919894726113));
#2965=CARTESIAN_POINT('Ctrl Pts',(4.26891977551682,-1.89060361122239,-0.968919894726113));
#2966=CARTESIAN_POINT('Ctrl Pts',(4.26891977551682,-1.89060361122239,-0.7));
#2967=CARTESIAN_POINT('Ctrl Pts',(4.17726842929891,-1.77222135426765,-0.7));
#2968=CARTESIAN_POINT('Ctrl Pts',(4.17726842929891,-1.77222135426765,-0.522731451491799));
#2969=CARTESIAN_POINT('Ctrl Pts',(3.99999988079071,-1.77222135426765,-0.522731451491799));
#2970=CARTESIAN_POINT('Ctrl Pts',(3.82273133228251,-1.77222135426765,-0.522731451491799));
#2971=CARTESIAN_POINT('Ctrl Pts',(3.82273133228251,-1.77222135426765,-0.7));
#2972=CARTESIAN_POINT('Ctrl Pts',(3.82273133228251,-1.77222135426765,-0.877268548508201));
#2973=CARTESIAN_POINT('Ctrl Pts',(3.99999988079071,-1.77222135426765,-0.877268548508201));
#2974=CARTESIAN_POINT('Ctrl Pts',(4.17726842929891,-1.77222135426765,-0.877268548508201));
#2975=CARTESIAN_POINT('Ctrl Pts',(4.17726842929891,-1.77222135426765,-0.7));
#2976=CARTESIAN_POINT('Ctrl Pts',(4.09420208264292,-1.6493547765909,-0.7));
#2977=CARTESIAN_POINT('Ctrl Pts',(4.09420208264292,-1.6493547765909,-0.605797798147794));
#2978=CARTESIAN_POINT('Ctrl Pts',(3.99999988079071,-1.6493547765909,-0.605797798147794));
#2979=CARTESIAN_POINT('Ctrl Pts',(3.90579767893851,-1.6493547765909,-0.605797798147794));
#2980=CARTESIAN_POINT('Ctrl Pts',(3.90579767893851,-1.6493547765909,-0.7));
#2981=CARTESIAN_POINT('Ctrl Pts',(3.90579767893851,-1.6493547765909,-0.794202201852206));
#2982=CARTESIAN_POINT('Ctrl Pts',(3.99999988079071,-1.6493547765909,-0.794202201852206));
#2983=CARTESIAN_POINT('Ctrl Pts',(4.09420208264292,-1.6493547765909,-0.794202201852206));
#2984=CARTESIAN_POINT('Ctrl Pts',(4.09420208264292,-1.6493547765909,-0.7));
#2985=CARTESIAN_POINT('Ctrl Pts',(4.03246118722131,-1.55230758894688,-0.7));
#2986=CARTESIAN_POINT('Ctrl Pts',(4.03246118722131,-1.55230758894688,-0.667538693569397));
#2987=CARTESIAN_POINT('Ctrl Pts',(3.99999988079071,-1.55230758894688,-0.667538693569397));
#2988=CARTESIAN_POINT('Ctrl Pts',(3.96753857436011,-1.55230758894688,-0.667538693569397));
#2989=CARTESIAN_POINT('Ctrl Pts',(3.96753857436011,-1.55230758894688,-0.7));
#2990=CARTESIAN_POINT('Ctrl Pts',(3.96753857436011,-1.55230758894688,-0.732461306430603));
#2991=CARTESIAN_POINT('Ctrl Pts',(3.99999988079071,-1.55230758894688,-0.732461306430603));
#2992=CARTESIAN_POINT('Ctrl Pts',(4.03246118722131,-1.55230758894688,-0.732461306430603));
#2993=CARTESIAN_POINT('Ctrl Pts',(4.03246118722131,-1.55230758894688,-0.7));
#2994=CARTESIAN_POINT('Ctrl Pts',(3.99999988079071,-1.49999992549419,-0.7));
#2995=CARTESIAN_POINT('Ctrl Pts',(3.99999988079071,-1.49999992549419,-0.7));
#2996=CARTESIAN_POINT('Ctrl Pts',(3.99999988079071,-1.49999992549419,-0.7));
#2997=CARTESIAN_POINT('Ctrl Pts',(3.99999988079071,-1.49999992549419,-0.7));
#2998=CARTESIAN_POINT('Ctrl Pts',(3.99999988079071,-1.49999992549419,-0.7));
#2999=CARTESIAN_POINT('Ctrl Pts',(3.99999988079071,-1.49999992549419,-0.7));
#3000=CARTESIAN_POINT('Ctrl Pts',(3.99999988079071,-1.49999992549419,-0.7));
#3001=CARTESIAN_POINT('Ctrl Pts',(3.99999988079071,-1.49999992549419,-0.7));
#3002=CARTESIAN_POINT('Ctrl Pts',(3.99999988079071,-1.49999992549419,-0.7));
#3003=CARTESIAN_POINT('',(3.99999988079071,-3.29999995231628,-0.7));
#3004=CARTESIAN_POINT('',(3.99999988079071,-1.49999992549419,-0.7));
#3005=CARTESIAN_POINT('Ctrl Pts',(3.99999988079071,-3.29999995231628,-0.7));
#3006=CARTESIAN_POINT('Ctrl Pts',(4.02821648315864,-3.35355174012474,-0.7));
#3007=CARTESIAN_POINT('Ctrl Pts',(4.08216793922605,-3.45273727524531,-0.7));
#3008=CARTESIAN_POINT('Ctrl Pts',(4.15564998925554,-3.57776170964307,-0.7));
#3009=CARTESIAN_POINT('Ctrl Pts',(4.23872511494828,-3.69692007065339,-0.7));
#3010=CARTESIAN_POINT('Ctrl Pts',(4.31827358341512,-3.76794671409289,-0.7));
#3011=CARTESIAN_POINT('Ctrl Pts',(4.37522558274207,-3.76526563650158,-0.7));
#3012=CARTESIAN_POINT('Ctrl Pts',(4.41308784600888,-3.69761925861492,-0.7));
#3013=CARTESIAN_POINT('Ctrl Pts',(4.43771049861923,-3.57965442980851,-0.7));
#3014=CARTESIAN_POINT('Ctrl Pts',(4.45812629495069,-3.43398627535167,-0.7));
#3015=CARTESIAN_POINT('Ctrl Pts',(4.48462774138186,-3.28697647419551,-0.7));
#3016=CARTESIAN_POINT('Ctrl Pts',(4.52653955736961,-3.16378708182336,-0.7));
#3017=CARTESIAN_POINT('Ctrl Pts',(4.58993065710839,-3.08337189922046,-0.7));
#3018=CARTESIAN_POINT('Ctrl Pts',(4.67572009533879,-3.05419828716664,-0.7));
#3019=CARTESIAN_POINT('Ctrl Pts',(4.77668368472591,-3.06787865644241,-0.7));
#3020=CARTESIAN_POINT('Ctrl Pts',(4.87824336427084,-3.10001392274756,-0.7));
#3021=CARTESIAN_POINT('Ctrl Pts',(4.96451021261258,-3.1210480957081,-0.7));
#3022=CARTESIAN_POINT('Ctrl Pts',(5.02298720669075,-3.10457778021736,-0.7));
#3023=CARTESIAN_POINT('Ctrl Pts',(5.04991066273454,-3.03683156207355,-0.7));
#3024=CARTESIAN_POINT('Ctrl Pts',(5.05508698307684,-2.92529478683715,-0.7));
#3025=CARTESIAN_POINT('Ctrl Pts',(5.05540682971565,-2.79050808500277,-0.7));
#3026=CARTESIAN_POINT('Ctrl Pts',(5.06869756868023,-2.65831608625975,-0.7));
#3027=CARTESIAN_POINT('Ctrl Pts',(5.10731397245865,-2.55183907642467,-0.7));
#3028=CARTESIAN_POINT('Ctrl Pts',(5.17216246475519,-2.48386877093074,-0.7));
#3029=CARTESIAN_POINT('Ctrl Pts',(5.24562367055571,-2.44823500621085,-0.7));
#3030=CARTESIAN_POINT('Ctrl Pts',(5.30144169330944,-2.42724847045291,-0.7));
#3031=CARTESIAN_POINT('Ctrl Pts',(5.31534693927597,-2.39996804569615,-0.7));
#3032=CARTESIAN_POINT('Ctrl Pts',(5.27625083187769,-2.35068015610265,-0.7));
#3033=CARTESIAN_POINT('Ctrl Pts',(5.19482560369289,-2.27579332873952,-0.7));
#3034=CARTESIAN_POINT('Ctrl Pts',(5.09399631716874,-2.17939585607784,-0.7));
#3035=CARTESIAN_POINT('Ctrl Pts',(5.00150116847881,-2.07011207291239,-0.7));
#3036=CARTESIAN_POINT('Ctrl Pts',(4.94162231123659,-1.95745128114863,-0.7));
#3037=CARTESIAN_POINT('Ctrl Pts',(4.92738343158582,-1.84842665079284,-0.7));
#3038=CARTESIAN_POINT('Ctrl Pts',(4.95220411265986,-1.74392345225468,-0.7));
#3039=CARTESIAN_POINT('Ctrl Pts',(4.9967678918224,-1.64129601726476,-0.7));
#3040=CARTESIAN_POINT('Ctrl Pts',(5.03614833497131,-1.53705885178901,-0.7));
#3041=CARTESIAN_POINT('Ctrl Pts',(5.04697377812046,-1.42961923249943,-0.7));
#3042=CARTESIAN_POINT('Ctrl Pts',(5.01422457686714,-1.32181367045512,-0.7));
#3043=CARTESIAN_POINT('Ctrl Pts',(4.93913681795274,-1.22402233035966,-0.7));
#3044=CARTESIAN_POINT('Ctrl Pts',(4.83479883596575,-1.15088763724896,-0.7));
#3045=CARTESIAN_POINT('Ctrl Pts',(4.72029958269612,-1.11727838978389,-0.7));
#3046=CARTESIAN_POINT('Ctrl Pts',(4.61540644459003,-1.13451902117087,-0.7));
#3047=CARTESIAN_POINT('Ctrl Pts',(4.53504197697697,-1.20651342390588,-0.7));
#3048=CARTESIAN_POINT('Ctrl Pts',(4.48379612590972,-1.3258572396035,-0.7));
#3049=CARTESIAN_POINT('Ctrl Pts',(4.45833257247345,-1.47687828075253,-0.7));
#3050=CARTESIAN_POINT('Ctrl Pts',(4.4498261565559,-1.63868616770507,-0.7));
#3051=CARTESIAN_POINT('Ctrl Pts',(4.44640488886674,-1.7882479053647,-0.7));
#3052=CARTESIAN_POINT('Ctrl Pts',(4.4355013099636,-1.9033369788964,-0.7));
#3053=CARTESIAN_POINT('Ctrl Pts',(4.40642419591598,-1.96579107560468,-0.7));
#3054=CARTESIAN_POINT('Ctrl Pts',(4.35227661531168,-1.96387601360331,-0.7));
#3055=CARTESIAN_POINT('Ctrl Pts',(4.26891977551682,-1.89060361122239,-0.7));
#3056=CARTESIAN_POINT('Ctrl Pts',(4.17726842929891,-1.77222135426765,-0.7));
#3057=CARTESIAN_POINT('Ctrl Pts',(4.09420208264292,-1.6493547765909,-0.7));
#3058=CARTESIAN_POINT('Ctrl Pts',(4.03246118722131,-1.55230758894688,-0.7));
#3059=CARTESIAN_POINT('Ctrl Pts',(3.99999988079071,-1.49999992549419,-0.7));
#3060=CARTESIAN_POINT('Ctrl Pts',(-2.00000011920929,-6.39999993890524,1.3));
#3061=CARTESIAN_POINT('Ctrl Pts',(-2.00000011920929,-6.39999993890524,1.3));
#3062=CARTESIAN_POINT('Ctrl Pts',(-2.00000011920929,-6.39999993890524,1.3));
#3063=CARTESIAN_POINT('Ctrl Pts',(-2.00000011920929,-6.39999993890524,1.3));
#3064=CARTESIAN_POINT('Ctrl Pts',(-2.00000011920929,-6.39999993890524,1.3));
#3065=CARTESIAN_POINT('Ctrl Pts',(-2.00000011920929,-6.39999993890524,1.3));
#3066=CARTESIAN_POINT('Ctrl Pts',(-2.00000011920929,-6.39999993890524,1.3));
#3067=CARTESIAN_POINT('Ctrl Pts',(-2.00000011920929,-6.39999993890524,1.3));
#3068=CARTESIAN_POINT('Ctrl Pts',(-2.00000011920929,-6.39999993890524,1.3));
#3069=CARTESIAN_POINT('Ctrl Pts',(-1.98589181802533,-6.42677583280947,1.3));
#3070=CARTESIAN_POINT('Ctrl Pts',(-1.98589181802533,-6.42677583280947,1.31410830118396));
#3071=CARTESIAN_POINT('Ctrl Pts',(-2.00000011920929,-6.42677583280947,1.31410830118396));
#3072=CARTESIAN_POINT('Ctrl Pts',(-2.01410842039326,-6.42677583280947,1.31410830118396));
#3073=CARTESIAN_POINT('Ctrl Pts',(-2.01410842039326,-6.42677583280947,1.3));
#3074=CARTESIAN_POINT('Ctrl Pts',(-2.01410842039326,-6.42677583280947,1.28589169881604));
#3075=CARTESIAN_POINT('Ctrl Pts',(-2.00000011920929,-6.42677583280947,1.28589169881604));
#3076=CARTESIAN_POINT('Ctrl Pts',(-1.98589181802533,-6.42677583280947,1.28589169881604));
#3077=CARTESIAN_POINT('Ctrl Pts',(-1.98589181802533,-6.42677583280947,1.3));
#3078=CARTESIAN_POINT('Ctrl Pts',(-1.95891608999162,-6.47636860036975,1.3));
#3079=CARTESIAN_POINT('Ctrl Pts',(-1.95891608999162,-6.47636860036975,1.34108402921767));
#3080=CARTESIAN_POINT('Ctrl Pts',(-2.00000011920929,-6.47636860036975,1.34108402921767));
#3081=CARTESIAN_POINT('Ctrl Pts',(-2.04108414842696,-6.47636860036975,1.34108402921767));
#3082=CARTESIAN_POINT('Ctrl Pts',(-2.04108414842696,-6.47636860036975,1.3));
#3083=CARTESIAN_POINT('Ctrl Pts',(-2.04108414842696,-6.47636860036975,1.25891597078233));
#3084=CARTESIAN_POINT('Ctrl Pts',(-2.00000011920929,-6.47636860036975,1.25891597078233));
#3085=CARTESIAN_POINT('Ctrl Pts',(-1.95891608999162,-6.47636860036975,1.25891597078233));
#3086=CARTESIAN_POINT('Ctrl Pts',(-1.95891608999162,-6.47636860036975,1.3));
#3087=CARTESIAN_POINT('Ctrl Pts',(-1.92217506497687,-6.53888081756863,1.3));
#3088=CARTESIAN_POINT('Ctrl Pts',(-1.92217506497687,-6.53888081756863,1.37782505423242));
#3089=CARTESIAN_POINT('Ctrl Pts',(-2.00000011920929,-6.53888081756863,1.37782505423242));
#3090=CARTESIAN_POINT('Ctrl Pts',(-2.07782517344171,-6.53888081756863,1.37782505423242));
#3091=CARTESIAN_POINT('Ctrl Pts',(-2.07782517344171,-6.53888081756863,1.3));
#3092=CARTESIAN_POINT('Ctrl Pts',(-2.07782517344171,-6.53888081756863,1.22217494576758));
#3093=CARTESIAN_POINT('Ctrl Pts',(-2.00000011920929,-6.53888081756863,1.22217494576758));
#3094=CARTESIAN_POINT('Ctrl Pts',(-1.92217506497687,-6.53888081756863,1.22217494576758));
#3095=CARTESIAN_POINT('Ctrl Pts',(-1.92217506497687,-6.53888081756863,1.3));
#3096=CARTESIAN_POINT('Ctrl Pts',(-1.8806375021305,-6.59845999807379,1.3));
#3097=CARTESIAN_POINT('Ctrl Pts',(-1.8806375021305,-6.59845999807379,1.41936261707879));
#3098=CARTESIAN_POINT('Ctrl Pts',(-2.00000011920929,-6.59845999807379,1.41936261707879));
#3099=CARTESIAN_POINT('Ctrl Pts',(-2.11936273628808,-6.59845999807379,1.41936261707879));
#3100=CARTESIAN_POINT('Ctrl Pts',(-2.11936273628808,-6.59845999807379,1.3));
#3101=CARTESIAN_POINT('Ctrl Pts',(-2.11936273628808,-6.59845999807379,1.18063738292121));
#3102=CARTESIAN_POINT('Ctrl Pts',(-2.00000011920929,-6.59845999807379,1.18063738292121));
#3103=CARTESIAN_POINT('Ctrl Pts',(-1.8806375021305,-6.59845999807379,1.18063738292121));
#3104=CARTESIAN_POINT('Ctrl Pts',(-1.8806375021305,-6.59845999807379,1.3));
#3105=CARTESIAN_POINT('Ctrl Pts',(-1.84086326789708,-6.63397331979354,1.3));
#3106=CARTESIAN_POINT('Ctrl Pts',(-1.84086326789708,-6.63397331979354,1.45913685131221));
#3107=CARTESIAN_POINT('Ctrl Pts',(-2.00000011920929,-6.63397331979354,1.45913685131221));
#3108=CARTESIAN_POINT('Ctrl Pts',(-2.1591369705215,-6.63397331979354,1.45913685131221));
#3109=CARTESIAN_POINT('Ctrl Pts',(-2.1591369705215,-6.63397331979354,1.3));
#3110=CARTESIAN_POINT('Ctrl Pts',(-2.1591369705215,-6.63397331979354,1.14086314868779));
#3111=CARTESIAN_POINT('Ctrl Pts',(-2.00000011920929,-6.63397331979354,1.14086314868779));
#3112=CARTESIAN_POINT('Ctrl Pts',(-1.84086326789708,-6.63397331979354,1.14086314868779));
#3113=CARTESIAN_POINT('Ctrl Pts',(-1.84086326789708,-6.63397331979354,1.3));
#3114=CARTESIAN_POINT('Ctrl Pts',(-1.81238726823361,-6.63263278099789,1.3));
#3115=CARTESIAN_POINT('Ctrl Pts',(-1.81238726823361,-6.63263278099789,1.48761285097568));
#3116=CARTESIAN_POINT('Ctrl Pts',(-2.00000011920929,-6.63263278099789,1.48761285097568));
#3117=CARTESIAN_POINT('Ctrl Pts',(-2.18761297018497,-6.63263278099789,1.48761285097568));
#3118=CARTESIAN_POINT('Ctrl Pts',(-2.18761297018497,-6.63263278099789,1.3));
#3119=CARTESIAN_POINT('Ctrl Pts',(-2.18761297018497,-6.63263278099789,1.11238714902432));
#3120=CARTESIAN_POINT('Ctrl Pts',(-2.00000011920929,-6.63263278099789,1.11238714902432));
#3121=CARTESIAN_POINT('Ctrl Pts',(-1.81238726823361,-6.63263278099789,1.11238714902432));
#3122=CARTESIAN_POINT('Ctrl Pts',(-1.81238726823361,-6.63263278099789,1.3));
#3123=CARTESIAN_POINT('Ctrl Pts',(-1.7934561366002,-6.59880959205456,1.3));
#3124=CARTESIAN_POINT('Ctrl Pts',(-1.7934561366002,-6.59880959205456,1.50654398260909));
#3125=CARTESIAN_POINT('Ctrl Pts',(-2.00000011920929,-6.59880959205456,1.50654398260909));
#3126=CARTESIAN_POINT('Ctrl Pts',(-2.20654410181838,-6.59880959205456,1.50654398260909));
#3127=CARTESIAN_POINT('Ctrl Pts',(-2.20654410181838,-6.59880959205456,1.3));
#3128=CARTESIAN_POINT('Ctrl Pts',(-2.20654410181838,-6.59880959205456,1.09345601739091));
#3129=CARTESIAN_POINT('Ctrl Pts',(-2.00000011920929,-6.59880959205456,1.09345601739091));
#3130=CARTESIAN_POINT('Ctrl Pts',(-1.7934561366002,-6.59880959205456,1.09345601739091));
#3131=CARTESIAN_POINT('Ctrl Pts',(-1.7934561366002,-6.59880959205456,1.3));
#3132=CARTESIAN_POINT('Ctrl Pts',(-1.78114481029503,-6.53982717765135,1.3));
#3133=CARTESIAN_POINT('Ctrl Pts',(-1.78114481029503,-6.53982717765135,1.51885530891426));
#3134=CARTESIAN_POINT('Ctrl Pts',(-2.00000011920929,-6.53982717765135,1.51885530891426));
#3135=CARTESIAN_POINT('Ctrl Pts',(-2.21885542812355,-6.53982717765135,1.51885530891426));
#3136=CARTESIAN_POINT('Ctrl Pts',(-2.21885542812355,-6.53982717765135,1.3));
#3137=CARTESIAN_POINT('Ctrl Pts',(-2.21885542812355,-6.53982717765135,1.08114469108574));
#3138=CARTESIAN_POINT('Ctrl Pts',(-2.00000011920929,-6.53982717765135,1.08114469108574));
#3139=CARTESIAN_POINT('Ctrl Pts',(-1.78114481029503,-6.53982717765135,1.08114469108574));
#3140=CARTESIAN_POINT('Ctrl Pts',(-1.78114481029503,-6.53982717765135,1.3));
#3141=CARTESIAN_POINT('Ctrl Pts',(-1.7709369121293,-6.46699310042293,1.3));
#3142=CARTESIAN_POINT('Ctrl Pts',(-1.7709369121293,-6.46699310042293,1.52906320707999));
#3143=CARTESIAN_POINT('Ctrl Pts',(-2.00000011920929,-6.46699310042293,1.52906320707999));
#3144=CARTESIAN_POINT('Ctrl Pts',(-2.22906332628928,-6.46699310042293,1.52906320707999));
#3145=CARTESIAN_POINT('Ctrl Pts',(-2.22906332628928,-6.46699310042293,1.3));
#3146=CARTESIAN_POINT('Ctrl Pts',(-2.22906332628928,-6.46699310042293,1.07093679292001));
#3147=CARTESIAN_POINT('Ctrl Pts',(-2.00000011920929,-6.46699310042293,1.07093679292001));
#3148=CARTESIAN_POINT('Ctrl Pts',(-1.7709369121293,-6.46699310042293,1.07093679292001));
#3149=CARTESIAN_POINT('Ctrl Pts',(-1.7709369121293,-6.46699310042293,1.3));
#3150=CARTESIAN_POINT('Ctrl Pts',(-1.75768618891372,-6.39348819984485,1.3));
#3151=CARTESIAN_POINT('Ctrl Pts',(-1.75768618891372,-6.39348819984485,1.54231393029557));
#3152=CARTESIAN_POINT('Ctrl Pts',(-2.00000011920929,-6.39348819984485,1.54231393029557));
#3153=CARTESIAN_POINT('Ctrl Pts',(-2.24231404950486,-6.39348819984485,1.54231393029557));
#3154=CARTESIAN_POINT('Ctrl Pts',(-2.24231404950486,-6.39348819984485,1.3));
#3155=CARTESIAN_POINT('Ctrl Pts',(-2.24231404950486,-6.39348819984485,1.05768606970443));
#3156=CARTESIAN_POINT('Ctrl Pts',(-2.00000011920929,-6.39348819984485,1.05768606970443));
#3157=CARTESIAN_POINT('Ctrl Pts',(-1.75768618891372,-6.39348819984485,1.05768606970443));
#3158=CARTESIAN_POINT('Ctrl Pts',(-1.75768618891372,-6.39348819984485,1.3));
#3159=CARTESIAN_POINT('Ctrl Pts',(-1.73673028091984,-6.33189350365878,1.3));
#3160=CARTESIAN_POINT('Ctrl Pts',(-1.73673028091984,-6.33189350365878,1.56326983828945));
#3161=CARTESIAN_POINT('Ctrl Pts',(-2.00000011920929,-6.33189350365878,1.56326983828945));
#3162=CARTESIAN_POINT('Ctrl Pts',(-2.26326995749874,-6.33189350365878,1.56326983828945));
#3163=CARTESIAN_POINT('Ctrl Pts',(-2.26326995749874,-6.33189350365878,1.3));
#3164=CARTESIAN_POINT('Ctrl Pts',(-2.26326995749874,-6.33189350365878,1.03673016171055));
#3165=CARTESIAN_POINT('Ctrl Pts',(-2.00000011920929,-6.33189350365878,1.03673016171055));
#3166=CARTESIAN_POINT('Ctrl Pts',(-1.73673028091984,-6.33189350365878,1.03673016171055));
#3167=CARTESIAN_POINT('Ctrl Pts',(-1.73673028091984,-6.33189350365878,1.3));
#3168=CARTESIAN_POINT('Ctrl Pts',(-1.70503473105045,-6.29168591235733,1.3));
#3169=CARTESIAN_POINT('Ctrl Pts',(-1.70503473105045,-6.29168591235733,1.59496538815884));
#3170=CARTESIAN_POINT('Ctrl Pts',(-2.00000011920929,-6.29168591235733,1.59496538815884));
#3171=CARTESIAN_POINT('Ctrl Pts',(-2.29496550736813,-6.29168591235733,1.59496538815884));
#3172=CARTESIAN_POINT('Ctrl Pts',(-2.29496550736813,-6.29168591235733,1.3));
#3173=CARTESIAN_POINT('Ctrl Pts',(-2.29496550736813,-6.29168591235733,1.00503461184116));
#3174=CARTESIAN_POINT('Ctrl Pts',(-2.00000011920929,-6.29168591235733,1.00503461184116));
#3175=CARTESIAN_POINT('Ctrl Pts',(-1.70503473105045,-6.29168591235733,1.00503461184116));
#3176=CARTESIAN_POINT('Ctrl Pts',(-1.70503473105045,-6.29168591235733,1.3));
#3177=CARTESIAN_POINT('Ctrl Pts',(-1.66214001193525,-6.27709910633042,1.3));
#3178=CARTESIAN_POINT('Ctrl Pts',(-1.66214001193525,-6.27709910633042,1.63786010727404));
#3179=CARTESIAN_POINT('Ctrl Pts',(-2.00000011920929,-6.27709910633042,1.63786010727404));
#3180=CARTESIAN_POINT('Ctrl Pts',(-2.33786022648333,-6.27709910633042,1.63786010727404));
#3181=CARTESIAN_POINT('Ctrl Pts',(-2.33786022648333,-6.27709910633042,1.3));
#3182=CARTESIAN_POINT('Ctrl Pts',(-2.33786022648333,-6.27709910633042,0.96213989272596));
#3183=CARTESIAN_POINT('Ctrl Pts',(-2.00000011920929,-6.27709910633042,0.96213989272596));
#3184=CARTESIAN_POINT('Ctrl Pts',(-1.66214001193525,-6.27709910633042,0.96213989272596));
#3185=CARTESIAN_POINT('Ctrl Pts',(-1.66214001193525,-6.27709910633042,1.3));
#3186=CARTESIAN_POINT('Ctrl Pts',(-1.61165821724169,-6.2839392909683,1.3));
#3187=CARTESIAN_POINT('Ctrl Pts',(-1.61165821724169,-6.2839392909683,1.6883419019676));
#3188=CARTESIAN_POINT('Ctrl Pts',(-2.00000011920929,-6.2839392909683,1.6883419019676));
#3189=CARTESIAN_POINT('Ctrl Pts',(-2.38834202117689,-6.2839392909683,1.6883419019676));
#3190=CARTESIAN_POINT('Ctrl Pts',(-2.38834202117689,-6.2839392909683,1.3));
#3191=CARTESIAN_POINT('Ctrl Pts',(-2.38834202117689,-6.2839392909683,0.9116580980324));
#3192=CARTESIAN_POINT('Ctrl Pts',(-2.00000011920929,-6.2839392909683,0.911658098032399));
#3193=CARTESIAN_POINT('Ctrl Pts',(-1.61165821724169,-6.2839392909683,0.9116580980324));
#3194=CARTESIAN_POINT('Ctrl Pts',(-1.61165821724169,-6.2839392909683,1.3));
#3195=CARTESIAN_POINT('Ctrl Pts',(-1.56087837746923,-6.30000692412088,1.3));
#3196=CARTESIAN_POINT('Ctrl Pts',(-1.56087837746923,-6.30000692412088,1.73912174174006));
#3197=CARTESIAN_POINT('Ctrl Pts',(-2.00000011920929,-6.30000692412088,1.73912174174006));
#3198=CARTESIAN_POINT('Ctrl Pts',(-2.43912186094935,-6.30000692412088,1.73912174174006));
#3199=CARTESIAN_POINT('Ctrl Pts',(-2.43912186094935,-6.30000692412088,1.3));
#3200=CARTESIAN_POINT('Ctrl Pts',(-2.43912186094935,-6.30000692412088,0.860878258259938));
#3201=CARTESIAN_POINT('Ctrl Pts',(-2.00000011920929,-6.30000692412088,0.860878258259937));
#3202=CARTESIAN_POINT('Ctrl Pts',(-1.56087837746923,-6.30000692412088,0.860878258259938));
#3203=CARTESIAN_POINT('Ctrl Pts',(-1.56087837746923,-6.30000692412088,1.3));
#3204=CARTESIAN_POINT('Ctrl Pts',(-1.51774495329836,-6.31052401060115,1.3));
#3205=CARTESIAN_POINT('Ctrl Pts',(-1.51774495329836,-6.31052401060115,1.78225516591094));
#3206=CARTESIAN_POINT('Ctrl Pts',(-2.00000011920929,-6.31052401060115,1.78225516591094));
#3207=CARTESIAN_POINT('Ctrl Pts',(-2.48225528512023,-6.31052401060115,1.78225516591094));
#3208=CARTESIAN_POINT('Ctrl Pts',(-2.48225528512023,-6.31052401060115,1.3));
#3209=CARTESIAN_POINT('Ctrl Pts',(-2.48225528512023,-6.31052401060115,0.817744834089065));
#3210=CARTESIAN_POINT('Ctrl Pts',(-2.00000011920929,-6.31052401060115,0.817744834089065));
#3211=CARTESIAN_POINT('Ctrl Pts',(-1.51774495329836,-6.31052401060115,0.817744834089065));
#3212=CARTESIAN_POINT('Ctrl Pts',(-1.51774495329836,-6.31052401060115,1.3));
#3213=CARTESIAN_POINT('Ctrl Pts',(-1.48850645625927,-6.30228885285578,1.3));
#3214=CARTESIAN_POINT('Ctrl Pts',(-1.48850645625927,-6.30228885285578,1.81149366295002));
#3215=CARTESIAN_POINT('Ctrl Pts',(-2.00000011920929,-6.30228885285578,1.81149366295002));
#3216=CARTESIAN_POINT('Ctrl Pts',(-2.51149378215931,-6.30228885285578,1.81149366295002));
#3217=CARTESIAN_POINT('Ctrl Pts',(-2.51149378215931,-6.30228885285578,1.3));
#3218=CARTESIAN_POINT('Ctrl Pts',(-2.51149378215931,-6.30228885285578,0.788506337049981));
#3219=CARTESIAN_POINT('Ctrl Pts',(-2.00000011920929,-6.30228885285578,0.788506337049981));
#3220=CARTESIAN_POINT('Ctrl Pts',(-1.48850645625927,-6.30228885285578,0.788506337049981));
#3221=CARTESIAN_POINT('Ctrl Pts',(-1.48850645625927,-6.30228885285578,1.3));
#3222=CARTESIAN_POINT('Ctrl Pts',(-1.47504472823738,-6.26841574378387,1.3));
#3223=CARTESIAN_POINT('Ctrl Pts',(-1.47504472823738,-6.26841574378387,1.82495539097191));
#3224=CARTESIAN_POINT('Ctrl Pts',(-2.00000011920929,-6.26841574378387,1.82495539097191));
#3225=CARTESIAN_POINT('Ctrl Pts',(-2.5249555101812,-6.26841574378387,1.82495539097191));
#3226=CARTESIAN_POINT('Ctrl Pts',(-2.5249555101812,-6.26841574378387,1.3));
#3227=CARTESIAN_POINT('Ctrl Pts',(-2.5249555101812,-6.26841574378387,0.775044609028088));
#3228=CARTESIAN_POINT('Ctrl Pts',(-2.00000011920929,-6.26841574378387,0.775044609028088));
#3229=CARTESIAN_POINT('Ctrl Pts',(-1.47504472823738,-6.26841574378387,0.775044609028088));
#3230=CARTESIAN_POINT('Ctrl Pts',(-1.47504472823738,-6.26841574378387,1.3));
#3231=CARTESIAN_POINT('Ctrl Pts',(-1.47245656806623,-6.21264735616567,1.3));
#3232=CARTESIAN_POINT('Ctrl Pts',(-1.47245656806623,-6.21264735616567,1.82754355114306));
#3233=CARTESIAN_POINT('Ctrl Pts',(-2.00000011920929,-6.21264735616567,1.82754355114306));
#3234=CARTESIAN_POINT('Ctrl Pts',(-2.52754367035235,-6.21264735616567,1.82754355114306));
#3235=CARTESIAN_POINT('Ctrl Pts',(-2.52754367035235,-6.21264735616567,1.3));
#3236=CARTESIAN_POINT('Ctrl Pts',(-2.52754367035235,-6.21264735616567,0.772456448856936));
#3237=CARTESIAN_POINT('Ctrl Pts',(-2.00000011920929,-6.21264735616567,0.772456448856936));
#3238=CARTESIAN_POINT('Ctrl Pts',(-1.47245656806623,-6.21264735616567,0.772456448856936));
#3239=CARTESIAN_POINT('Ctrl Pts',(-1.47245656806623,-6.21264735616567,1.3));
#3240=CARTESIAN_POINT('Ctrl Pts',(-1.47229664474682,-6.14525400524848,1.3));
#3241=CARTESIAN_POINT('Ctrl Pts',(-1.47229664474682,-6.14525400524848,1.82770347446247));
#3242=CARTESIAN_POINT('Ctrl Pts',(-2.00000011920929,-6.14525400524848,1.82770347446247));
#3243=CARTESIAN_POINT('Ctrl Pts',(-2.52770359367176,-6.14525400524848,1.82770347446247));
#3244=CARTESIAN_POINT('Ctrl Pts',(-2.52770359367176,-6.14525400524848,1.3));
#3245=CARTESIAN_POINT('Ctrl Pts',(-2.52770359367176,-6.14525400524848,0.77229652553753));
#3246=CARTESIAN_POINT('Ctrl Pts',(-2.00000011920929,-6.14525400524848,0.77229652553753));
#3247=CARTESIAN_POINT('Ctrl Pts',(-1.47229664474682,-6.14525400524848,0.77229652553753));
#3248=CARTESIAN_POINT('Ctrl Pts',(-1.47229664474682,-6.14525400524848,1.3));
#3249=CARTESIAN_POINT('Ctrl Pts',(-1.46565127526453,-6.07915800587697,1.3));
#3250=CARTESIAN_POINT('Ctrl Pts',(-1.46565127526453,-6.07915800587697,1.83434884394476));
#3251=CARTESIAN_POINT('Ctrl Pts',(-2.00000011920929,-6.07915800587697,1.83434884394476));
#3252=CARTESIAN_POINT('Ctrl Pts',(-2.53434896315405,-6.07915800587697,1.83434884394476));
#3253=CARTESIAN_POINT('Ctrl Pts',(-2.53434896315405,-6.07915800587697,1.3));
#3254=CARTESIAN_POINT('Ctrl Pts',(-2.53434896315405,-6.07915800587697,0.765651156055239));
#3255=CARTESIAN_POINT('Ctrl Pts',(-2.00000011920929,-6.07915800587697,0.765651156055239));
#3256=CARTESIAN_POINT('Ctrl Pts',(-1.46565127526453,-6.07915800587697,0.765651156055239));
#3257=CARTESIAN_POINT('Ctrl Pts',(-1.46565127526453,-6.07915800587697,1.3));
#3258=CARTESIAN_POINT('Ctrl Pts',(-1.44634307337532,-6.02591950095943,1.3));
#3259=CARTESIAN_POINT('Ctrl Pts',(-1.44634307337532,-6.02591950095943,1.85365704583397));
#3260=CARTESIAN_POINT('Ctrl Pts',(-2.00000011920929,-6.02591950095943,1.85365704583397));
#3261=CARTESIAN_POINT('Ctrl Pts',(-2.55365716504326,-6.02591950095943,1.85365704583397));
#3262=CARTESIAN_POINT('Ctrl Pts',(-2.55365716504326,-6.02591950095943,1.3));
#3263=CARTESIAN_POINT('Ctrl Pts',(-2.55365716504326,-6.02591950095943,0.746342954166032));
#3264=CARTESIAN_POINT('Ctrl Pts',(-2.00000011920929,-6.02591950095943,0.746342954166032));
#3265=CARTESIAN_POINT('Ctrl Pts',(-1.44634307337532,-6.02591950095943,0.746342954166032));
#3266=CARTESIAN_POINT('Ctrl Pts',(-1.44634307337532,-6.02591950095943,1.3));
#3267=CARTESIAN_POINT('Ctrl Pts',(-1.41391882722705,-5.99193434821247,1.3));
#3268=CARTESIAN_POINT('Ctrl Pts',(-1.41391882722705,-5.99193434821247,1.88608129198224));
#3269=CARTESIAN_POINT('Ctrl Pts',(-2.00000011920929,-5.99193434821247,1.88608129198224));
#3270=CARTESIAN_POINT('Ctrl Pts',(-2.58608141119153,-5.99193434821247,1.88608129198224));
#3271=CARTESIAN_POINT('Ctrl Pts',(-2.58608141119153,-5.99193434821247,1.3));
#3272=CARTESIAN_POINT('Ctrl Pts',(-2.58608141119153,-5.99193434821247,0.713918708017759));
#3273=CARTESIAN_POINT('Ctrl Pts',(-2.00000011920929,-5.99193434821247,0.713918708017759));
#3274=CARTESIAN_POINT('Ctrl Pts',(-1.41391882722705,-5.99193434821247,0.713918708017759));
#3275=CARTESIAN_POINT('Ctrl Pts',(-1.41391882722705,-5.99193434821247,1.3));
#3276=CARTESIAN_POINT('Ctrl Pts',(-1.37718822432679,-5.97411746585252,1.3));
#3277=CARTESIAN_POINT('Ctrl Pts',(-1.37718822432679,-5.97411746585252,1.9228118948825));
#3278=CARTESIAN_POINT('Ctrl Pts',(-2.00000011920929,-5.97411746585252,1.9228118948825));
#3279=CARTESIAN_POINT('Ctrl Pts',(-2.62281201409179,-5.97411746585252,1.9228118948825));
#3280=CARTESIAN_POINT('Ctrl Pts',(-2.62281201409179,-5.97411746585252,1.3));
#3281=CARTESIAN_POINT('Ctrl Pts',(-2.62281201409179,-5.97411746585252,0.677188105117498));
#3282=CARTESIAN_POINT('Ctrl Pts',(-2.00000011920929,-5.97411746585252,0.677188105117498));
#3283=CARTESIAN_POINT('Ctrl Pts',(-1.37718822432679,-5.97411746585252,0.677188105117498));
#3284=CARTESIAN_POINT('Ctrl Pts',(-1.37718822432679,-5.97411746585252,1.3));
#3285=CARTESIAN_POINT('Ctrl Pts',(-1.34927921294992,-5.96362419797355,1.3));
#3286=CARTESIAN_POINT('Ctrl Pts',(-1.34927921294993,-5.96362419797355,1.95072090625937));
#3287=CARTESIAN_POINT('Ctrl Pts',(-2.00000011920929,-5.96362419797355,1.95072090625937));
#3288=CARTESIAN_POINT('Ctrl Pts',(-2.65072102546866,-5.96362419797355,1.95072090625937));
#3289=CARTESIAN_POINT('Ctrl Pts',(-2.65072102546866,-5.96362419797355,1.3));
#3290=CARTESIAN_POINT('Ctrl Pts',(-2.65072102546866,-5.96362419797355,0.649279093740635));
#3291=CARTESIAN_POINT('Ctrl Pts',(-2.00000011920929,-5.96362419797355,0.649279093740635));
#3292=CARTESIAN_POINT('Ctrl Pts',(-1.34927921294993,-5.96362419797355,0.649279093740635));
#3293=CARTESIAN_POINT('Ctrl Pts',(-1.34927921294992,-5.96362419797355,1.3));
#3294=CARTESIAN_POINT('Ctrl Pts',(-1.34232658996666,-5.94998398559517,1.3));
#3295=CARTESIAN_POINT('Ctrl Pts',(-1.34232658996666,-5.94998398559517,1.95767352924263));
#3296=CARTESIAN_POINT('Ctrl Pts',(-2.00000011920929,-5.94998398559517,1.95767352924263));
#3297=CARTESIAN_POINT('Ctrl Pts',(-2.65767364845192,-5.94998398559517,1.95767352924263));
#3298=CARTESIAN_POINT('Ctrl Pts',(-2.65767364845192,-5.94998398559517,1.3));
#3299=CARTESIAN_POINT('Ctrl Pts',(-2.65767364845192,-5.94998398559517,0.642326470757369));
#3300=CARTESIAN_POINT('Ctrl Pts',(-2.00000011920929,-5.94998398559517,0.642326470757369));
#3301=CARTESIAN_POINT('Ctrl Pts',(-1.34232658996666,-5.94998398559517,0.642326470757369));
#3302=CARTESIAN_POINT('Ctrl Pts',(-1.34232658996666,-5.94998398559517,1.3));
#3303=CARTESIAN_POINT('Ctrl Pts',(-1.3618746436658,-5.92534004079842,1.3));
#3304=CARTESIAN_POINT('Ctrl Pts',(-1.3618746436658,-5.92534004079842,1.93812547554349));
#3305=CARTESIAN_POINT('Ctrl Pts',(-2.00000011920929,-5.92534004079842,1.93812547554349));
#3306=CARTESIAN_POINT('Ctrl Pts',(-2.63812559475278,-5.92534004079842,1.93812547554349));
#3307=CARTESIAN_POINT('Ctrl Pts',(-2.63812559475278,-5.92534004079842,1.3));
#3308=CARTESIAN_POINT('Ctrl Pts',(-2.63812559475278,-5.92534004079842,0.661874524456509));
#3309=CARTESIAN_POINT('Ctrl Pts',(-2.00000011920929,-5.92534004079842,0.661874524456509));
#3310=CARTESIAN_POINT('Ctrl Pts',(-1.3618746436658,-5.92534004079842,0.661874524456509));
#3311=CARTESIAN_POINT('Ctrl Pts',(-1.3618746436658,-5.92534004079842,1.3));
#3312=CARTESIAN_POINT('Ctrl Pts',(-1.4025872577582,-5.88789662711686,1.3));
#3313=CARTESIAN_POINT('Ctrl Pts',(-1.4025872577582,-5.88789662711686,1.89741286145109));
#3314=CARTESIAN_POINT('Ctrl Pts',(-2.00000011920929,-5.88789662711686,1.89741286145109));
#3315=CARTESIAN_POINT('Ctrl Pts',(-2.59741298066038,-5.88789662711686,1.89741286145109));
#3316=CARTESIAN_POINT('Ctrl Pts',(-2.59741298066038,-5.88789662711686,1.3));
#3317=CARTESIAN_POINT('Ctrl Pts',(-2.59741298066038,-5.88789662711686,0.702587138548912));
#3318=CARTESIAN_POINT('Ctrl Pts',(-2.00000011920929,-5.88789662711686,0.702587138548911));
#3319=CARTESIAN_POINT('Ctrl Pts',(-1.4025872577582,-5.88789662711686,0.702587138548912));
#3320=CARTESIAN_POINT('Ctrl Pts',(-1.4025872577582,-5.88789662711686,1.3));
#3321=CARTESIAN_POINT('Ctrl Pts',(-1.45300190102027,-5.83969789078602,1.3));
#3322=CARTESIAN_POINT('Ctrl Pts',(-1.45300190102027,-5.83969789078602,1.84699821818902));
#3323=CARTESIAN_POINT('Ctrl Pts',(-2.00000011920929,-5.83969789078602,1.84699821818902));
#3324=CARTESIAN_POINT('Ctrl Pts',(-2.54699833739831,-5.83969789078602,1.84699821818902));
#3325=CARTESIAN_POINT('Ctrl Pts',(-2.54699833739831,-5.83969789078602,1.3));
#3326=CARTESIAN_POINT('Ctrl Pts',(-2.54699833739831,-5.83969789078602,0.753001781810984));
#3327=CARTESIAN_POINT('Ctrl Pts',(-2.00000011920929,-5.83969789078602,0.753001781810984));
#3328=CARTESIAN_POINT('Ctrl Pts',(-1.45300190102027,-5.83969789078602,0.753001781810984));
#3329=CARTESIAN_POINT('Ctrl Pts',(-1.45300190102027,-5.83969789078602,1.3));
#3330=CARTESIAN_POINT('Ctrl Pts',(-1.49924947536524,-5.78505599920329,1.3));
#3331=CARTESIAN_POINT('Ctrl Pts',(-1.49924947536524,-5.78505599920329,1.80075064384405));
#3332=CARTESIAN_POINT('Ctrl Pts',(-2.00000011920929,-5.78505599920329,1.80075064384405));
#3333=CARTESIAN_POINT('Ctrl Pts',(-2.50075076305334,-5.78505599920329,1.80075064384405));
#3334=CARTESIAN_POINT('Ctrl Pts',(-2.50075076305334,-5.78505599920329,1.3));
#3335=CARTESIAN_POINT('Ctrl Pts',(-2.50075076305334,-5.78505599920329,0.79924935615595));
#3336=CARTESIAN_POINT('Ctrl Pts',(-2.00000011920929,-5.78505599920329,0.799249356155949));
#3337=CARTESIAN_POINT('Ctrl Pts',(-1.49924947536524,-5.78505599920329,0.79924935615595));
#3338=CARTESIAN_POINT('Ctrl Pts',(-1.49924947536524,-5.78505599920329,1.3));
#3339=CARTESIAN_POINT('Ctrl Pts',(-1.52918890398635,-5.72872560332141,1.3));
#3340=CARTESIAN_POINT('Ctrl Pts',(-1.52918890398635,-5.72872560332141,1.77081121522294));
#3341=CARTESIAN_POINT('Ctrl Pts',(-2.00000011920929,-5.72872560332141,1.77081121522294));
#3342=CARTESIAN_POINT('Ctrl Pts',(-2.47081133443223,-5.72872560332141,1.77081121522294));
#3343=CARTESIAN_POINT('Ctrl Pts',(-2.47081133443223,-5.72872560332141,1.3));
#3344=CARTESIAN_POINT('Ctrl Pts',(-2.47081133443223,-5.72872560332141,0.82918878477706));
#3345=CARTESIAN_POINT('Ctrl Pts',(-2.00000011920929,-5.72872560332141,0.82918878477706));
#3346=CARTESIAN_POINT('Ctrl Pts',(-1.52918890398635,-5.72872560332141,0.82918878477706));
#3347=CARTESIAN_POINT('Ctrl Pts',(-1.52918890398635,-5.72872560332141,1.3));
#3348=CARTESIAN_POINT('Ctrl Pts',(-1.53630834381173,-5.67421328814352,1.3));
#3349=CARTESIAN_POINT('Ctrl Pts',(-1.53630834381173,-5.67421328814352,1.76369177539756));
#3350=CARTESIAN_POINT('Ctrl Pts',(-2.00000011920929,-5.67421328814352,1.76369177539756));
#3351=CARTESIAN_POINT('Ctrl Pts',(-2.46369189460685,-5.67421328814352,1.76369177539756));
#3352=CARTESIAN_POINT('Ctrl Pts',(-2.46369189460685,-5.67421328814352,1.3));
#3353=CARTESIAN_POINT('Ctrl Pts',(-2.46369189460685,-5.67421328814352,0.836308224602444));
#3354=CARTESIAN_POINT('Ctrl Pts',(-2.00000011920929,-5.67421328814352,0.836308224602444));
#3355=CARTESIAN_POINT('Ctrl Pts',(-1.53630834381173,-5.67421328814352,0.836308224602444));
#3356=CARTESIAN_POINT('Ctrl Pts',(-1.53630834381173,-5.67421328814352,1.3));
#3357=CARTESIAN_POINT('Ctrl Pts',(-1.52389800327472,-5.62196168887444,1.3));
#3358=CARTESIAN_POINT('Ctrl Pts',(-1.52389800327472,-5.62196168887444,1.77610211593457));
#3359=CARTESIAN_POINT('Ctrl Pts',(-2.00000011920929,-5.62196168887444,1.77610211593457));
#3360=CARTESIAN_POINT('Ctrl Pts',(-2.47610223514386,-5.62196168887444,1.77610211593457));
#3361=CARTESIAN_POINT('Ctrl Pts',(-2.47610223514386,-5.62196168887444,1.3));
#3362=CARTESIAN_POINT('Ctrl Pts',(-2.47610223514386,-5.62196168887444,0.823897884065425));
#3363=CARTESIAN_POINT('Ctrl Pts',(-2.00000011920929,-5.62196168887444,0.823897884065425));
#3364=CARTESIAN_POINT('Ctrl Pts',(-1.52389800327472,-5.62196168887444,0.823897884065425));
#3365=CARTESIAN_POINT('Ctrl Pts',(-1.52389800327472,-5.62196168887444,1.3));
#3366=CARTESIAN_POINT('Ctrl Pts',(-1.50161611369345,-5.57064797137948,1.3));
#3367=CARTESIAN_POINT('Ctrl Pts',(-1.50161611369345,-5.57064797137948,1.79838400551584));
#3368=CARTESIAN_POINT('Ctrl Pts',(-2.00000011920929,-5.57064797137948,1.79838400551584));
#3369=CARTESIAN_POINT('Ctrl Pts',(-2.49838412472513,-5.57064797137948,1.79838400551584));
#3370=CARTESIAN_POINT('Ctrl Pts',(-2.49838412472513,-5.57064797137948,1.3));
#3371=CARTESIAN_POINT('Ctrl Pts',(-2.49838412472513,-5.57064797137948,0.801615994484158));
#3372=CARTESIAN_POINT('Ctrl Pts',(-2.00000011920929,-5.57064797137948,0.801615994484158));
#3373=CARTESIAN_POINT('Ctrl Pts',(-1.50161611369345,-5.57064797137948,0.801615994484158));
#3374=CARTESIAN_POINT('Ctrl Pts',(-1.50161611369345,-5.57064797137948,1.3));
#3375=CARTESIAN_POINT('Ctrl Pts',(-1.48192589211899,-5.5185293886416,1.3));
#3376=CARTESIAN_POINT('Ctrl Pts',(-1.48192589211899,-5.5185293886416,1.8180742270903));
#3377=CARTESIAN_POINT('Ctrl Pts',(-2.00000011920929,-5.5185293886416,1.8180742270903));
#3378=CARTESIAN_POINT('Ctrl Pts',(-2.51807434629959,-5.5185293886416,1.8180742270903));
#3379=CARTESIAN_POINT('Ctrl Pts',(-2.51807434629959,-5.5185293886416,1.3));
#3380=CARTESIAN_POINT('Ctrl Pts',(-2.51807434629959,-5.5185293886416,0.781925772909699));
#3381=CARTESIAN_POINT('Ctrl Pts',(-2.00000011920929,-5.5185293886416,0.781925772909699));
#3382=CARTESIAN_POINT('Ctrl Pts',(-1.48192589211899,-5.5185293886416,0.781925772909699));
#3383=CARTESIAN_POINT('Ctrl Pts',(-1.48192589211899,-5.5185293886416,1.3));
#3384=CARTESIAN_POINT('Ctrl Pts',(-1.47651317054442,-5.46480957899681,1.3));
#3385=CARTESIAN_POINT('Ctrl Pts',(-1.47651317054442,-5.46480957899681,1.82348694866487));
#3386=CARTESIAN_POINT('Ctrl Pts',(-2.00000011920929,-5.46480957899681,1.82348694866488));
#3387=CARTESIAN_POINT('Ctrl Pts',(-2.52348706787417,-5.46480957899681,1.82348694866487));
#3388=CARTESIAN_POINT('Ctrl Pts',(-2.52348706787417,-5.46480957899681,1.3));
#3389=CARTESIAN_POINT('Ctrl Pts',(-2.52348706787417,-5.46480957899681,0.776513051335125));
#3390=CARTESIAN_POINT('Ctrl Pts',(-2.00000011920929,-5.46480957899681,0.776513051335125));
#3391=CARTESIAN_POINT('Ctrl Pts',(-1.47651317054442,-5.46480957899681,0.776513051335125));
#3392=CARTESIAN_POINT('Ctrl Pts',(-1.47651317054442,-5.46480957899681,1.3));
#3393=CARTESIAN_POINT('Ctrl Pts',(-1.49288777117107,-5.41090679797466,1.3));
#3394=CARTESIAN_POINT('Ctrl Pts',(-1.49288777117107,-5.41090679797466,1.80711234803822));
#3395=CARTESIAN_POINT('Ctrl Pts',(-2.00000011920929,-5.41090679797466,1.80711234803822));
#3396=CARTESIAN_POINT('Ctrl Pts',(-2.50711246724751,-5.41090679797466,1.80711234803822));
#3397=CARTESIAN_POINT('Ctrl Pts',(-2.50711246724751,-5.41090679797466,1.3));
#3398=CARTESIAN_POINT('Ctrl Pts',(-2.50711246724751,-5.41090679797466,0.792887651961784));
#3399=CARTESIAN_POINT('Ctrl Pts',(-2.00000011920929,-5.41090679797466,0.792887651961784));
#3400=CARTESIAN_POINT('Ctrl Pts',(-1.49288777117107,-5.41090679797466,0.792887651961784));
#3401=CARTESIAN_POINT('Ctrl Pts',(-1.49288777117107,-5.41090679797466,1.3));
#3402=CARTESIAN_POINT('Ctrl Pts',(-1.53043165062827,-5.36201112792693,1.3));
#3403=CARTESIAN_POINT('Ctrl Pts',(-1.53043165062827,-5.36201112792693,1.76956846858102));
#3404=CARTESIAN_POINT('Ctrl Pts',(-2.00000011920929,-5.36201112792693,1.76956846858102));
#3405=CARTESIAN_POINT('Ctrl Pts',(-2.46956858779031,-5.36201112792693,1.76956846858102));
#3406=CARTESIAN_POINT('Ctrl Pts',(-2.46956858779031,-5.36201112792693,1.3));
#3407=CARTESIAN_POINT('Ctrl Pts',(-2.46956858779031,-5.36201112792693,0.830431531418985));
#3408=CARTESIAN_POINT('Ctrl Pts',(-2.00000011920929,-5.36201112792693,0.830431531418985));
#3409=CARTESIAN_POINT('Ctrl Pts',(-1.53043165062827,-5.36201112792693,0.830431531418985));
#3410=CARTESIAN_POINT('Ctrl Pts',(-1.53043165062827,-5.36201112792693,1.3));
#3411=CARTESIAN_POINT('Ctrl Pts',(-1.58260064162177,-5.32544378137158,1.3));
#3412=CARTESIAN_POINT('Ctrl Pts',(-1.58260064162177,-5.32544378137158,1.71739947758752));
#3413=CARTESIAN_POINT('Ctrl Pts',(-2.00000011920929,-5.32544378137158,1.71739947758752));
#3414=CARTESIAN_POINT('Ctrl Pts',(-2.41739959679681,-5.32544378137158,1.71739947758752));
#3415=CARTESIAN_POINT('Ctrl Pts',(-2.41739959679681,-5.32544378137158,1.3));
#3416=CARTESIAN_POINT('Ctrl Pts',(-2.41739959679681,-5.32544378137158,0.88260052241248));
#3417=CARTESIAN_POINT('Ctrl Pts',(-2.00000011920929,-5.32544378137158,0.88260052241248));
#3418=CARTESIAN_POINT('Ctrl Pts',(-1.58260064162177,-5.32544378137158,0.88260052241248));
#3419=CARTESIAN_POINT('Ctrl Pts',(-1.58260064162177,-5.32544378137158,1.3));
#3420=CARTESIAN_POINT('Ctrl Pts',(-1.63985026825659,-5.30863915763904,1.3));
#3421=CARTESIAN_POINT('Ctrl Pts',(-1.63985026825659,-5.30863915763904,1.6601498509527));
#3422=CARTESIAN_POINT('Ctrl Pts',(-2.00000011920929,-5.30863915763904,1.6601498509527));
#3423=CARTESIAN_POINT('Ctrl Pts',(-2.36014997016199,-5.30863915763904,1.6601498509527));
#3424=CARTESIAN_POINT('Ctrl Pts',(-2.36014997016199,-5.30863915763904,1.3));
#3425=CARTESIAN_POINT('Ctrl Pts',(-2.36014997016199,-5.30863915763904,0.939850149047297));
#3426=CARTESIAN_POINT('Ctrl Pts',(-2.00000011920929,-5.30863915763904,0.939850149047297));
#3427=CARTESIAN_POINT('Ctrl Pts',(-1.63985026825659,-5.30863915763904,0.939850149047297));
#3428=CARTESIAN_POINT('Ctrl Pts',(-1.63985026825659,-5.30863915763904,1.3));
#3429=CARTESIAN_POINT('Ctrl Pts',(-1.69229683730963,-5.31725947333253,1.3));
#3430=CARTESIAN_POINT('Ctrl Pts',(-1.69229683730963,-5.31725947333253,1.60770328189966));
#3431=CARTESIAN_POINT('Ctrl Pts',(-2.00000011920929,-5.31725947333253,1.60770328189966));
#3432=CARTESIAN_POINT('Ctrl Pts',(-2.30770340110895,-5.31725947333253,1.60770328189966));
#3433=CARTESIAN_POINT('Ctrl Pts',(-2.30770340110895,-5.31725947333253,1.3));
#3434=CARTESIAN_POINT('Ctrl Pts',(-2.30770340110895,-5.31725947333253,0.99229671810034));
#3435=CARTESIAN_POINT('Ctrl Pts',(-2.00000011920929,-5.31725947333253,0.99229671810034));
#3436=CARTESIAN_POINT('Ctrl Pts',(-1.69229683730963,-5.31725947333253,0.99229671810034));
#3437=CARTESIAN_POINT('Ctrl Pts',(-1.69229683730963,-5.31725947333253,1.3));
#3438=CARTESIAN_POINT('Ctrl Pts',(-1.73247907111616,-5.35325667470004,1.3));
#3439=CARTESIAN_POINT('Ctrl Pts',(-1.73247907111616,-5.35325667470004,1.56752104809313));
#3440=CARTESIAN_POINT('Ctrl Pts',(-2.00000011920929,-5.35325667470004,1.56752104809313));
#3441=CARTESIAN_POINT('Ctrl Pts',(-2.26752116730242,-5.35325667470004,1.56752104809313));
#3442=CARTESIAN_POINT('Ctrl Pts',(-2.26752116730242,-5.35325667470004,1.3));
#3443=CARTESIAN_POINT('Ctrl Pts',(-2.26752116730242,-5.35325667470004,1.03247895190687));
#3444=CARTESIAN_POINT('Ctrl Pts',(-2.00000011920929,-5.35325667470004,1.03247895190687));
#3445=CARTESIAN_POINT('Ctrl Pts',(-1.73247907111616,-5.35325667470004,1.03247895190687));
#3446=CARTESIAN_POINT('Ctrl Pts',(-1.73247907111616,-5.35325667470004,1.3));
#3447=CARTESIAN_POINT('Ctrl Pts',(-1.75810199664979,-5.41292858254885,1.3));
#3448=CARTESIAN_POINT('Ctrl Pts',(-1.75810199664979,-5.41292858254885,1.5418981225595));
#3449=CARTESIAN_POINT('Ctrl Pts',(-2.00000011920929,-5.41292858254885,1.5418981225595));
#3450=CARTESIAN_POINT('Ctrl Pts',(-2.24189824176879,-5.41292858254885,1.5418981225595));
#3451=CARTESIAN_POINT('Ctrl Pts',(-2.24189824176879,-5.41292858254885,1.3));
#3452=CARTESIAN_POINT('Ctrl Pts',(-2.24189824176879,-5.41292858254885,1.0581018774405));
#3453=CARTESIAN_POINT('Ctrl Pts',(-2.00000011920929,-5.41292858254885,1.0581018774405));
#3454=CARTESIAN_POINT('Ctrl Pts',(-1.75810199664979,-5.41292858254885,1.0581018774405));
#3455=CARTESIAN_POINT('Ctrl Pts',(-1.75810199664979,-5.41292858254885,1.3));
#3456=CARTESIAN_POINT('Ctrl Pts',(-1.77083377336792,-5.48843910312336,1.3));
#3457=CARTESIAN_POINT('Ctrl Pts',(-1.77083377336792,-5.48843910312336,1.52916634584137));
#3458=CARTESIAN_POINT('Ctrl Pts',(-2.00000011920929,-5.48843910312336,1.52916634584137));
#3459=CARTESIAN_POINT('Ctrl Pts',(-2.22916646505066,-5.48843910312336,1.52916634584137));
#3460=CARTESIAN_POINT('Ctrl Pts',(-2.22916646505066,-5.48843910312336,1.3));
#3461=CARTESIAN_POINT('Ctrl Pts',(-2.22916646505066,-5.48843910312336,1.07083365415863));
#3462=CARTESIAN_POINT('Ctrl Pts',(-2.00000011920929,-5.48843910312336,1.07083365415863));
#3463=CARTESIAN_POINT('Ctrl Pts',(-1.77083377336792,-5.48843910312336,1.07083365415863));
#3464=CARTESIAN_POINT('Ctrl Pts',(-1.77083377336792,-5.48843910312336,1.3));
#3465=CARTESIAN_POINT('Ctrl Pts',(-1.77508698132669,-5.56934304659963,1.3));
#3466=CARTESIAN_POINT('Ctrl Pts',(-1.77508698132669,-5.56934304659963,1.5249131378826));
#3467=CARTESIAN_POINT('Ctrl Pts',(-2.00000011920929,-5.56934304659963,1.5249131378826));
#3468=CARTESIAN_POINT('Ctrl Pts',(-2.22491325709189,-5.56934304659963,1.5249131378826));
#3469=CARTESIAN_POINT('Ctrl Pts',(-2.22491325709189,-5.56934304659963,1.3));
#3470=CARTESIAN_POINT('Ctrl Pts',(-2.22491325709189,-5.56934304659963,1.0750868621174));
#3471=CARTESIAN_POINT('Ctrl Pts',(-2.00000011920929,-5.56934304659963,1.0750868621174));
#3472=CARTESIAN_POINT('Ctrl Pts',(-1.77508698132669,-5.56934304659963,1.0750868621174));
#3473=CARTESIAN_POINT('Ctrl Pts',(-1.77508698132669,-5.56934304659963,1.3));
#3474=CARTESIAN_POINT('Ctrl Pts',(-1.77679761517128,-5.64412391542945,1.3));
#3475=CARTESIAN_POINT('Ctrl Pts',(-1.77679761517128,-5.64412391542945,1.52320250403801));
#3476=CARTESIAN_POINT('Ctrl Pts',(-2.00000011920929,-5.64412391542945,1.52320250403801));
#3477=CARTESIAN_POINT('Ctrl Pts',(-2.2232026232473,-5.64412391542945,1.52320250403801));
#3478=CARTESIAN_POINT('Ctrl Pts',(-2.2232026232473,-5.64412391542945,1.3));
#3479=CARTESIAN_POINT('Ctrl Pts',(-2.2232026232473,-5.64412391542945,1.07679749596199));
#3480=CARTESIAN_POINT('Ctrl Pts',(-2.00000011920929,-5.64412391542945,1.07679749596199));
#3481=CARTESIAN_POINT('Ctrl Pts',(-1.77679761517128,-5.64412391542945,1.07679749596199));
#3482=CARTESIAN_POINT('Ctrl Pts',(-1.77679761517128,-5.64412391542945,1.3));
#3483=CARTESIAN_POINT('Ctrl Pts',(-1.78224940462285,-5.7016684521953,1.3));
#3484=CARTESIAN_POINT('Ctrl Pts',(-1.78224940462285,-5.7016684521953,1.51775071458644));
#3485=CARTESIAN_POINT('Ctrl Pts',(-2.00000011920929,-5.7016684521953,1.51775071458644));
#3486=CARTESIAN_POINT('Ctrl Pts',(-2.21775083379573,-5.7016684521953,1.51775071458644));
#3487=CARTESIAN_POINT('Ctrl Pts',(-2.21775083379573,-5.7016684521953,1.3));
#3488=CARTESIAN_POINT('Ctrl Pts',(-2.21775083379573,-5.7016684521953,1.08224928541356));
#3489=CARTESIAN_POINT('Ctrl Pts',(-2.00000011920929,-5.7016684521953,1.08224928541356));
#3490=CARTESIAN_POINT('Ctrl Pts',(-1.78224940462285,-5.7016684521953,1.08224928541356));
#3491=CARTESIAN_POINT('Ctrl Pts',(-1.78224940462285,-5.7016684521953,1.3));
#3492=CARTESIAN_POINT('Ctrl Pts',(-1.79678796164666,-5.73289550054944,1.3));
#3493=CARTESIAN_POINT('Ctrl Pts',(-1.79678796164666,-5.73289550054944,1.50321215756263));
#3494=CARTESIAN_POINT('Ctrl Pts',(-2.00000011920929,-5.73289550054944,1.50321215756263));
#3495=CARTESIAN_POINT('Ctrl Pts',(-2.20321227677193,-5.73289550054944,1.50321215756263));
#3496=CARTESIAN_POINT('Ctrl Pts',(-2.20321227677193,-5.73289550054944,1.3));
#3497=CARTESIAN_POINT('Ctrl Pts',(-2.20321227677193,-5.73289550054944,1.09678784243737));
#3498=CARTESIAN_POINT('Ctrl Pts',(-2.00000011920929,-5.73289550054944,1.09678784243737));
#3499=CARTESIAN_POINT('Ctrl Pts',(-1.79678796164666,-5.73289550054944,1.09678784243737));
#3500=CARTESIAN_POINT('Ctrl Pts',(-1.79678796164666,-5.73289550054944,1.3));
#3501=CARTESIAN_POINT('Ctrl Pts',(-1.82386175194881,-5.73193796954875,1.3));
#3502=CARTESIAN_POINT('Ctrl Pts',(-1.82386175194881,-5.73193796954875,1.47613836726048));
#3503=CARTESIAN_POINT('Ctrl Pts',(-2.00000011920929,-5.73193796954875,1.47613836726048));
#3504=CARTESIAN_POINT('Ctrl Pts',(-2.17613848646977,-5.73193796954875,1.47613836726048));
#3505=CARTESIAN_POINT('Ctrl Pts',(-2.17613848646977,-5.73193796954875,1.3));
#3506=CARTESIAN_POINT('Ctrl Pts',(-2.17613848646977,-5.73193796954875,1.12386163273952));
#3507=CARTESIAN_POINT('Ctrl Pts',(-2.00000011920929,-5.73193796954875,1.12386163273952));
#3508=CARTESIAN_POINT('Ctrl Pts',(-1.82386175194881,-5.73193796954875,1.12386163273952));
#3509=CARTESIAN_POINT('Ctrl Pts',(-1.82386175194881,-5.73193796954875,1.3));
#3510=CARTESIAN_POINT('Ctrl Pts',(-1.86554017184623,-5.69530176835829,1.3));
#3511=CARTESIAN_POINT('Ctrl Pts',(-1.86554017184623,-5.69530176835829,1.43445994736306));
#3512=CARTESIAN_POINT('Ctrl Pts',(-2.00000011920929,-5.69530176835829,1.43445994736306));
#3513=CARTESIAN_POINT('Ctrl Pts',(-2.13446006657235,-5.69530176835829,1.43445994736306));
#3514=CARTESIAN_POINT('Ctrl Pts',(-2.13446006657235,-5.69530176835829,1.3));
#3515=CARTESIAN_POINT('Ctrl Pts',(-2.13446006657235,-5.69530176835829,1.16554005263694));
#3516=CARTESIAN_POINT('Ctrl Pts',(-2.00000011920929,-5.69530176835829,1.16554005263694));
#3517=CARTESIAN_POINT('Ctrl Pts',(-1.86554017184623,-5.69530176835829,1.16554005263694));
#3518=CARTESIAN_POINT('Ctrl Pts',(-1.86554017184623,-5.69530176835829,1.3));
#3519=CARTESIAN_POINT('Ctrl Pts',(-1.91136584495519,-5.63611063988092,1.3));
#3520=CARTESIAN_POINT('Ctrl Pts',(-1.91136584495519,-5.63611063988092,1.3886342742541));
#3521=CARTESIAN_POINT('Ctrl Pts',(-2.00000011920929,-5.63611063988092,1.3886342742541));
#3522=CARTESIAN_POINT('Ctrl Pts',(-2.08863439346339,-5.63611063988092,1.3886342742541));
#3523=CARTESIAN_POINT('Ctrl Pts',(-2.08863439346339,-5.63611063988092,1.3));
#3524=CARTESIAN_POINT('Ctrl Pts',(-2.08863439346339,-5.63611063988092,1.2113657257459));
#3525=CARTESIAN_POINT('Ctrl Pts',(-2.00000011920929,-5.63611063988092,1.2113657257459));
#3526=CARTESIAN_POINT('Ctrl Pts',(-1.91136584495519,-5.63611063988092,1.2113657257459));
#3527=CARTESIAN_POINT('Ctrl Pts',(-1.91136584495519,-5.63611063988092,1.3));
#3528=CARTESIAN_POINT('Ctrl Pts',(-1.95289901828319,-5.57467735104255,1.3));
#3529=CARTESIAN_POINT('Ctrl Pts',(-1.95289901828319,-5.57467735104255,1.3471011009261));
#3530=CARTESIAN_POINT('Ctrl Pts',(-2.00000011920929,-5.57467735104255,1.3471011009261));
#3531=CARTESIAN_POINT('Ctrl Pts',(-2.04710122013539,-5.57467735104255,1.3471011009261));
#3532=CARTESIAN_POINT('Ctrl Pts',(-2.04710122013539,-5.57467735104255,1.3));
#3533=CARTESIAN_POINT('Ctrl Pts',(-2.04710122013539,-5.57467735104255,1.2528988990739));
#3534=CARTESIAN_POINT('Ctrl Pts',(-2.00000011920929,-5.57467735104255,1.2528988990739));
#3535=CARTESIAN_POINT('Ctrl Pts',(-1.95289901828319,-5.57467735104255,1.2528988990739));
#3536=CARTESIAN_POINT('Ctrl Pts',(-1.95289901828319,-5.57467735104255,1.3));
#3537=CARTESIAN_POINT('Ctrl Pts',(-1.98376946599399,-5.52615375722054,1.3));
#3538=CARTESIAN_POINT('Ctrl Pts',(-1.98376946599399,-5.52615375722054,1.3162306532153));
#3539=CARTESIAN_POINT('Ctrl Pts',(-2.00000011920929,-5.52615375722054,1.3162306532153));
#3540=CARTESIAN_POINT('Ctrl Pts',(-2.01623077242459,-5.52615375722054,1.3162306532153));
#3541=CARTESIAN_POINT('Ctrl Pts',(-2.01623077242459,-5.52615375722054,1.3));
#3542=CARTESIAN_POINT('Ctrl Pts',(-2.01623077242459,-5.52615375722054,1.2837693467847));
#3543=CARTESIAN_POINT('Ctrl Pts',(-2.00000011920929,-5.52615375722054,1.2837693467847));
#3544=CARTESIAN_POINT('Ctrl Pts',(-1.98376946599399,-5.52615375722054,1.2837693467847));
#3545=CARTESIAN_POINT('Ctrl Pts',(-1.98376946599399,-5.52615375722054,1.3));
#3546=CARTESIAN_POINT('Ctrl Pts',(-2.00000011920929,-5.49999992549419,1.3));
#3547=CARTESIAN_POINT('Ctrl Pts',(-2.00000011920929,-5.49999992549419,1.3));
#3548=CARTESIAN_POINT('Ctrl Pts',(-2.00000011920929,-5.49999992549419,1.3));
#3549=CARTESIAN_POINT('Ctrl Pts',(-2.00000011920929,-5.49999992549419,1.3));
#3550=CARTESIAN_POINT('Ctrl Pts',(-2.00000011920929,-5.49999992549419,1.3));
#3551=CARTESIAN_POINT('Ctrl Pts',(-2.00000011920929,-5.49999992549419,1.3));
#3552=CARTESIAN_POINT('Ctrl Pts',(-2.00000011920929,-5.49999992549419,1.3));
#3553=CARTESIAN_POINT('Ctrl Pts',(-2.00000011920929,-5.49999992549419,1.3));
#3554=CARTESIAN_POINT('Ctrl Pts',(-2.00000011920929,-5.49999992549419,1.3));
#3555=CARTESIAN_POINT('',(-2.00000011920929,-6.39999993890524,1.3));
#3556=CARTESIAN_POINT('',(-2.00000011920929,-5.49999992549419,1.3));
#3557=CARTESIAN_POINT('Ctrl Pts',(-2.00000011920929,-6.39999993890524,1.3));
#3558=CARTESIAN_POINT('Ctrl Pts',(-1.98589181802533,-6.42677583280947,1.3));
#3559=CARTESIAN_POINT('Ctrl Pts',(-1.95891608999162,-6.47636860036975,1.3));
#3560=CARTESIAN_POINT('Ctrl Pts',(-1.92217506497687,-6.53888081756863,1.3));
#3561=CARTESIAN_POINT('Ctrl Pts',(-1.8806375021305,-6.59845999807379,1.3));
#3562=CARTESIAN_POINT('Ctrl Pts',(-1.84086326789708,-6.63397331979354,1.3));
#3563=CARTESIAN_POINT('Ctrl Pts',(-1.81238726823361,-6.63263278099789,1.3));
#3564=CARTESIAN_POINT('Ctrl Pts',(-1.7934561366002,-6.59880959205456,1.3));
#3565=CARTESIAN_POINT('Ctrl Pts',(-1.78114481029503,-6.53982717765135,1.3));
#3566=CARTESIAN_POINT('Ctrl Pts',(-1.7709369121293,-6.46699310042293,1.3));
#3567=CARTESIAN_POINT('Ctrl Pts',(-1.75768618891372,-6.39348819984485,1.3));
#3568=CARTESIAN_POINT('Ctrl Pts',(-1.73673028091984,-6.33189350365878,1.3));
#3569=CARTESIAN_POINT('Ctrl Pts',(-1.70503473105045,-6.29168591235733,1.3));
#3570=CARTESIAN_POINT('Ctrl Pts',(-1.66214001193525,-6.27709910633042,1.3));
#3571=CARTESIAN_POINT('Ctrl Pts',(-1.61165821724169,-6.2839392909683,1.3));
#3572=CARTESIAN_POINT('Ctrl Pts',(-1.56087837746923,-6.30000692412088,1.3));
#3573=CARTESIAN_POINT('Ctrl Pts',(-1.51774495329836,-6.31052401060115,1.3));
#3574=CARTESIAN_POINT('Ctrl Pts',(-1.48850645625927,-6.30228885285578,1.3));
#3575=CARTESIAN_POINT('Ctrl Pts',(-1.47504472823738,-6.26841574378387,1.3));
#3576=CARTESIAN_POINT('Ctrl Pts',(-1.47245656806623,-6.21264735616567,1.3));
#3577=CARTESIAN_POINT('Ctrl Pts',(-1.47229664474682,-6.14525400524848,1.3));
#3578=CARTESIAN_POINT('Ctrl Pts',(-1.46565127526453,-6.07915800587697,1.3));
#3579=CARTESIAN_POINT('Ctrl Pts',(-1.44634307337532,-6.02591950095943,1.3));
#3580=CARTESIAN_POINT('Ctrl Pts',(-1.41391882722705,-5.99193434821247,1.3));
#3581=CARTESIAN_POINT('Ctrl Pts',(-1.37718822432679,-5.97411746585252,1.3));
#3582=CARTESIAN_POINT('Ctrl Pts',(-1.34927921294992,-5.96362419797355,1.3));
#3583=CARTESIAN_POINT('Ctrl Pts',(-1.34232658996666,-5.94998398559517,1.3));
#3584=CARTESIAN_POINT('Ctrl Pts',(-1.3618746436658,-5.92534004079842,1.3));
#3585=CARTESIAN_POINT('Ctrl Pts',(-1.4025872577582,-5.88789662711686,1.3));
#3586=CARTESIAN_POINT('Ctrl Pts',(-1.45300190102027,-5.83969789078602,1.3));
#3587=CARTESIAN_POINT('Ctrl Pts',(-1.49924947536524,-5.78505599920329,1.3));
#3588=CARTESIAN_POINT('Ctrl Pts',(-1.52918890398635,-5.72872560332141,1.3));
#3589=CARTESIAN_POINT('Ctrl Pts',(-1.53630834381173,-5.67421328814352,1.3));
#3590=CARTESIAN_POINT('Ctrl Pts',(-1.52389800327472,-5.62196168887444,1.3));
#3591=CARTESIAN_POINT('Ctrl Pts',(-1.50161611369345,-5.57064797137948,1.3));
#3592=CARTESIAN_POINT('Ctrl Pts',(-1.48192589211899,-5.5185293886416,1.3));
#3593=CARTESIAN_POINT('Ctrl Pts',(-1.47651317054442,-5.46480957899681,1.3));
#3594=CARTESIAN_POINT('Ctrl Pts',(-1.49288777117107,-5.41090679797466,1.3));
#3595=CARTESIAN_POINT('Ctrl Pts',(-1.53043165062827,-5.36201112792693,1.3));
#3596=CARTESIAN_POINT('Ctrl Pts',(-1.58260064162177,-5.32544378137158,1.3));
#3597=CARTESIAN_POINT('Ctrl Pts',(-1.63985026825659,-5.30863915763904,1.3));
#3598=CARTESIAN_POINT('Ctrl Pts',(-1.69229683730963,-5.31725947333253,1.3));
#3599=CARTESIAN_POINT('Ctrl Pts',(-1.73247907111616,-5.35325667470004,1.3));
#3600=CARTESIAN_POINT('Ctrl Pts',(-1.75810199664979,-5.41292858254885,1.3));
#3601=CARTESIAN_POINT('Ctrl Pts',(-1.77083377336792,-5.48843910312336,1.3));
#3602=CARTESIAN_POINT('Ctrl Pts',(-1.77508698132669,-5.56934304659963,1.3));
#3603=CARTESIAN_POINT('Ctrl Pts',(-1.77679761517128,-5.64412391542945,1.3));
#3604=CARTESIAN_POINT('Ctrl Pts',(-1.78224940462285,-5.7016684521953,1.3));
#3605=CARTESIAN_POINT('Ctrl Pts',(-1.79678796164666,-5.73289550054944,1.3));
#3606=CARTESIAN_POINT('Ctrl Pts',(-1.82386175194881,-5.73193796954875,1.3));
#3607=CARTESIAN_POINT('Ctrl Pts',(-1.86554017184623,-5.69530176835829,1.3));
#3608=CARTESIAN_POINT('Ctrl Pts',(-1.91136584495519,-5.63611063988092,1.3));
#3609=CARTESIAN_POINT('Ctrl Pts',(-1.95289901828319,-5.57467735104255,1.3));
#3610=CARTESIAN_POINT('Ctrl Pts',(-1.98376946599399,-5.52615375722054,1.3));
#3611=CARTESIAN_POINT('Ctrl Pts',(-2.00000011920929,-5.49999992549419,1.3));
#3612=CARTESIAN_POINT('Ctrl Pts',(-0.50000011920929,-1.89999993890524,-1.7));
#3613=CARTESIAN_POINT('Ctrl Pts',(-0.50000011920929,-1.89999993890524,-1.7));
#3614=CARTESIAN_POINT('Ctrl Pts',(-0.50000011920929,-1.89999993890524,-1.7));
#3615=CARTESIAN_POINT('Ctrl Pts',(-0.50000011920929,-1.89999993890524,-1.7));
#3616=CARTESIAN_POINT('Ctrl Pts',(-0.50000011920929,-1.89999993890524,-1.7));
#3617=CARTESIAN_POINT('Ctrl Pts',(-0.50000011920929,-1.89999993890524,-1.7));
#3618=CARTESIAN_POINT('Ctrl Pts',(-0.50000011920929,-1.89999993890524,-1.7));
#3619=CARTESIAN_POINT('Ctrl Pts',(-0.50000011920929,-1.89999993890524,-1.7));
#3620=CARTESIAN_POINT('Ctrl Pts',(-0.50000011920929,-1.89999993890524,-1.7));
#3621=CARTESIAN_POINT('Ctrl Pts',(-0.485891818025326,-1.92677583280947,
-1.7));
#3622=CARTESIAN_POINT('Ctrl Pts',(-0.485891818025326,-1.92677583280947,
-1.68589169881604));
#3623=CARTESIAN_POINT('Ctrl Pts',(-0.50000011920929,-1.92677583280947,-1.68589169881604));
#3624=CARTESIAN_POINT('Ctrl Pts',(-0.514108420393255,-1.92677583280947,
-1.68589169881604));
#3625=CARTESIAN_POINT('Ctrl Pts',(-0.514108420393255,-1.92677583280947,
-1.7));
#3626=CARTESIAN_POINT('Ctrl Pts',(-0.514108420393255,-1.92677583280947,
-1.71410830118397));
#3627=CARTESIAN_POINT('Ctrl Pts',(-0.50000011920929,-1.92677583280947,-1.71410830118397));
#3628=CARTESIAN_POINT('Ctrl Pts',(-0.485891818025326,-1.92677583280947,
-1.71410830118397));
#3629=CARTESIAN_POINT('Ctrl Pts',(-0.485891818025326,-1.92677583280947,
-1.7));
#3630=CARTESIAN_POINT('Ctrl Pts',(-0.458916089991619,-1.97636860036975,
-1.7));
#3631=CARTESIAN_POINT('Ctrl Pts',(-0.458916089991619,-1.97636860036975,
-1.65891597078233));
#3632=CARTESIAN_POINT('Ctrl Pts',(-0.50000011920929,-1.97636860036975,-1.65891597078233));
#3633=CARTESIAN_POINT('Ctrl Pts',(-0.541084148426961,-1.97636860036975,
-1.65891597078233));
#3634=CARTESIAN_POINT('Ctrl Pts',(-0.541084148426961,-1.97636860036975,
-1.7));
#3635=CARTESIAN_POINT('Ctrl Pts',(-0.541084148426961,-1.97636860036975,
-1.74108402921767));
#3636=CARTESIAN_POINT('Ctrl Pts',(-0.50000011920929,-1.97636860036975,-1.74108402921767));
#3637=CARTESIAN_POINT('Ctrl Pts',(-0.458916089991619,-1.97636860036975,
-1.74108402921767));
#3638=CARTESIAN_POINT('Ctrl Pts',(-0.458916089991619,-1.97636860036975,
-1.7));
#3639=CARTESIAN_POINT('Ctrl Pts',(-0.422175064976874,-2.03888081756863,
-1.7));
#3640=CARTESIAN_POINT('Ctrl Pts',(-0.422175064976874,-2.03888081756863,
-1.62217494576758));
#3641=CARTESIAN_POINT('Ctrl Pts',(-0.50000011920929,-2.03888081756863,-1.62217494576758));
#3642=CARTESIAN_POINT('Ctrl Pts',(-0.577825173441706,-2.03888081756863,
-1.62217494576758));
#3643=CARTESIAN_POINT('Ctrl Pts',(-0.577825173441706,-2.03888081756863,
-1.7));
#3644=CARTESIAN_POINT('Ctrl Pts',(-0.577825173441706,-2.03888081756863,
-1.77782505423242));
#3645=CARTESIAN_POINT('Ctrl Pts',(-0.50000011920929,-2.03888081756863,-1.77782505423242));
#3646=CARTESIAN_POINT('Ctrl Pts',(-0.422175064976874,-2.03888081756863,
-1.77782505423242));
#3647=CARTESIAN_POINT('Ctrl Pts',(-0.422175064976874,-2.03888081756863,
-1.7));
#3648=CARTESIAN_POINT('Ctrl Pts',(-0.380637502130504,-2.09845999807379,
-1.7));
#3649=CARTESIAN_POINT('Ctrl Pts',(-0.380637502130504,-2.09845999807379,
-1.58063738292121));
#3650=CARTESIAN_POINT('Ctrl Pts',(-0.50000011920929,-2.09845999807379,-1.58063738292121));
#3651=CARTESIAN_POINT('Ctrl Pts',(-0.619362736288076,-2.09845999807379,
-1.58063738292121));
#3652=CARTESIAN_POINT('Ctrl Pts',(-0.619362736288076,-2.09845999807379,
-1.7));
#3653=CARTESIAN_POINT('Ctrl Pts',(-0.619362736288076,-2.09845999807379,
-1.81936261707879));
#3654=CARTESIAN_POINT('Ctrl Pts',(-0.50000011920929,-2.09845999807379,-1.81936261707879));
#3655=CARTESIAN_POINT('Ctrl Pts',(-0.380637502130504,-2.09845999807379,
-1.81936261707879));
#3656=CARTESIAN_POINT('Ctrl Pts',(-0.380637502130504,-2.09845999807379,
-1.7));
#3657=CARTESIAN_POINT('Ctrl Pts',(-0.340863267897085,-2.13397331979354,
-1.7));
#3658=CARTESIAN_POINT('Ctrl Pts',(-0.340863267897085,-2.13397331979354,
-1.54086314868779));
#3659=CARTESIAN_POINT('Ctrl Pts',(-0.50000011920929,-2.13397331979354,-1.54086314868779));
#3660=CARTESIAN_POINT('Ctrl Pts',(-0.659136970521496,-2.13397331979354,
-1.54086314868779));
#3661=CARTESIAN_POINT('Ctrl Pts',(-0.659136970521496,-2.13397331979354,
-1.7));
#3662=CARTESIAN_POINT('Ctrl Pts',(-0.659136970521496,-2.13397331979354,
-1.85913685131221));
#3663=CARTESIAN_POINT('Ctrl Pts',(-0.50000011920929,-2.13397331979354,-1.85913685131221));
#3664=CARTESIAN_POINT('Ctrl Pts',(-0.340863267897085,-2.13397331979354,
-1.85913685131221));
#3665=CARTESIAN_POINT('Ctrl Pts',(-0.340863267897085,-2.13397331979354,
-1.7));
#3666=CARTESIAN_POINT('Ctrl Pts',(-0.312387268233613,-2.13263278099789,
-1.7));
#3667=CARTESIAN_POINT('Ctrl Pts',(-0.312387268233613,-2.13263278099789,
-1.51238714902432));
#3668=CARTESIAN_POINT('Ctrl Pts',(-0.50000011920929,-2.13263278099789,-1.51238714902432));
#3669=CARTESIAN_POINT('Ctrl Pts',(-0.687612970184968,-2.13263278099789,
-1.51238714902432));
#3670=CARTESIAN_POINT('Ctrl Pts',(-0.687612970184968,-2.13263278099789,
-1.7));
#3671=CARTESIAN_POINT('Ctrl Pts',(-0.687612970184968,-2.13263278099789,
-1.88761285097568));
#3672=CARTESIAN_POINT('Ctrl Pts',(-0.50000011920929,-2.13263278099789,-1.88761285097568));
#3673=CARTESIAN_POINT('Ctrl Pts',(-0.312387268233613,-2.13263278099789,
-1.88761285097568));
#3674=CARTESIAN_POINT('Ctrl Pts',(-0.312387268233613,-2.13263278099789,
-1.7));
#3675=CARTESIAN_POINT('Ctrl Pts',(-0.293456136600205,-2.09880959205456,
-1.7));
#3676=CARTESIAN_POINT('Ctrl Pts',(-0.293456136600205,-2.09880959205456,
-1.49345601739092));
#3677=CARTESIAN_POINT('Ctrl Pts',(-0.50000011920929,-2.09880959205456,-1.49345601739092));
#3678=CARTESIAN_POINT('Ctrl Pts',(-0.706544101818375,-2.09880959205456,
-1.49345601739092));
#3679=CARTESIAN_POINT('Ctrl Pts',(-0.706544101818375,-2.09880959205456,
-1.7));
#3680=CARTESIAN_POINT('Ctrl Pts',(-0.706544101818375,-2.09880959205456,
-1.90654398260909));
#3681=CARTESIAN_POINT('Ctrl Pts',(-0.50000011920929,-2.09880959205456,-1.90654398260909));
#3682=CARTESIAN_POINT('Ctrl Pts',(-0.293456136600205,-2.09880959205456,
-1.90654398260909));
#3683=CARTESIAN_POINT('Ctrl Pts',(-0.293456136600205,-2.09880959205456,
-1.7));
#3684=CARTESIAN_POINT('Ctrl Pts',(-0.281144810295032,-2.03982717765135,
-1.7));
#3685=CARTESIAN_POINT('Ctrl Pts',(-0.281144810295032,-2.03982717765135,
-1.48114469108574));
#3686=CARTESIAN_POINT('Ctrl Pts',(-0.50000011920929,-2.03982717765135,-1.48114469108574));
#3687=CARTESIAN_POINT('Ctrl Pts',(-0.718855428123548,-2.03982717765135,
-1.48114469108574));
#3688=CARTESIAN_POINT('Ctrl Pts',(-0.718855428123548,-2.03982717765135,
-1.7));
#3689=CARTESIAN_POINT('Ctrl Pts',(-0.718855428123548,-2.03982717765135,
-1.91885530891426));
#3690=CARTESIAN_POINT('Ctrl Pts',(-0.50000011920929,-2.03982717765135,-1.91885530891426));
#3691=CARTESIAN_POINT('Ctrl Pts',(-0.281144810295032,-2.03982717765135,
-1.91885530891426));
#3692=CARTESIAN_POINT('Ctrl Pts',(-0.281144810295032,-2.03982717765135,
-1.7));
#3693=CARTESIAN_POINT('Ctrl Pts',(-0.270936912129303,-1.96699310042293,
-1.7));
#3694=CARTESIAN_POINT('Ctrl Pts',(-0.270936912129303,-1.96699310042293,
-1.47093679292001));
#3695=CARTESIAN_POINT('Ctrl Pts',(-0.50000011920929,-1.96699310042293,-1.47093679292001));
#3696=CARTESIAN_POINT('Ctrl Pts',(-0.729063326289277,-1.96699310042293,
-1.47093679292001));
#3697=CARTESIAN_POINT('Ctrl Pts',(-0.729063326289277,-1.96699310042293,
-1.7));
#3698=CARTESIAN_POINT('Ctrl Pts',(-0.729063326289277,-1.96699310042293,
-1.92906320707999));
#3699=CARTESIAN_POINT('Ctrl Pts',(-0.50000011920929,-1.96699310042293,-1.92906320707999));
#3700=CARTESIAN_POINT('Ctrl Pts',(-0.270936912129303,-1.96699310042293,
-1.92906320707999));
#3701=CARTESIAN_POINT('Ctrl Pts',(-0.270936912129303,-1.96699310042293,
-1.7));
#3702=CARTESIAN_POINT('Ctrl Pts',(-0.257686188913716,-1.89348819984485,
-1.7));
#3703=CARTESIAN_POINT('Ctrl Pts',(-0.257686188913716,-1.89348819984485,
-1.45768606970443));
#3704=CARTESIAN_POINT('Ctrl Pts',(-0.50000011920929,-1.89348819984485,-1.45768606970443));
#3705=CARTESIAN_POINT('Ctrl Pts',(-0.742314049504864,-1.89348819984485,
-1.45768606970443));
#3706=CARTESIAN_POINT('Ctrl Pts',(-0.742314049504864,-1.89348819984485,
-1.7));
#3707=CARTESIAN_POINT('Ctrl Pts',(-0.742314049504864,-1.89348819984485,
-1.94231393029557));
#3708=CARTESIAN_POINT('Ctrl Pts',(-0.50000011920929,-1.89348819984485,-1.94231393029557));
#3709=CARTESIAN_POINT('Ctrl Pts',(-0.257686188913716,-1.89348819984485,
-1.94231393029557));
#3710=CARTESIAN_POINT('Ctrl Pts',(-0.257686188913716,-1.89348819984485,
-1.7));
#3711=CARTESIAN_POINT('Ctrl Pts',(-0.23673028091984,-1.83189350365878,-1.7));
#3712=CARTESIAN_POINT('Ctrl Pts',(-0.23673028091984,-1.83189350365878,-1.43673016171055));
#3713=CARTESIAN_POINT('Ctrl Pts',(-0.50000011920929,-1.83189350365878,-1.43673016171055));
#3714=CARTESIAN_POINT('Ctrl Pts',(-0.76326995749874,-1.83189350365878,-1.43673016171055));
#3715=CARTESIAN_POINT('Ctrl Pts',(-0.76326995749874,-1.83189350365878,-1.7));
#3716=CARTESIAN_POINT('Ctrl Pts',(-0.76326995749874,-1.83189350365878,-1.96326983828945));
#3717=CARTESIAN_POINT('Ctrl Pts',(-0.50000011920929,-1.83189350365878,-1.96326983828945));
#3718=CARTESIAN_POINT('Ctrl Pts',(-0.23673028091984,-1.83189350365878,-1.96326983828945));
#3719=CARTESIAN_POINT('Ctrl Pts',(-0.23673028091984,-1.83189350365878,-1.7));
#3720=CARTESIAN_POINT('Ctrl Pts',(-0.205034731050453,-1.79168591235733,
-1.7));
#3721=CARTESIAN_POINT('Ctrl Pts',(-0.205034731050453,-1.79168591235733,
-1.40503461184116));
#3722=CARTESIAN_POINT('Ctrl Pts',(-0.50000011920929,-1.79168591235733,-1.40503461184116));
#3723=CARTESIAN_POINT('Ctrl Pts',(-0.794965507368127,-1.79168591235733,
-1.40503461184116));
#3724=CARTESIAN_POINT('Ctrl Pts',(-0.794965507368127,-1.79168591235733,
-1.7));
#3725=CARTESIAN_POINT('Ctrl Pts',(-0.794965507368127,-1.79168591235733,
-1.99496538815884));
#3726=CARTESIAN_POINT('Ctrl Pts',(-0.50000011920929,-1.79168591235733,-1.99496538815884));
#3727=CARTESIAN_POINT('Ctrl Pts',(-0.205034731050453,-1.79168591235733,
-1.99496538815884));
#3728=CARTESIAN_POINT('Ctrl Pts',(-0.205034731050453,-1.79168591235733,
-1.7));
#3729=CARTESIAN_POINT('Ctrl Pts',(-0.16214001193525,-1.77709910633042,-1.7));
#3730=CARTESIAN_POINT('Ctrl Pts',(-0.16214001193525,-1.77709910633042,-1.36213989272596));
#3731=CARTESIAN_POINT('Ctrl Pts',(-0.50000011920929,-1.77709910633042,-1.36213989272596));
#3732=CARTESIAN_POINT('Ctrl Pts',(-0.837860226483331,-1.77709910633042,
-1.36213989272596));
#3733=CARTESIAN_POINT('Ctrl Pts',(-0.837860226483331,-1.77709910633042,
-1.7));
#3734=CARTESIAN_POINT('Ctrl Pts',(-0.837860226483331,-1.77709910633042,
-2.03786010727404));
#3735=CARTESIAN_POINT('Ctrl Pts',(-0.50000011920929,-1.77709910633042,-2.03786010727404));
#3736=CARTESIAN_POINT('Ctrl Pts',(-0.16214001193525,-1.77709910633042,-2.03786010727404));
#3737=CARTESIAN_POINT('Ctrl Pts',(-0.16214001193525,-1.77709910633042,-1.7));
#3738=CARTESIAN_POINT('Ctrl Pts',(-0.11165821724169,-1.7839392909683,-1.7));
#3739=CARTESIAN_POINT('Ctrl Pts',(-0.11165821724169,-1.7839392909683,-1.3116580980324));
#3740=CARTESIAN_POINT('Ctrl Pts',(-0.50000011920929,-1.7839392909683,-1.3116580980324));
#3741=CARTESIAN_POINT('Ctrl Pts',(-0.888342021176891,-1.7839392909683,-1.3116580980324));
#3742=CARTESIAN_POINT('Ctrl Pts',(-0.888342021176891,-1.7839392909683,-1.7));
#3743=CARTESIAN_POINT('Ctrl Pts',(-0.888342021176891,-1.7839392909683,-2.0883419019676));
#3744=CARTESIAN_POINT('Ctrl Pts',(-0.50000011920929,-1.7839392909683,-2.0883419019676));
#3745=CARTESIAN_POINT('Ctrl Pts',(-0.11165821724169,-1.7839392909683,-2.0883419019676));
#3746=CARTESIAN_POINT('Ctrl Pts',(-0.11165821724169,-1.7839392909683,-1.7));
#3747=CARTESIAN_POINT('Ctrl Pts',(-0.0608783774692279,-1.80000692412088,
-1.7));
#3748=CARTESIAN_POINT('Ctrl Pts',(-0.0608783774692279,-1.80000692412088,
-1.26087825825994));
#3749=CARTESIAN_POINT('Ctrl Pts',(-0.50000011920929,-1.80000692412088,-1.26087825825994));
#3750=CARTESIAN_POINT('Ctrl Pts',(-0.939121860949353,-1.80000692412088,
-1.26087825825994));
#3751=CARTESIAN_POINT('Ctrl Pts',(-0.939121860949353,-1.80000692412088,
-1.7));
#3752=CARTESIAN_POINT('Ctrl Pts',(-0.939121860949353,-1.80000692412088,
-2.13912174174006));
#3753=CARTESIAN_POINT('Ctrl Pts',(-0.50000011920929,-1.80000692412088,-2.13912174174006));
#3754=CARTESIAN_POINT('Ctrl Pts',(-0.0608783774692279,-1.80000692412088,
-2.13912174174006));
#3755=CARTESIAN_POINT('Ctrl Pts',(-0.0608783774692279,-1.80000692412088,
-1.7));
#3756=CARTESIAN_POINT('Ctrl Pts',(-0.0177449532983553,-1.81052401060115,
-1.7));
#3757=CARTESIAN_POINT('Ctrl Pts',(-0.0177449532983553,-1.81052401060115,
-1.21774483408907));
#3758=CARTESIAN_POINT('Ctrl Pts',(-0.50000011920929,-1.81052401060115,-1.21774483408907));
#3759=CARTESIAN_POINT('Ctrl Pts',(-0.982255285120225,-1.81052401060115,
-1.21774483408907));
#3760=CARTESIAN_POINT('Ctrl Pts',(-0.982255285120225,-1.81052401060115,
-1.7));
#3761=CARTESIAN_POINT('Ctrl Pts',(-0.982255285120225,-1.81052401060115,
-2.18225516591094));
#3762=CARTESIAN_POINT('Ctrl Pts',(-0.50000011920929,-1.81052401060115,-2.18225516591094));
#3763=CARTESIAN_POINT('Ctrl Pts',(-0.0177449532983553,-1.81052401060115,
-2.18225516591094));
#3764=CARTESIAN_POINT('Ctrl Pts',(-0.0177449532983553,-1.81052401060115,
-1.7));
#3765=CARTESIAN_POINT('Ctrl Pts',(0.0114935437407293,-1.80228885285578,
-1.7));
#3766=CARTESIAN_POINT('Ctrl Pts',(0.0114935437407293,-1.80228885285578,
-1.18850633704998));
#3767=CARTESIAN_POINT('Ctrl Pts',(-0.50000011920929,-1.80228885285578,-1.18850633704998));
#3768=CARTESIAN_POINT('Ctrl Pts',(-1.01149378215931,-1.80228885285578,-1.18850633704998));
#3769=CARTESIAN_POINT('Ctrl Pts',(-1.01149378215931,-1.80228885285578,-1.7));
#3770=CARTESIAN_POINT('Ctrl Pts',(-1.01149378215931,-1.80228885285578,-2.21149366295002));
#3771=CARTESIAN_POINT('Ctrl Pts',(-0.50000011920929,-1.80228885285578,-2.21149366295002));
#3772=CARTESIAN_POINT('Ctrl Pts',(0.0114935437407293,-1.80228885285578,
-2.21149366295002));
#3773=CARTESIAN_POINT('Ctrl Pts',(0.0114935437407293,-1.80228885285578,
-1.7));
#3774=CARTESIAN_POINT('Ctrl Pts',(0.0249552717626222,-1.76841574378387,
-1.7));
#3775=CARTESIAN_POINT('Ctrl Pts',(0.0249552717626222,-1.76841574378387,
-1.17504460902809));
#3776=CARTESIAN_POINT('Ctrl Pts',(-0.50000011920929,-1.76841574378387,-1.17504460902809));
#3777=CARTESIAN_POINT('Ctrl Pts',(-1.0249555101812,-1.76841574378387,-1.17504460902809));
#3778=CARTESIAN_POINT('Ctrl Pts',(-1.0249555101812,-1.76841574378387,-1.7));
#3779=CARTESIAN_POINT('Ctrl Pts',(-1.0249555101812,-1.76841574378387,-2.22495539097191));
#3780=CARTESIAN_POINT('Ctrl Pts',(-0.50000011920929,-1.76841574378387,-2.22495539097191));
#3781=CARTESIAN_POINT('Ctrl Pts',(0.0249552717626222,-1.76841574378387,
-2.22495539097191));
#3782=CARTESIAN_POINT('Ctrl Pts',(0.0249552717626222,-1.76841574378387,
-1.7));
#3783=CARTESIAN_POINT('Ctrl Pts',(0.0275434319337742,-1.71264735616567,
-1.7));
#3784=CARTESIAN_POINT('Ctrl Pts',(0.0275434319337742,-1.71264735616567,
-1.17245644885694));
#3785=CARTESIAN_POINT('Ctrl Pts',(-0.50000011920929,-1.71264735616567,-1.17245644885694));
#3786=CARTESIAN_POINT('Ctrl Pts',(-1.02754367035235,-1.71264735616567,-1.17245644885694));
#3787=CARTESIAN_POINT('Ctrl Pts',(-1.02754367035235,-1.71264735616567,-1.7));
#3788=CARTESIAN_POINT('Ctrl Pts',(-1.02754367035235,-1.71264735616567,-2.22754355114306));
#3789=CARTESIAN_POINT('Ctrl Pts',(-0.50000011920929,-1.71264735616567,-2.22754355114306));
#3790=CARTESIAN_POINT('Ctrl Pts',(0.0275434319337742,-1.71264735616567,
-2.22754355114306));
#3791=CARTESIAN_POINT('Ctrl Pts',(0.0275434319337742,-1.71264735616567,
-1.7));
#3792=CARTESIAN_POINT('Ctrl Pts',(0.0277033552531802,-1.64525400524848,
-1.7));
#3793=CARTESIAN_POINT('Ctrl Pts',(0.0277033552531802,-1.64525400524848,
-1.17229652553753));
#3794=CARTESIAN_POINT('Ctrl Pts',(-0.50000011920929,-1.64525400524848,-1.17229652553753));
#3795=CARTESIAN_POINT('Ctrl Pts',(-1.02770359367176,-1.64525400524848,-1.17229652553753));
#3796=CARTESIAN_POINT('Ctrl Pts',(-1.02770359367176,-1.64525400524848,-1.7));
#3797=CARTESIAN_POINT('Ctrl Pts',(-1.02770359367176,-1.64525400524848,-2.22770347446247));
#3798=CARTESIAN_POINT('Ctrl Pts',(-0.50000011920929,-1.64525400524848,-2.22770347446247));
#3799=CARTESIAN_POINT('Ctrl Pts',(0.0277033552531802,-1.64525400524848,
-2.22770347446247));
#3800=CARTESIAN_POINT('Ctrl Pts',(0.0277033552531802,-1.64525400524848,
-1.7));
#3801=CARTESIAN_POINT('Ctrl Pts',(0.0343487247354712,-1.57915800587697,
-1.7));
#3802=CARTESIAN_POINT('Ctrl Pts',(0.0343487247354712,-1.57915800587697,
-1.16565115605524));
#3803=CARTESIAN_POINT('Ctrl Pts',(-0.50000011920929,-1.57915800587697,-1.16565115605524));
#3804=CARTESIAN_POINT('Ctrl Pts',(-1.03434896315405,-1.57915800587697,-1.16565115605524));
#3805=CARTESIAN_POINT('Ctrl Pts',(-1.03434896315405,-1.57915800587697,-1.7));
#3806=CARTESIAN_POINT('Ctrl Pts',(-1.03434896315405,-1.57915800587697,-2.23434884394476));
#3807=CARTESIAN_POINT('Ctrl Pts',(-0.50000011920929,-1.57915800587697,-2.23434884394476));
#3808=CARTESIAN_POINT('Ctrl Pts',(0.0343487247354712,-1.57915800587697,
-2.23434884394476));
#3809=CARTESIAN_POINT('Ctrl Pts',(0.0343487247354712,-1.57915800587697,
-1.7));
#3810=CARTESIAN_POINT('Ctrl Pts',(0.0536569266246778,-1.52591950095943,
-1.7));
#3811=CARTESIAN_POINT('Ctrl Pts',(0.0536569266246778,-1.52591950095943,
-1.14634295416603));
#3812=CARTESIAN_POINT('Ctrl Pts',(-0.50000011920929,-1.52591950095943,-1.14634295416603));
#3813=CARTESIAN_POINT('Ctrl Pts',(-1.05365716504326,-1.52591950095943,-1.14634295416603));
#3814=CARTESIAN_POINT('Ctrl Pts',(-1.05365716504326,-1.52591950095943,-1.7));
#3815=CARTESIAN_POINT('Ctrl Pts',(-1.05365716504326,-1.52591950095943,-2.25365704583397));
#3816=CARTESIAN_POINT('Ctrl Pts',(-0.50000011920929,-1.52591950095943,-2.25365704583397));
#3817=CARTESIAN_POINT('Ctrl Pts',(0.0536569266246778,-1.52591950095943,
-2.25365704583397));
#3818=CARTESIAN_POINT('Ctrl Pts',(0.0536569266246778,-1.52591950095943,
-1.7));
#3819=CARTESIAN_POINT('Ctrl Pts',(0.086081172772951,-1.49193434821247,-1.7));
#3820=CARTESIAN_POINT('Ctrl Pts',(0.086081172772951,-1.49193434821247,-1.11391870801776));
#3821=CARTESIAN_POINT('Ctrl Pts',(-0.50000011920929,-1.49193434821247,-1.11391870801776));
#3822=CARTESIAN_POINT('Ctrl Pts',(-1.08608141119153,-1.49193434821247,-1.11391870801776));
#3823=CARTESIAN_POINT('Ctrl Pts',(-1.08608141119153,-1.49193434821247,-1.7));
#3824=CARTESIAN_POINT('Ctrl Pts',(-1.08608141119153,-1.49193434821247,-2.28608129198224));
#3825=CARTESIAN_POINT('Ctrl Pts',(-0.50000011920929,-1.49193434821247,-2.28608129198224));
#3826=CARTESIAN_POINT('Ctrl Pts',(0.086081172772951,-1.49193434821247,-2.28608129198224));
#3827=CARTESIAN_POINT('Ctrl Pts',(0.086081172772951,-1.49193434821247,-1.7));
#3828=CARTESIAN_POINT('Ctrl Pts',(0.122811775673212,-1.47411746585252,-1.7));
#3829=CARTESIAN_POINT('Ctrl Pts',(0.122811775673212,-1.47411746585252,-1.0771881051175));
#3830=CARTESIAN_POINT('Ctrl Pts',(-0.50000011920929,-1.47411746585252,-1.0771881051175));
#3831=CARTESIAN_POINT('Ctrl Pts',(-1.12281201409179,-1.47411746585252,-1.0771881051175));
#3832=CARTESIAN_POINT('Ctrl Pts',(-1.12281201409179,-1.47411746585252,-1.7));
#3833=CARTESIAN_POINT('Ctrl Pts',(-1.12281201409179,-1.47411746585252,-2.3228118948825));
#3834=CARTESIAN_POINT('Ctrl Pts',(-0.50000011920929,-1.47411746585252,-2.3228118948825));
#3835=CARTESIAN_POINT('Ctrl Pts',(0.122811775673212,-1.47411746585252,-2.3228118948825));
#3836=CARTESIAN_POINT('Ctrl Pts',(0.122811775673212,-1.47411746585252,-1.7));
#3837=CARTESIAN_POINT('Ctrl Pts',(0.150720787050075,-1.46362419797355,-1.7));
#3838=CARTESIAN_POINT('Ctrl Pts',(0.150720787050075,-1.46362419797355,-1.04927909374063));
#3839=CARTESIAN_POINT('Ctrl Pts',(-0.50000011920929,-1.46362419797355,-1.04927909374063));
#3840=CARTESIAN_POINT('Ctrl Pts',(-1.15072102546866,-1.46362419797355,-1.04927909374063));
#3841=CARTESIAN_POINT('Ctrl Pts',(-1.15072102546866,-1.46362419797355,-1.7));
#3842=CARTESIAN_POINT('Ctrl Pts',(-1.15072102546866,-1.46362419797355,-2.35072090625937));
#3843=CARTESIAN_POINT('Ctrl Pts',(-0.50000011920929,-1.46362419797355,-2.35072090625937));
#3844=CARTESIAN_POINT('Ctrl Pts',(0.150720787050075,-1.46362419797355,-2.35072090625937));
#3845=CARTESIAN_POINT('Ctrl Pts',(0.150720787050075,-1.46362419797355,-1.7));
#3846=CARTESIAN_POINT('Ctrl Pts',(0.157673410033341,-1.44998398559517,-1.7));
#3847=CARTESIAN_POINT('Ctrl Pts',(0.157673410033341,-1.44998398559517,-1.04232647075737));
#3848=CARTESIAN_POINT('Ctrl Pts',(-0.50000011920929,-1.44998398559517,-1.04232647075737));
#3849=CARTESIAN_POINT('Ctrl Pts',(-1.15767364845192,-1.44998398559517,-1.04232647075737));
#3850=CARTESIAN_POINT('Ctrl Pts',(-1.15767364845192,-1.44998398559517,-1.7));
#3851=CARTESIAN_POINT('Ctrl Pts',(-1.15767364845192,-1.44998398559517,-2.35767352924263));
#3852=CARTESIAN_POINT('Ctrl Pts',(-0.50000011920929,-1.44998398559517,-2.35767352924263));
#3853=CARTESIAN_POINT('Ctrl Pts',(0.157673410033341,-1.44998398559517,-2.35767352924263));
#3854=CARTESIAN_POINT('Ctrl Pts',(0.157673410033341,-1.44998398559517,-1.7));
#3855=CARTESIAN_POINT('Ctrl Pts',(0.138125356334201,-1.42534004079842,-1.7));
#3856=CARTESIAN_POINT('Ctrl Pts',(0.138125356334201,-1.42534004079842,-1.06187452445651));
#3857=CARTESIAN_POINT('Ctrl Pts',(-0.50000011920929,-1.42534004079842,-1.06187452445651));
#3858=CARTESIAN_POINT('Ctrl Pts',(-1.13812559475278,-1.42534004079842,-1.06187452445651));
#3859=CARTESIAN_POINT('Ctrl Pts',(-1.13812559475278,-1.42534004079842,-1.7));
#3860=CARTESIAN_POINT('Ctrl Pts',(-1.13812559475278,-1.42534004079842,-2.33812547554349));
#3861=CARTESIAN_POINT('Ctrl Pts',(-0.50000011920929,-1.42534004079842,-2.33812547554349));
#3862=CARTESIAN_POINT('Ctrl Pts',(0.138125356334201,-1.42534004079842,-2.33812547554349));
#3863=CARTESIAN_POINT('Ctrl Pts',(0.138125356334201,-1.42534004079842,-1.7));
#3864=CARTESIAN_POINT('Ctrl Pts',(0.0974127422417981,-1.38789662711686,
-1.7));
#3865=CARTESIAN_POINT('Ctrl Pts',(0.0974127422417981,-1.38789662711686,
-1.10258713854891));
#3866=CARTESIAN_POINT('Ctrl Pts',(-0.50000011920929,-1.38789662711686,-1.10258713854891));
#3867=CARTESIAN_POINT('Ctrl Pts',(-1.09741298066038,-1.38789662711686,-1.10258713854891));
#3868=CARTESIAN_POINT('Ctrl Pts',(-1.09741298066038,-1.38789662711686,-1.7));
#3869=CARTESIAN_POINT('Ctrl Pts',(-1.09741298066038,-1.38789662711686,-2.29741286145109));
#3870=CARTESIAN_POINT('Ctrl Pts',(-0.50000011920929,-1.38789662711686,-2.29741286145109));
#3871=CARTESIAN_POINT('Ctrl Pts',(0.0974127422417981,-1.38789662711686,
-2.29741286145109));
#3872=CARTESIAN_POINT('Ctrl Pts',(0.0974127422417981,-1.38789662711686,
-1.7));
#3873=CARTESIAN_POINT('Ctrl Pts',(0.0469980989797264,-1.33969789078602,
-1.7));
#3874=CARTESIAN_POINT('Ctrl Pts',(0.0469980989797264,-1.33969789078602,
-1.15300178181098));
#3875=CARTESIAN_POINT('Ctrl Pts',(-0.50000011920929,-1.33969789078602,-1.15300178181098));
#3876=CARTESIAN_POINT('Ctrl Pts',(-1.04699833739831,-1.33969789078602,-1.15300178181098));
#3877=CARTESIAN_POINT('Ctrl Pts',(-1.04699833739831,-1.33969789078602,-1.7));
#3878=CARTESIAN_POINT('Ctrl Pts',(-1.04699833739831,-1.33969789078602,-2.24699821818902));
#3879=CARTESIAN_POINT('Ctrl Pts',(-0.50000011920929,-1.33969789078602,-2.24699821818902));
#3880=CARTESIAN_POINT('Ctrl Pts',(0.0469980989797264,-1.33969789078602,
-2.24699821818902));
#3881=CARTESIAN_POINT('Ctrl Pts',(0.0469980989797264,-1.33969789078602,
-1.7));
#3882=CARTESIAN_POINT('Ctrl Pts',(0.000750524634760552,-1.28505599920329,
-1.7));
#3883=CARTESIAN_POINT('Ctrl Pts',(0.000750524634760552,-1.28505599920329,
-1.19924935615595));
#3884=CARTESIAN_POINT('Ctrl Pts',(-0.50000011920929,-1.28505599920329,-1.19924935615595));
#3885=CARTESIAN_POINT('Ctrl Pts',(-1.00075076305334,-1.28505599920329,-1.19924935615595));
#3886=CARTESIAN_POINT('Ctrl Pts',(-1.00075076305334,-1.28505599920329,-1.7));
#3887=CARTESIAN_POINT('Ctrl Pts',(-1.00075076305334,-1.28505599920329,-2.20075064384405));
#3888=CARTESIAN_POINT('Ctrl Pts',(-0.50000011920929,-1.28505599920329,-2.20075064384405));
#3889=CARTESIAN_POINT('Ctrl Pts',(0.000750524634760552,-1.28505599920329,
-2.20075064384405));
#3890=CARTESIAN_POINT('Ctrl Pts',(0.000750524634760552,-1.28505599920329,
-1.7));
#3891=CARTESIAN_POINT('Ctrl Pts',(-0.0291889039863502,-1.22872560332141,
-1.7));
#3892=CARTESIAN_POINT('Ctrl Pts',(-0.0291889039863502,-1.22872560332141,
-1.22918878477706));
#3893=CARTESIAN_POINT('Ctrl Pts',(-0.50000011920929,-1.22872560332141,-1.22918878477706));
#3894=CARTESIAN_POINT('Ctrl Pts',(-0.97081133443223,-1.22872560332141,-1.22918878477706));
#3895=CARTESIAN_POINT('Ctrl Pts',(-0.97081133443223,-1.22872560332141,-1.7));
#3896=CARTESIAN_POINT('Ctrl Pts',(-0.97081133443223,-1.22872560332141,-2.17081121522294));
#3897=CARTESIAN_POINT('Ctrl Pts',(-0.50000011920929,-1.22872560332141,-2.17081121522294));
#3898=CARTESIAN_POINT('Ctrl Pts',(-0.0291889039863502,-1.22872560332141,
-2.17081121522294));
#3899=CARTESIAN_POINT('Ctrl Pts',(-0.0291889039863502,-1.22872560332141,
-1.7));
#3900=CARTESIAN_POINT('Ctrl Pts',(-0.036308343811734,-1.17421328814352,
-1.7));
#3901=CARTESIAN_POINT('Ctrl Pts',(-0.036308343811734,-1.17421328814352,
-1.23630822460244));
#3902=CARTESIAN_POINT('Ctrl Pts',(-0.50000011920929,-1.17421328814352,-1.23630822460244));
#3903=CARTESIAN_POINT('Ctrl Pts',(-0.963691894606846,-1.17421328814352,
-1.23630822460244));
#3904=CARTESIAN_POINT('Ctrl Pts',(-0.963691894606846,-1.17421328814352,
-1.7));
#3905=CARTESIAN_POINT('Ctrl Pts',(-0.963691894606846,-1.17421328814352,
-2.16369177539756));
#3906=CARTESIAN_POINT('Ctrl Pts',(-0.50000011920929,-1.17421328814352,-2.16369177539756));
#3907=CARTESIAN_POINT('Ctrl Pts',(-0.036308343811734,-1.17421328814352,
-2.16369177539756));
#3908=CARTESIAN_POINT('Ctrl Pts',(-0.036308343811734,-1.17421328814352,
-1.7));
#3909=CARTESIAN_POINT('Ctrl Pts',(-0.0238980032747155,-1.12196168887444,
-1.7));
#3910=CARTESIAN_POINT('Ctrl Pts',(-0.0238980032747155,-1.12196168887444,
-1.22389788406543));
#3911=CARTESIAN_POINT('Ctrl Pts',(-0.50000011920929,-1.12196168887444,-1.22389788406543));
#3912=CARTESIAN_POINT('Ctrl Pts',(-0.976102235143865,-1.12196168887444,
-1.22389788406543));
#3913=CARTESIAN_POINT('Ctrl Pts',(-0.976102235143865,-1.12196168887444,
-1.7));
#3914=CARTESIAN_POINT('Ctrl Pts',(-0.976102235143865,-1.12196168887444,
-2.17610211593458));
#3915=CARTESIAN_POINT('Ctrl Pts',(-0.50000011920929,-1.12196168887444,-2.17610211593458));
#3916=CARTESIAN_POINT('Ctrl Pts',(-0.0238980032747155,-1.12196168887444,
-2.17610211593458));
#3917=CARTESIAN_POINT('Ctrl Pts',(-0.0238980032747155,-1.12196168887444,
-1.7));
#3918=CARTESIAN_POINT('Ctrl Pts',(-0.00161611369344783,-1.07064797137948,
-1.7));
#3919=CARTESIAN_POINT('Ctrl Pts',(-0.00161611369344783,-1.07064797137948,
-1.20161599448416));
#3920=CARTESIAN_POINT('Ctrl Pts',(-0.50000011920929,-1.07064797137948,-1.20161599448416));
#3921=CARTESIAN_POINT('Ctrl Pts',(-0.998384124725132,-1.07064797137948,
-1.20161599448416));
#3922=CARTESIAN_POINT('Ctrl Pts',(-0.998384124725132,-1.07064797137948,
-1.7));
#3923=CARTESIAN_POINT('Ctrl Pts',(-0.998384124725132,-1.07064797137948,
-2.19838400551584));
#3924=CARTESIAN_POINT('Ctrl Pts',(-0.50000011920929,-1.07064797137948,-2.19838400551584));
#3925=CARTESIAN_POINT('Ctrl Pts',(-0.00161611369344783,-1.07064797137948,
-2.19838400551584));
#3926=CARTESIAN_POINT('Ctrl Pts',(-0.00161611369344783,-1.07064797137948,
-1.7));
#3927=CARTESIAN_POINT('Ctrl Pts',(0.0180741078810109,-1.0185293886416,-1.7));
#3928=CARTESIAN_POINT('Ctrl Pts',(0.0180741078810109,-1.0185293886416,-1.1819257729097));
#3929=CARTESIAN_POINT('Ctrl Pts',(-0.50000011920929,-1.0185293886416,-1.1819257729097));
#3930=CARTESIAN_POINT('Ctrl Pts',(-1.01807434629959,-1.0185293886416,-1.1819257729097));
#3931=CARTESIAN_POINT('Ctrl Pts',(-1.01807434629959,-1.0185293886416,-1.7));
#3932=CARTESIAN_POINT('Ctrl Pts',(-1.01807434629959,-1.0185293886416,-2.2180742270903));
#3933=CARTESIAN_POINT('Ctrl Pts',(-0.50000011920929,-1.0185293886416,-2.2180742270903));
#3934=CARTESIAN_POINT('Ctrl Pts',(0.0180741078810109,-1.0185293886416,-2.2180742270903));
#3935=CARTESIAN_POINT('Ctrl Pts',(0.0180741078810109,-1.0185293886416,-1.7));
#3936=CARTESIAN_POINT('Ctrl Pts',(0.0234868294555846,-0.964809578996814,
-1.7));
#3937=CARTESIAN_POINT('Ctrl Pts',(0.0234868294555846,-0.964809578996814,
-1.17651305133513));
#3938=CARTESIAN_POINT('Ctrl Pts',(-0.50000011920929,-0.964809578996814,
-1.17651305133513));
#3939=CARTESIAN_POINT('Ctrl Pts',(-1.02348706787417,-0.964809578996814,
-1.17651305133513));
#3940=CARTESIAN_POINT('Ctrl Pts',(-1.02348706787417,-0.964809578996814,
-1.7));
#3941=CARTESIAN_POINT('Ctrl Pts',(-1.02348706787417,-0.964809578996814,
-2.22348694866487));
#3942=CARTESIAN_POINT('Ctrl Pts',(-0.50000011920929,-0.964809578996814,
-2.22348694866487));
#3943=CARTESIAN_POINT('Ctrl Pts',(0.0234868294555846,-0.964809578996814,
-2.22348694866487));
#3944=CARTESIAN_POINT('Ctrl Pts',(0.0234868294555846,-0.964809578996814,
-1.7));
#3945=CARTESIAN_POINT('Ctrl Pts',(0.00711222882892604,-0.910906797974657,
-1.7));
#3946=CARTESIAN_POINT('Ctrl Pts',(0.00711222882892604,-0.910906797974657,
-1.19288765196178));
#3947=CARTESIAN_POINT('Ctrl Pts',(-0.50000011920929,-0.910906797974657,
-1.19288765196178));
#3948=CARTESIAN_POINT('Ctrl Pts',(-1.00711246724751,-0.910906797974657,
-1.19288765196178));
#3949=CARTESIAN_POINT('Ctrl Pts',(-1.00711246724751,-0.910906797974657,
-1.7));
#3950=CARTESIAN_POINT('Ctrl Pts',(-1.00711246724751,-0.910906797974657,
-2.20711234803822));
#3951=CARTESIAN_POINT('Ctrl Pts',(-0.50000011920929,-0.910906797974657,
-2.20711234803822));
#3952=CARTESIAN_POINT('Ctrl Pts',(0.00711222882892604,-0.910906797974657,
-2.20711234803822));
#3953=CARTESIAN_POINT('Ctrl Pts',(0.00711222882892604,-0.910906797974657,
-1.7));
#3954=CARTESIAN_POINT('Ctrl Pts',(-0.0304316506282748,-0.862011127926925,
-1.7));
#3955=CARTESIAN_POINT('Ctrl Pts',(-0.0304316506282748,-0.862011127926925,
-1.23043153141899));
#3956=CARTESIAN_POINT('Ctrl Pts',(-0.50000011920929,-0.862011127926925,
-1.23043153141899));
#3957=CARTESIAN_POINT('Ctrl Pts',(-0.969568587790305,-0.862011127926925,
-1.23043153141899));
#3958=CARTESIAN_POINT('Ctrl Pts',(-0.969568587790305,-0.862011127926925,
-1.7));
#3959=CARTESIAN_POINT('Ctrl Pts',(-0.969568587790305,-0.862011127926925,
-2.16956846858102));
#3960=CARTESIAN_POINT('Ctrl Pts',(-0.50000011920929,-0.862011127926925,
-2.16956846858102));
#3961=CARTESIAN_POINT('Ctrl Pts',(-0.0304316506282748,-0.862011127926925,
-2.16956846858102));
#3962=CARTESIAN_POINT('Ctrl Pts',(-0.0304316506282748,-0.862011127926925,
-1.7));
#3963=CARTESIAN_POINT('Ctrl Pts',(-0.0826006416217695,-0.825443781371577,
-1.7));
#3964=CARTESIAN_POINT('Ctrl Pts',(-0.0826006416217695,-0.825443781371577,
-1.28260052241248));
#3965=CARTESIAN_POINT('Ctrl Pts',(-0.50000011920929,-0.825443781371577,
-1.28260052241248));
#3966=CARTESIAN_POINT('Ctrl Pts',(-0.917399596796811,-0.825443781371577,
-1.28260052241248));
#3967=CARTESIAN_POINT('Ctrl Pts',(-0.917399596796811,-0.825443781371577,
-1.7));
#3968=CARTESIAN_POINT('Ctrl Pts',(-0.917399596796811,-0.825443781371577,
-2.11739947758752));
#3969=CARTESIAN_POINT('Ctrl Pts',(-0.50000011920929,-0.825443781371577,
-2.11739947758752));
#3970=CARTESIAN_POINT('Ctrl Pts',(-0.0826006416217695,-0.825443781371577,
-2.11739947758752));
#3971=CARTESIAN_POINT('Ctrl Pts',(-0.0826006416217695,-0.825443781371577,
-1.7));
#3972=CARTESIAN_POINT('Ctrl Pts',(-0.139850268256587,-0.808639157639042,
-1.7));
#3973=CARTESIAN_POINT('Ctrl Pts',(-0.139850268256587,-0.808639157639042,
-1.3398501490473));
#3974=CARTESIAN_POINT('Ctrl Pts',(-0.50000011920929,-0.808639157639042,
-1.3398501490473));
#3975=CARTESIAN_POINT('Ctrl Pts',(-0.860149970161994,-0.808639157639042,
-1.3398501490473));
#3976=CARTESIAN_POINT('Ctrl Pts',(-0.860149970161994,-0.808639157639042,
-1.7));
#3977=CARTESIAN_POINT('Ctrl Pts',(-0.860149970161994,-0.808639157639042,
-2.0601498509527));
#3978=CARTESIAN_POINT('Ctrl Pts',(-0.50000011920929,-0.808639157639042,
-2.0601498509527));
#3979=CARTESIAN_POINT('Ctrl Pts',(-0.139850268256587,-0.808639157639042,
-2.0601498509527));
#3980=CARTESIAN_POINT('Ctrl Pts',(-0.139850268256587,-0.808639157639042,
-1.7));
#3981=CARTESIAN_POINT('Ctrl Pts',(-0.19229683730963,-0.817259473332532,
-1.7));
#3982=CARTESIAN_POINT('Ctrl Pts',(-0.19229683730963,-0.817259473332532,
-1.39229671810034));
#3983=CARTESIAN_POINT('Ctrl Pts',(-0.50000011920929,-0.817259473332532,
-1.39229671810034));
#3984=CARTESIAN_POINT('Ctrl Pts',(-0.80770340110895,-0.817259473332532,
-1.39229671810034));
#3985=CARTESIAN_POINT('Ctrl Pts',(-0.80770340110895,-0.817259473332532,
-1.7));
#3986=CARTESIAN_POINT('Ctrl Pts',(-0.80770340110895,-0.817259473332532,
-2.00770328189966));
#3987=CARTESIAN_POINT('Ctrl Pts',(-0.50000011920929,-0.817259473332532,
-2.00770328189966));
#3988=CARTESIAN_POINT('Ctrl Pts',(-0.19229683730963,-0.817259473332532,
-2.00770328189966));
#3989=CARTESIAN_POINT('Ctrl Pts',(-0.19229683730963,-0.817259473332532,
-1.7));
#3990=CARTESIAN_POINT('Ctrl Pts',(-0.232479071116161,-0.853256674700038,
-1.7));
#3991=CARTESIAN_POINT('Ctrl Pts',(-0.232479071116161,-0.853256674700038,
-1.43247895190687));
#3992=CARTESIAN_POINT('Ctrl Pts',(-0.50000011920929,-0.853256674700038,
-1.43247895190687));
#3993=CARTESIAN_POINT('Ctrl Pts',(-0.767521167302419,-0.853256674700038,
-1.43247895190687));
#3994=CARTESIAN_POINT('Ctrl Pts',(-0.767521167302419,-0.853256674700038,
-1.7));
#3995=CARTESIAN_POINT('Ctrl Pts',(-0.767521167302419,-0.853256674700038,
-1.96752104809313));
#3996=CARTESIAN_POINT('Ctrl Pts',(-0.50000011920929,-0.853256674700038,
-1.96752104809313));
#3997=CARTESIAN_POINT('Ctrl Pts',(-0.232479071116161,-0.853256674700038,
-1.96752104809313));
#3998=CARTESIAN_POINT('Ctrl Pts',(-0.232479071116161,-0.853256674700038,
-1.7));
#3999=CARTESIAN_POINT('Ctrl Pts',(-0.258101996649787,-0.912928582548846,
-1.7));
#4000=CARTESIAN_POINT('Ctrl Pts',(-0.258101996649787,-0.912928582548846,
-1.4581018774405));
#4001=CARTESIAN_POINT('Ctrl Pts',(-0.50000011920929,-0.912928582548846,
-1.4581018774405));
#4002=CARTESIAN_POINT('Ctrl Pts',(-0.741898241768794,-0.912928582548846,
-1.4581018774405));
#4003=CARTESIAN_POINT('Ctrl Pts',(-0.741898241768794,-0.912928582548846,
-1.7));
#4004=CARTESIAN_POINT('Ctrl Pts',(-0.741898241768794,-0.912928582548846,
-1.9418981225595));
#4005=CARTESIAN_POINT('Ctrl Pts',(-0.50000011920929,-0.912928582548846,
-1.9418981225595));
#4006=CARTESIAN_POINT('Ctrl Pts',(-0.258101996649787,-0.912928582548846,
-1.9418981225595));
#4007=CARTESIAN_POINT('Ctrl Pts',(-0.258101996649787,-0.912928582548846,
-1.7));
#4008=CARTESIAN_POINT('Ctrl Pts',(-0.270833773367921,-0.988439103123364,
-1.7));
#4009=CARTESIAN_POINT('Ctrl Pts',(-0.270833773367921,-0.988439103123364,
-1.47083365415863));
#4010=CARTESIAN_POINT('Ctrl Pts',(-0.50000011920929,-0.988439103123364,
-1.47083365415863));
#4011=CARTESIAN_POINT('Ctrl Pts',(-0.729166465050659,-0.988439103123364,
-1.47083365415863));
#4012=CARTESIAN_POINT('Ctrl Pts',(-0.729166465050659,-0.988439103123364,
-1.7));
#4013=CARTESIAN_POINT('Ctrl Pts',(-0.729166465050659,-0.988439103123364,
-1.92916634584137));
#4014=CARTESIAN_POINT('Ctrl Pts',(-0.50000011920929,-0.988439103123364,
-1.92916634584137));
#4015=CARTESIAN_POINT('Ctrl Pts',(-0.270833773367921,-0.988439103123364,
-1.92916634584137));
#4016=CARTESIAN_POINT('Ctrl Pts',(-0.270833773367921,-0.988439103123364,
-1.7));
#4017=CARTESIAN_POINT('Ctrl Pts',(-0.275086981326693,-1.06934304659963,
-1.7));
#4018=CARTESIAN_POINT('Ctrl Pts',(-0.275086981326693,-1.06934304659963,
-1.4750868621174));
#4019=CARTESIAN_POINT('Ctrl Pts',(-0.50000011920929,-1.06934304659963,-1.4750868621174));
#4020=CARTESIAN_POINT('Ctrl Pts',(-0.724913257091887,-1.06934304659963,
-1.4750868621174));
#4021=CARTESIAN_POINT('Ctrl Pts',(-0.724913257091887,-1.06934304659963,
-1.7));
#4022=CARTESIAN_POINT('Ctrl Pts',(-0.724913257091887,-1.06934304659963,
-1.9249131378826));
#4023=CARTESIAN_POINT('Ctrl Pts',(-0.50000011920929,-1.06934304659963,-1.9249131378826));
#4024=CARTESIAN_POINT('Ctrl Pts',(-0.275086981326693,-1.06934304659963,
-1.9249131378826));
#4025=CARTESIAN_POINT('Ctrl Pts',(-0.275086981326693,-1.06934304659963,
-1.7));
#4026=CARTESIAN_POINT('Ctrl Pts',(-0.276797615171278,-1.14412391542945,
-1.7));
#4027=CARTESIAN_POINT('Ctrl Pts',(-0.276797615171278,-1.14412391542945,
-1.47679749596199));
#4028=CARTESIAN_POINT('Ctrl Pts',(-0.50000011920929,-1.14412391542945,-1.47679749596199));
#4029=CARTESIAN_POINT('Ctrl Pts',(-0.723202623247303,-1.14412391542945,
-1.47679749596199));
#4030=CARTESIAN_POINT('Ctrl Pts',(-0.723202623247303,-1.14412391542945,
-1.7));
#4031=CARTESIAN_POINT('Ctrl Pts',(-0.723202623247303,-1.14412391542945,
-1.92320250403801));
#4032=CARTESIAN_POINT('Ctrl Pts',(-0.50000011920929,-1.14412391542945,-1.92320250403801));
#4033=CARTESIAN_POINT('Ctrl Pts',(-0.276797615171278,-1.14412391542945,
-1.92320250403801));
#4034=CARTESIAN_POINT('Ctrl Pts',(-0.276797615171278,-1.14412391542945,
-1.7));
#4035=CARTESIAN_POINT('Ctrl Pts',(-0.282249404622847,-1.2016684521953,-1.7));
#4036=CARTESIAN_POINT('Ctrl Pts',(-0.282249404622847,-1.2016684521953,-1.48224928541356));
#4037=CARTESIAN_POINT('Ctrl Pts',(-0.50000011920929,-1.2016684521953,-1.48224928541356));
#4038=CARTESIAN_POINT('Ctrl Pts',(-0.717750833795733,-1.2016684521953,-1.48224928541356));
#4039=CARTESIAN_POINT('Ctrl Pts',(-0.717750833795733,-1.2016684521953,-1.7));
#4040=CARTESIAN_POINT('Ctrl Pts',(-0.717750833795733,-1.2016684521953,-1.91775071458644));
#4041=CARTESIAN_POINT('Ctrl Pts',(-0.50000011920929,-1.2016684521953,-1.91775071458644));
#4042=CARTESIAN_POINT('Ctrl Pts',(-0.282249404622847,-1.2016684521953,-1.91775071458644));
#4043=CARTESIAN_POINT('Ctrl Pts',(-0.282249404622847,-1.2016684521953,-1.7));
#4044=CARTESIAN_POINT('Ctrl Pts',(-0.296787961646655,-1.23289550054944,
-1.7));
#4045=CARTESIAN_POINT('Ctrl Pts',(-0.296787961646655,-1.23289550054944,
-1.49678784243737));
#4046=CARTESIAN_POINT('Ctrl Pts',(-0.50000011920929,-1.23289550054944,-1.49678784243737));
#4047=CARTESIAN_POINT('Ctrl Pts',(-0.703212276771925,-1.23289550054944,
-1.49678784243737));
#4048=CARTESIAN_POINT('Ctrl Pts',(-0.703212276771925,-1.23289550054944,
-1.7));
#4049=CARTESIAN_POINT('Ctrl Pts',(-0.703212276771925,-1.23289550054944,
-1.90321215756264));
#4050=CARTESIAN_POINT('Ctrl Pts',(-0.50000011920929,-1.23289550054944,-1.90321215756264));
#4051=CARTESIAN_POINT('Ctrl Pts',(-0.296787961646655,-1.23289550054944,
-1.90321215756264));
#4052=CARTESIAN_POINT('Ctrl Pts',(-0.296787961646655,-1.23289550054944,
-1.7));
#4053=CARTESIAN_POINT('Ctrl Pts',(-0.323861751948806,-1.23193796954875,
-1.7));
#4054=CARTESIAN_POINT('Ctrl Pts',(-0.323861751948806,-1.23193796954875,
-1.52386163273952));
#4055=CARTESIAN_POINT('Ctrl Pts',(-0.50000011920929,-1.23193796954875,-1.52386163273952));
#4056=CARTESIAN_POINT('Ctrl Pts',(-0.676138486469774,-1.23193796954875,
-1.52386163273952));
#4057=CARTESIAN_POINT('Ctrl Pts',(-0.676138486469774,-1.23193796954875,
-1.7));
#4058=CARTESIAN_POINT('Ctrl Pts',(-0.676138486469774,-1.23193796954875,
-1.87613836726048));
#4059=CARTESIAN_POINT('Ctrl Pts',(-0.50000011920929,-1.23193796954875,-1.87613836726048));
#4060=CARTESIAN_POINT('Ctrl Pts',(-0.323861751948806,-1.23193796954875,
-1.87613836726048));
#4061=CARTESIAN_POINT('Ctrl Pts',(-0.323861751948806,-1.23193796954875,
-1.7));
#4062=CARTESIAN_POINT('Ctrl Pts',(-0.365540171846234,-1.19530176835829,
-1.7));
#4063=CARTESIAN_POINT('Ctrl Pts',(-0.365540171846234,-1.19530176835829,
-1.56554005263694));
#4064=CARTESIAN_POINT('Ctrl Pts',(-0.50000011920929,-1.19530176835829,-1.56554005263694));
#4065=CARTESIAN_POINT('Ctrl Pts',(-0.634460066572347,-1.19530176835829,
-1.56554005263694));
#4066=CARTESIAN_POINT('Ctrl Pts',(-0.634460066572347,-1.19530176835829,
-1.7));
#4067=CARTESIAN_POINT('Ctrl Pts',(-0.634460066572347,-1.19530176835829,
-1.83445994736306));
#4068=CARTESIAN_POINT('Ctrl Pts',(-0.50000011920929,-1.19530176835829,-1.83445994736306));
#4069=CARTESIAN_POINT('Ctrl Pts',(-0.365540171846234,-1.19530176835829,
-1.83445994736306));
#4070=CARTESIAN_POINT('Ctrl Pts',(-0.365540171846234,-1.19530176835829,
-1.7));
#4071=CARTESIAN_POINT('Ctrl Pts',(-0.411365844955189,-1.13611063988092,
-1.7));
#4072=CARTESIAN_POINT('Ctrl Pts',(-0.411365844955189,-1.13611063988092,
-1.6113657257459));
#4073=CARTESIAN_POINT('Ctrl Pts',(-0.50000011920929,-1.13611063988092,-1.6113657257459));
#4074=CARTESIAN_POINT('Ctrl Pts',(-0.588634393463391,-1.13611063988092,
-1.6113657257459));
#4075=CARTESIAN_POINT('Ctrl Pts',(-0.588634393463391,-1.13611063988092,
-1.7));
#4076=CARTESIAN_POINT('Ctrl Pts',(-0.588634393463391,-1.13611063988092,
-1.7886342742541));
#4077=CARTESIAN_POINT('Ctrl Pts',(-0.50000011920929,-1.13611063988092,-1.7886342742541));
#4078=CARTESIAN_POINT('Ctrl Pts',(-0.411365844955189,-1.13611063988092,
-1.7886342742541));
#4079=CARTESIAN_POINT('Ctrl Pts',(-0.411365844955189,-1.13611063988092,
-1.7));
#4080=CARTESIAN_POINT('Ctrl Pts',(-0.452899018283187,-1.07467735104255,
-1.7));
#4081=CARTESIAN_POINT('Ctrl Pts',(-0.452899018283187,-1.07467735104255,
-1.6528988990739));
#4082=CARTESIAN_POINT('Ctrl Pts',(-0.50000011920929,-1.07467735104255,-1.6528988990739));
#4083=CARTESIAN_POINT('Ctrl Pts',(-0.547101220135393,-1.07467735104255,
-1.6528988990739));
#4084=CARTESIAN_POINT('Ctrl Pts',(-0.547101220135393,-1.07467735104255,
-1.7));
#4085=CARTESIAN_POINT('Ctrl Pts',(-0.547101220135393,-1.07467735104255,
-1.7471011009261));
#4086=CARTESIAN_POINT('Ctrl Pts',(-0.50000011920929,-1.07467735104255,-1.7471011009261));
#4087=CARTESIAN_POINT('Ctrl Pts',(-0.452899018283187,-1.07467735104255,
-1.7471011009261));
#4088=CARTESIAN_POINT('Ctrl Pts',(-0.452899018283187,-1.07467735104255,
-1.7));
#4089=CARTESIAN_POINT('Ctrl Pts',(-0.483769465993989,-1.02615375722054,
-1.7));
#4090=CARTESIAN_POINT('Ctrl Pts',(-0.483769465993989,-1.02615375722054,
-1.6837693467847));
#4091=CARTESIAN_POINT('Ctrl Pts',(-0.50000011920929,-1.02615375722054,-1.6837693467847));
#4092=CARTESIAN_POINT('Ctrl Pts',(-0.516230772424591,-1.02615375722054,
-1.6837693467847));
#4093=CARTESIAN_POINT('Ctrl Pts',(-0.516230772424591,-1.02615375722054,
-1.7));
#4094=CARTESIAN_POINT('Ctrl Pts',(-0.516230772424591,-1.02615375722054,
-1.7162306532153));
#4095=CARTESIAN_POINT('Ctrl Pts',(-0.50000011920929,-1.02615375722054,-1.7162306532153));
#4096=CARTESIAN_POINT('Ctrl Pts',(-0.483769465993989,-1.02615375722054,
-1.7162306532153));
#4097=CARTESIAN_POINT('Ctrl Pts',(-0.483769465993989,-1.02615375722054,
-1.7));
#4098=CARTESIAN_POINT('Ctrl Pts',(-0.50000011920929,-0.999999925494194,
-1.7));
#4099=CARTESIAN_POINT('Ctrl Pts',(-0.50000011920929,-0.999999925494194,
-1.7));
#4100=CARTESIAN_POINT('Ctrl Pts',(-0.50000011920929,-0.999999925494194,
-1.7));
#4101=CARTESIAN_POINT('Ctrl Pts',(-0.50000011920929,-0.999999925494194,
-1.7));
#4102=CARTESIAN_POINT('Ctrl Pts',(-0.50000011920929,-0.999999925494194,
-1.7));
#4103=CARTESIAN_POINT('Ctrl Pts',(-0.50000011920929,-0.999999925494194,
-1.7));
#4104=CARTESIAN_POINT('Ctrl Pts',(-0.50000011920929,-0.999999925494194,
-1.7));
#4105=CARTESIAN_POINT('Ctrl Pts',(-0.50000011920929,-0.999999925494194,
-1.7));
#4106=CARTESIAN_POINT('Ctrl Pts',(-0.50000011920929,-0.999999925494194,
-1.7));
#4107=CARTESIAN_POINT('',(-0.50000011920929,-1.89999993890524,-1.7));
#4108=CARTESIAN_POINT('',(-0.50000011920929,-0.999999925494194,-1.7));
#4109=CARTESIAN_POINT('Ctrl Pts',(-0.50000011920929,-1.89999993890524,-1.7));
#4110=CARTESIAN_POINT('Ctrl Pts',(-0.485891818025326,-1.92677583280947,
-1.7));
#4111=CARTESIAN_POINT('Ctrl Pts',(-0.458916089991619,-1.97636860036975,
-1.7));
#4112=CARTESIAN_POINT('Ctrl Pts',(-0.422175064976874,-2.03888081756863,
-1.7));
#4113=CARTESIAN_POINT('Ctrl Pts',(-0.380637502130504,-2.09845999807379,
-1.7));
#4114=CARTESIAN_POINT('Ctrl Pts',(-0.340863267897085,-2.13397331979354,
-1.7));
#4115=CARTESIAN_POINT('Ctrl Pts',(-0.312387268233613,-2.13263278099789,
-1.7));
#4116=CARTESIAN_POINT('Ctrl Pts',(-0.293456136600205,-2.09880959205456,
-1.7));
#4117=CARTESIAN_POINT('Ctrl Pts',(-0.281144810295032,-2.03982717765135,
-1.7));
#4118=CARTESIAN_POINT('Ctrl Pts',(-0.270936912129303,-1.96699310042293,
-1.7));
#4119=CARTESIAN_POINT('Ctrl Pts',(-0.257686188913716,-1.89348819984485,
-1.7));
#4120=CARTESIAN_POINT('Ctrl Pts',(-0.23673028091984,-1.83189350365878,-1.7));
#4121=CARTESIAN_POINT('Ctrl Pts',(-0.205034731050453,-1.79168591235733,
-1.7));
#4122=CARTESIAN_POINT('Ctrl Pts',(-0.16214001193525,-1.77709910633042,-1.7));
#4123=CARTESIAN_POINT('Ctrl Pts',(-0.11165821724169,-1.7839392909683,-1.7));
#4124=CARTESIAN_POINT('Ctrl Pts',(-0.0608783774692279,-1.80000692412088,
-1.7));
#4125=CARTESIAN_POINT('Ctrl Pts',(-0.0177449532983553,-1.81052401060115,
-1.7));
#4126=CARTESIAN_POINT('Ctrl Pts',(0.0114935437407293,-1.80228885285578,
-1.7));
#4127=CARTESIAN_POINT('Ctrl Pts',(0.0249552717626222,-1.76841574378387,
-1.7));
#4128=CARTESIAN_POINT('Ctrl Pts',(0.0275434319337742,-1.71264735616567,
-1.7));
#4129=CARTESIAN_POINT('Ctrl Pts',(0.0277033552531802,-1.64525400524848,
-1.7));
#4130=CARTESIAN_POINT('Ctrl Pts',(0.0343487247354712,-1.57915800587697,
-1.7));
#4131=CARTESIAN_POINT('Ctrl Pts',(0.0536569266246778,-1.52591950095943,
-1.7));
#4132=CARTESIAN_POINT('Ctrl Pts',(0.086081172772951,-1.49193434821247,-1.7));
#4133=CARTESIAN_POINT('Ctrl Pts',(0.122811775673212,-1.47411746585252,-1.7));
#4134=CARTESIAN_POINT('Ctrl Pts',(0.150720787050075,-1.46362419797355,-1.7));
#4135=CARTESIAN_POINT('Ctrl Pts',(0.157673410033341,-1.44998398559517,-1.7));
#4136=CARTESIAN_POINT('Ctrl Pts',(0.138125356334201,-1.42534004079842,-1.7));
#4137=CARTESIAN_POINT('Ctrl Pts',(0.0974127422417981,-1.38789662711686,
-1.7));
#4138=CARTESIAN_POINT('Ctrl Pts',(0.0469980989797264,-1.33969789078602,
-1.7));
#4139=CARTESIAN_POINT('Ctrl Pts',(0.000750524634760552,-1.28505599920329,
-1.7));
#4140=CARTESIAN_POINT('Ctrl Pts',(-0.0291889039863502,-1.22872560332141,
-1.7));
#4141=CARTESIAN_POINT('Ctrl Pts',(-0.036308343811734,-1.17421328814352,
-1.7));
#4142=CARTESIAN_POINT('Ctrl Pts',(-0.0238980032747155,-1.12196168887444,
-1.7));
#4143=CARTESIAN_POINT('Ctrl Pts',(-0.00161611369344783,-1.07064797137948,
-1.7));
#4144=CARTESIAN_POINT('Ctrl Pts',(0.0180741078810109,-1.0185293886416,-1.7));
#4145=CARTESIAN_POINT('Ctrl Pts',(0.0234868294555846,-0.964809578996814,
-1.7));
#4146=CARTESIAN_POINT('Ctrl Pts',(0.00711222882892604,-0.910906797974657,
-1.7));
#4147=CARTESIAN_POINT('Ctrl Pts',(-0.0304316506282748,-0.862011127926925,
-1.7));
#4148=CARTESIAN_POINT('Ctrl Pts',(-0.0826006416217695,-0.825443781371577,
-1.7));
#4149=CARTESIAN_POINT('Ctrl Pts',(-0.139850268256587,-0.808639157639042,
-1.7));
#4150=CARTESIAN_POINT('Ctrl Pts',(-0.19229683730963,-0.817259473332532,
-1.7));
#4151=CARTESIAN_POINT('Ctrl Pts',(-0.232479071116161,-0.853256674700038,
-1.7));
#4152=CARTESIAN_POINT('Ctrl Pts',(-0.258101996649787,-0.912928582548846,
-1.7));
#4153=CARTESIAN_POINT('Ctrl Pts',(-0.270833773367921,-0.988439103123364,
-1.7));
#4154=CARTESIAN_POINT('Ctrl Pts',(-0.275086981326693,-1.06934304659963,
-1.7));
#4155=CARTESIAN_POINT('Ctrl Pts',(-0.276797615171278,-1.14412391542945,
-1.7));
#4156=CARTESIAN_POINT('Ctrl Pts',(-0.282249404622847,-1.2016684521953,-1.7));
#4157=CARTESIAN_POINT('Ctrl Pts',(-0.296787961646655,-1.23289550054944,
-1.7));
#4158=CARTESIAN_POINT('Ctrl Pts',(-0.323861751948806,-1.23193796954875,
-1.7));
#4159=CARTESIAN_POINT('Ctrl Pts',(-0.365540171846234,-1.19530176835829,
-1.7));
#4160=CARTESIAN_POINT('Ctrl Pts',(-0.411365844955189,-1.13611063988092,
-1.7));
#4161=CARTESIAN_POINT('Ctrl Pts',(-0.452899018283187,-1.07467735104255,
-1.7));
#4162=CARTESIAN_POINT('Ctrl Pts',(-0.483769465993989,-1.02615375722054,
-1.7));
#4163=CARTESIAN_POINT('Ctrl Pts',(-0.50000011920929,-0.999999925494194,
-1.7));
#4164=CARTESIAN_POINT('Ctrl Pts',(-3.00000011920929,-6.39999993890524,-0.2));
#4165=CARTESIAN_POINT('Ctrl Pts',(-3.00000011920929,-6.39999993890524,-0.2));
#4166=CARTESIAN_POINT('Ctrl Pts',(-3.00000011920929,-6.39999993890524,-0.2));
#4167=CARTESIAN_POINT('Ctrl Pts',(-3.00000011920929,-6.39999993890524,-0.2));
#4168=CARTESIAN_POINT('Ctrl Pts',(-3.00000011920929,-6.39999993890524,-0.2));
#4169=CARTESIAN_POINT('Ctrl Pts',(-3.00000011920929,-6.39999993890524,-0.2));
#4170=CARTESIAN_POINT('Ctrl Pts',(-3.00000011920929,-6.39999993890524,-0.2));
#4171=CARTESIAN_POINT('Ctrl Pts',(-3.00000011920929,-6.39999993890524,-0.2));
#4172=CARTESIAN_POINT('Ctrl Pts',(-3.00000011920929,-6.39999993890524,-0.2));
#4173=CARTESIAN_POINT('Ctrl Pts',(-2.98589181802533,-6.42677583280947,-0.2));
#4174=CARTESIAN_POINT('Ctrl Pts',(-2.98589181802533,-6.42677583280947,-0.185891698816036));
#4175=CARTESIAN_POINT('Ctrl Pts',(-3.00000011920929,-6.42677583280947,-0.185891698816036));
#4176=CARTESIAN_POINT('Ctrl Pts',(-3.01410842039326,-6.42677583280947,-0.185891698816036));
#4177=CARTESIAN_POINT('Ctrl Pts',(-3.01410842039326,-6.42677583280947,-0.2));
#4178=CARTESIAN_POINT('Ctrl Pts',(-3.01410842039326,-6.42677583280947,-0.214108301183965));
#4179=CARTESIAN_POINT('Ctrl Pts',(-3.00000011920929,-6.42677583280947,-0.214108301183965));
#4180=CARTESIAN_POINT('Ctrl Pts',(-2.98589181802533,-6.42677583280947,-0.214108301183965));
#4181=CARTESIAN_POINT('Ctrl Pts',(-2.98589181802533,-6.42677583280947,-0.2));
#4182=CARTESIAN_POINT('Ctrl Pts',(-2.95891608999162,-6.47636860036975,-0.2));
#4183=CARTESIAN_POINT('Ctrl Pts',(-2.95891608999162,-6.47636860036975,-0.158915970782329));
#4184=CARTESIAN_POINT('Ctrl Pts',(-3.00000011920929,-6.47636860036975,-0.158915970782329));
#4185=CARTESIAN_POINT('Ctrl Pts',(-3.04108414842696,-6.47636860036975,-0.158915970782329));
#4186=CARTESIAN_POINT('Ctrl Pts',(-3.04108414842696,-6.47636860036975,-0.2));
#4187=CARTESIAN_POINT('Ctrl Pts',(-3.04108414842696,-6.47636860036975,-0.241084029217671));
#4188=CARTESIAN_POINT('Ctrl Pts',(-3.00000011920929,-6.47636860036975,-0.241084029217671));
#4189=CARTESIAN_POINT('Ctrl Pts',(-2.95891608999162,-6.47636860036975,-0.241084029217671));
#4190=CARTESIAN_POINT('Ctrl Pts',(-2.95891608999162,-6.47636860036975,-0.2));
#4191=CARTESIAN_POINT('Ctrl Pts',(-2.92217506497687,-6.53888081756863,-0.2));
#4192=CARTESIAN_POINT('Ctrl Pts',(-2.92217506497687,-6.53888081756863,-0.122174945767584));
#4193=CARTESIAN_POINT('Ctrl Pts',(-3.00000011920929,-6.53888081756863,-0.122174945767584));
#4194=CARTESIAN_POINT('Ctrl Pts',(-3.07782517344171,-6.53888081756863,-0.122174945767584));
#4195=CARTESIAN_POINT('Ctrl Pts',(-3.07782517344171,-6.53888081756863,-0.2));
#4196=CARTESIAN_POINT('Ctrl Pts',(-3.07782517344171,-6.53888081756863,-0.277825054232416));
#4197=CARTESIAN_POINT('Ctrl Pts',(-3.00000011920929,-6.53888081756863,-0.277825054232416));
#4198=CARTESIAN_POINT('Ctrl Pts',(-2.92217506497687,-6.53888081756863,-0.277825054232416));
#4199=CARTESIAN_POINT('Ctrl Pts',(-2.92217506497687,-6.53888081756863,-0.2));
#4200=CARTESIAN_POINT('Ctrl Pts',(-2.8806375021305,-6.59845999807379,-0.2));
#4201=CARTESIAN_POINT('Ctrl Pts',(-2.8806375021305,-6.59845999807379,-0.0806373829212146));
#4202=CARTESIAN_POINT('Ctrl Pts',(-3.00000011920929,-6.59845999807379,-0.0806373829212146));
#4203=CARTESIAN_POINT('Ctrl Pts',(-3.11936273628808,-6.59845999807379,-0.0806373829212146));
#4204=CARTESIAN_POINT('Ctrl Pts',(-3.11936273628808,-6.59845999807379,-0.2));
#4205=CARTESIAN_POINT('Ctrl Pts',(-3.11936273628808,-6.59845999807379,-0.319362617078786));
#4206=CARTESIAN_POINT('Ctrl Pts',(-3.00000011920929,-6.59845999807379,-0.319362617078786));
#4207=CARTESIAN_POINT('Ctrl Pts',(-2.8806375021305,-6.59845999807379,-0.319362617078786));
#4208=CARTESIAN_POINT('Ctrl Pts',(-2.8806375021305,-6.59845999807379,-0.2));
#4209=CARTESIAN_POINT('Ctrl Pts',(-2.84086326789708,-6.63397331979354,-0.2));
#4210=CARTESIAN_POINT('Ctrl Pts',(-2.84086326789708,-6.63397331979354,-0.0408631486877946));
#4211=CARTESIAN_POINT('Ctrl Pts',(-3.00000011920929,-6.63397331979354,-0.0408631486877946));
#4212=CARTESIAN_POINT('Ctrl Pts',(-3.1591369705215,-6.63397331979354,-0.0408631486877946));
#4213=CARTESIAN_POINT('Ctrl Pts',(-3.1591369705215,-6.63397331979354,-0.2));
#4214=CARTESIAN_POINT('Ctrl Pts',(-3.1591369705215,-6.63397331979354,-0.359136851312206));
#4215=CARTESIAN_POINT('Ctrl Pts',(-3.00000011920929,-6.63397331979354,-0.359136851312206));
#4216=CARTESIAN_POINT('Ctrl Pts',(-2.84086326789708,-6.63397331979354,-0.359136851312206));
#4217=CARTESIAN_POINT('Ctrl Pts',(-2.84086326789708,-6.63397331979354,-0.2));
#4218=CARTESIAN_POINT('Ctrl Pts',(-2.81238726823361,-6.63263278099789,-0.2));
#4219=CARTESIAN_POINT('Ctrl Pts',(-2.81238726823361,-6.63263278099789,-0.012387149024323));
#4220=CARTESIAN_POINT('Ctrl Pts',(-3.00000011920929,-6.63263278099789,-0.012387149024323));
#4221=CARTESIAN_POINT('Ctrl Pts',(-3.18761297018497,-6.63263278099789,-0.012387149024323));
#4222=CARTESIAN_POINT('Ctrl Pts',(-3.18761297018497,-6.63263278099789,-0.2));
#4223=CARTESIAN_POINT('Ctrl Pts',(-3.18761297018497,-6.63263278099789,-0.387612850975677));
#4224=CARTESIAN_POINT('Ctrl Pts',(-3.00000011920929,-6.63263278099789,-0.387612850975677));
#4225=CARTESIAN_POINT('Ctrl Pts',(-2.81238726823361,-6.63263278099789,-0.387612850975677));
#4226=CARTESIAN_POINT('Ctrl Pts',(-2.81238726823361,-6.63263278099789,-0.2));
#4227=CARTESIAN_POINT('Ctrl Pts',(-2.7934561366002,-6.59880959205456,-0.2));
#4228=CARTESIAN_POINT('Ctrl Pts',(-2.7934561366002,-6.59880959205456,0.00654398260908517));
#4229=CARTESIAN_POINT('Ctrl Pts',(-3.00000011920929,-6.59880959205456,0.00654398260908517));
#4230=CARTESIAN_POINT('Ctrl Pts',(-3.20654410181838,-6.59880959205456,0.00654398260908517));
#4231=CARTESIAN_POINT('Ctrl Pts',(-3.20654410181838,-6.59880959205456,-0.2));
#4232=CARTESIAN_POINT('Ctrl Pts',(-3.20654410181838,-6.59880959205456,-0.406543982609086));
#4233=CARTESIAN_POINT('Ctrl Pts',(-3.00000011920929,-6.59880959205456,-0.406543982609086));
#4234=CARTESIAN_POINT('Ctrl Pts',(-2.7934561366002,-6.59880959205456,-0.406543982609086));
#4235=CARTESIAN_POINT('Ctrl Pts',(-2.7934561366002,-6.59880959205456,-0.2));
#4236=CARTESIAN_POINT('Ctrl Pts',(-2.78114481029503,-6.53982717765135,-0.2));
#4237=CARTESIAN_POINT('Ctrl Pts',(-2.78114481029503,-6.53982717765135,0.0188553089142579));
#4238=CARTESIAN_POINT('Ctrl Pts',(-3.00000011920929,-6.53982717765135,0.0188553089142579));
#4239=CARTESIAN_POINT('Ctrl Pts',(-3.21885542812355,-6.53982717765135,0.0188553089142579));
#4240=CARTESIAN_POINT('Ctrl Pts',(-3.21885542812355,-6.53982717765135,-0.2));
#4241=CARTESIAN_POINT('Ctrl Pts',(-3.21885542812355,-6.53982717765135,-0.418855308914258));
#4242=CARTESIAN_POINT('Ctrl Pts',(-3.00000011920929,-6.53982717765135,-0.418855308914258));
#4243=CARTESIAN_POINT('Ctrl Pts',(-2.78114481029503,-6.53982717765135,-0.418855308914258));
#4244=CARTESIAN_POINT('Ctrl Pts',(-2.78114481029503,-6.53982717765135,-0.2));
#4245=CARTESIAN_POINT('Ctrl Pts',(-2.7709369121293,-6.46699310042293,-0.2));
#4246=CARTESIAN_POINT('Ctrl Pts',(-2.7709369121293,-6.46699310042293,0.0290632070799869));
#4247=CARTESIAN_POINT('Ctrl Pts',(-3.00000011920929,-6.46699310042293,0.0290632070799869));
#4248=CARTESIAN_POINT('Ctrl Pts',(-3.22906332628928,-6.46699310042293,0.0290632070799869));
#4249=CARTESIAN_POINT('Ctrl Pts',(-3.22906332628928,-6.46699310042293,-0.2));
#4250=CARTESIAN_POINT('Ctrl Pts',(-3.22906332628928,-6.46699310042293,-0.429063207079987));
#4251=CARTESIAN_POINT('Ctrl Pts',(-3.00000011920929,-6.46699310042293,-0.429063207079987));
#4252=CARTESIAN_POINT('Ctrl Pts',(-2.7709369121293,-6.46699310042293,-0.429063207079987));
#4253=CARTESIAN_POINT('Ctrl Pts',(-2.7709369121293,-6.46699310042293,-0.2));
#4254=CARTESIAN_POINT('Ctrl Pts',(-2.75768618891372,-6.39348819984485,-0.2));
#4255=CARTESIAN_POINT('Ctrl Pts',(-2.75768618891372,-6.39348819984485,0.0423139302955738));
#4256=CARTESIAN_POINT('Ctrl Pts',(-3.00000011920929,-6.39348819984485,0.0423139302955738));
#4257=CARTESIAN_POINT('Ctrl Pts',(-3.24231404950486,-6.39348819984485,0.0423139302955738));
#4258=CARTESIAN_POINT('Ctrl Pts',(-3.24231404950486,-6.39348819984485,-0.2));
#4259=CARTESIAN_POINT('Ctrl Pts',(-3.24231404950486,-6.39348819984485,-0.442313930295574));
#4260=CARTESIAN_POINT('Ctrl Pts',(-3.00000011920929,-6.39348819984485,-0.442313930295574));
#4261=CARTESIAN_POINT('Ctrl Pts',(-2.75768618891372,-6.39348819984485,-0.442313930295574));
#4262=CARTESIAN_POINT('Ctrl Pts',(-2.75768618891372,-6.39348819984485,-0.2));
#4263=CARTESIAN_POINT('Ctrl Pts',(-2.73673028091984,-6.33189350365878,-0.2));
#4264=CARTESIAN_POINT('Ctrl Pts',(-2.73673028091984,-6.33189350365878,0.06326983828945));
#4265=CARTESIAN_POINT('Ctrl Pts',(-3.00000011920929,-6.33189350365878,0.06326983828945));
#4266=CARTESIAN_POINT('Ctrl Pts',(-3.26326995749874,-6.33189350365878,0.06326983828945));
#4267=CARTESIAN_POINT('Ctrl Pts',(-3.26326995749874,-6.33189350365878,-0.2));
#4268=CARTESIAN_POINT('Ctrl Pts',(-3.26326995749874,-6.33189350365878,-0.46326983828945));
#4269=CARTESIAN_POINT('Ctrl Pts',(-3.00000011920929,-6.33189350365878,-0.46326983828945));
#4270=CARTESIAN_POINT('Ctrl Pts',(-2.73673028091984,-6.33189350365878,-0.46326983828945));
#4271=CARTESIAN_POINT('Ctrl Pts',(-2.73673028091984,-6.33189350365878,-0.2));
#4272=CARTESIAN_POINT('Ctrl Pts',(-2.70503473105045,-6.29168591235733,-0.2));
#4273=CARTESIAN_POINT('Ctrl Pts',(-2.70503473105045,-6.29168591235733,0.094965388158837));
#4274=CARTESIAN_POINT('Ctrl Pts',(-3.00000011920929,-6.29168591235733,0.0949653881588371));
#4275=CARTESIAN_POINT('Ctrl Pts',(-3.29496550736813,-6.29168591235733,0.094965388158837));
#4276=CARTESIAN_POINT('Ctrl Pts',(-3.29496550736813,-6.29168591235733,-0.2));
#4277=CARTESIAN_POINT('Ctrl Pts',(-3.29496550736813,-6.29168591235733,-0.494965388158837));
#4278=CARTESIAN_POINT('Ctrl Pts',(-3.00000011920929,-6.29168591235733,-0.494965388158838));
#4279=CARTESIAN_POINT('Ctrl Pts',(-2.70503473105045,-6.29168591235733,-0.494965388158837));
#4280=CARTESIAN_POINT('Ctrl Pts',(-2.70503473105045,-6.29168591235733,-0.2));
#4281=CARTESIAN_POINT('Ctrl Pts',(-2.66214001193525,-6.27709910633042,-0.2));
#4282=CARTESIAN_POINT('Ctrl Pts',(-2.66214001193525,-6.27709910633042,0.13786010727404));
#4283=CARTESIAN_POINT('Ctrl Pts',(-3.00000011920929,-6.27709910633042,0.13786010727404));
#4284=CARTESIAN_POINT('Ctrl Pts',(-3.33786022648333,-6.27709910633042,0.13786010727404));
#4285=CARTESIAN_POINT('Ctrl Pts',(-3.33786022648333,-6.27709910633042,-0.2));
#4286=CARTESIAN_POINT('Ctrl Pts',(-3.33786022648333,-6.27709910633042,-0.537860107274041));
#4287=CARTESIAN_POINT('Ctrl Pts',(-3.00000011920929,-6.27709910633042,-0.537860107274041));
#4288=CARTESIAN_POINT('Ctrl Pts',(-2.66214001193525,-6.27709910633042,-0.537860107274041));
#4289=CARTESIAN_POINT('Ctrl Pts',(-2.66214001193525,-6.27709910633042,-0.2));
#4290=CARTESIAN_POINT('Ctrl Pts',(-2.61165821724169,-6.2839392909683,-0.2));
#4291=CARTESIAN_POINT('Ctrl Pts',(-2.61165821724169,-6.2839392909683,0.1883419019676));
#4292=CARTESIAN_POINT('Ctrl Pts',(-3.00000011920929,-6.2839392909683,0.1883419019676));
#4293=CARTESIAN_POINT('Ctrl Pts',(-3.38834202117689,-6.2839392909683,0.1883419019676));
#4294=CARTESIAN_POINT('Ctrl Pts',(-3.38834202117689,-6.2839392909683,-0.2));
#4295=CARTESIAN_POINT('Ctrl Pts',(-3.38834202117689,-6.2839392909683,-0.588341901967601));
#4296=CARTESIAN_POINT('Ctrl Pts',(-3.00000011920929,-6.2839392909683,-0.588341901967601));
#4297=CARTESIAN_POINT('Ctrl Pts',(-2.61165821724169,-6.2839392909683,-0.588341901967601));
#4298=CARTESIAN_POINT('Ctrl Pts',(-2.61165821724169,-6.2839392909683,-0.2));
#4299=CARTESIAN_POINT('Ctrl Pts',(-2.56087837746923,-6.30000692412088,-0.2));
#4300=CARTESIAN_POINT('Ctrl Pts',(-2.56087837746923,-6.30000692412088,0.239121741740062));
#4301=CARTESIAN_POINT('Ctrl Pts',(-3.00000011920929,-6.30000692412088,0.239121741740062));
#4302=CARTESIAN_POINT('Ctrl Pts',(-3.43912186094935,-6.30000692412088,0.239121741740062));
#4303=CARTESIAN_POINT('Ctrl Pts',(-3.43912186094935,-6.30000692412088,-0.2));
#4304=CARTESIAN_POINT('Ctrl Pts',(-3.43912186094935,-6.30000692412088,-0.639121741740063));
#4305=CARTESIAN_POINT('Ctrl Pts',(-3.00000011920929,-6.30000692412088,-0.639121741740063));
#4306=CARTESIAN_POINT('Ctrl Pts',(-2.56087837746923,-6.30000692412088,-0.639121741740063));
#4307=CARTESIAN_POINT('Ctrl Pts',(-2.56087837746923,-6.30000692412088,-0.2));
#4308=CARTESIAN_POINT('Ctrl Pts',(-2.51774495329836,-6.31052401060115,-0.2));
#4309=CARTESIAN_POINT('Ctrl Pts',(-2.51774495329836,-6.31052401060115,0.282255165910935));
#4310=CARTESIAN_POINT('Ctrl Pts',(-3.00000011920929,-6.31052401060115,0.282255165910935));
#4311=CARTESIAN_POINT('Ctrl Pts',(-3.48225528512023,-6.31052401060115,0.282255165910935));
#4312=CARTESIAN_POINT('Ctrl Pts',(-3.48225528512023,-6.31052401060115,-0.2));
#4313=CARTESIAN_POINT('Ctrl Pts',(-3.48225528512023,-6.31052401060115,-0.682255165910935));
#4314=CARTESIAN_POINT('Ctrl Pts',(-3.00000011920929,-6.31052401060115,-0.682255165910935));
#4315=CARTESIAN_POINT('Ctrl Pts',(-2.51774495329836,-6.31052401060115,-0.682255165910935));
#4316=CARTESIAN_POINT('Ctrl Pts',(-2.51774495329836,-6.31052401060115,-0.2));
#4317=CARTESIAN_POINT('Ctrl Pts',(-2.48850645625927,-6.30228885285578,-0.2));
#4318=CARTESIAN_POINT('Ctrl Pts',(-2.48850645625927,-6.30228885285578,0.311493662950019));
#4319=CARTESIAN_POINT('Ctrl Pts',(-3.00000011920929,-6.30228885285578,0.311493662950019));
#4320=CARTESIAN_POINT('Ctrl Pts',(-3.51149378215931,-6.30228885285578,0.311493662950019));
#4321=CARTESIAN_POINT('Ctrl Pts',(-3.51149378215931,-6.30228885285578,-0.2));
#4322=CARTESIAN_POINT('Ctrl Pts',(-3.51149378215931,-6.30228885285578,-0.711493662950019));
#4323=CARTESIAN_POINT('Ctrl Pts',(-3.00000011920929,-6.30228885285578,-0.711493662950019));
#4324=CARTESIAN_POINT('Ctrl Pts',(-2.48850645625927,-6.30228885285578,-0.711493662950019));
#4325=CARTESIAN_POINT('Ctrl Pts',(-2.48850645625927,-6.30228885285578,-0.2));
#4326=CARTESIAN_POINT('Ctrl Pts',(-2.47504472823738,-6.26841574378387,-0.2));
#4327=CARTESIAN_POINT('Ctrl Pts',(-2.47504472823738,-6.26841574378387,0.324955390971912));
#4328=CARTESIAN_POINT('Ctrl Pts',(-3.00000011920929,-6.26841574378387,0.324955390971912));
#4329=CARTESIAN_POINT('Ctrl Pts',(-3.5249555101812,-6.26841574378387,0.324955390971912));
#4330=CARTESIAN_POINT('Ctrl Pts',(-3.5249555101812,-6.26841574378387,-0.2));
#4331=CARTESIAN_POINT('Ctrl Pts',(-3.5249555101812,-6.26841574378387,-0.724955390971912));
#4332=CARTESIAN_POINT('Ctrl Pts',(-3.00000011920929,-6.26841574378387,-0.724955390971913));
#4333=CARTESIAN_POINT('Ctrl Pts',(-2.47504472823738,-6.26841574378387,-0.724955390971912));
#4334=CARTESIAN_POINT('Ctrl Pts',(-2.47504472823738,-6.26841574378387,-0.2));
#4335=CARTESIAN_POINT('Ctrl Pts',(-2.47245656806623,-6.21264735616567,-0.2));
#4336=CARTESIAN_POINT('Ctrl Pts',(-2.47245656806623,-6.21264735616567,0.327543551143064));
#4337=CARTESIAN_POINT('Ctrl Pts',(-3.00000011920929,-6.21264735616567,0.327543551143064));
#4338=CARTESIAN_POINT('Ctrl Pts',(-3.52754367035235,-6.21264735616567,0.327543551143064));
#4339=CARTESIAN_POINT('Ctrl Pts',(-3.52754367035235,-6.21264735616567,-0.2));
#4340=CARTESIAN_POINT('Ctrl Pts',(-3.52754367035235,-6.21264735616567,-0.727543551143064));
#4341=CARTESIAN_POINT('Ctrl Pts',(-3.00000011920929,-6.21264735616567,-0.727543551143064));
#4342=CARTESIAN_POINT('Ctrl Pts',(-2.47245656806623,-6.21264735616567,-0.727543551143064));
#4343=CARTESIAN_POINT('Ctrl Pts',(-2.47245656806623,-6.21264735616567,-0.2));
#4344=CARTESIAN_POINT('Ctrl Pts',(-2.47229664474682,-6.14525400524848,-0.2));
#4345=CARTESIAN_POINT('Ctrl Pts',(-2.47229664474682,-6.14525400524848,0.32770347446247));
#4346=CARTESIAN_POINT('Ctrl Pts',(-3.00000011920929,-6.14525400524848,0.32770347446247));
#4347=CARTESIAN_POINT('Ctrl Pts',(-3.52770359367176,-6.14525400524848,0.32770347446247));
#4348=CARTESIAN_POINT('Ctrl Pts',(-3.52770359367176,-6.14525400524848,-0.2));
#4349=CARTESIAN_POINT('Ctrl Pts',(-3.52770359367176,-6.14525400524848,-0.72770347446247));
#4350=CARTESIAN_POINT('Ctrl Pts',(-3.00000011920929,-6.14525400524848,-0.72770347446247));
#4351=CARTESIAN_POINT('Ctrl Pts',(-2.47229664474682,-6.14525400524848,-0.72770347446247));
#4352=CARTESIAN_POINT('Ctrl Pts',(-2.47229664474682,-6.14525400524848,-0.2));
#4353=CARTESIAN_POINT('Ctrl Pts',(-2.46565127526453,-6.07915800587697,-0.2));
#4354=CARTESIAN_POINT('Ctrl Pts',(-2.46565127526453,-6.07915800587697,0.334348843944761));
#4355=CARTESIAN_POINT('Ctrl Pts',(-3.00000011920929,-6.07915800587697,0.334348843944761));
#4356=CARTESIAN_POINT('Ctrl Pts',(-3.53434896315405,-6.07915800587697,0.334348843944761));
#4357=CARTESIAN_POINT('Ctrl Pts',(-3.53434896315405,-6.07915800587697,-0.2));
#4358=CARTESIAN_POINT('Ctrl Pts',(-3.53434896315405,-6.07915800587697,-0.734348843944762));
#4359=CARTESIAN_POINT('Ctrl Pts',(-3.00000011920929,-6.07915800587697,-0.734348843944762));
#4360=CARTESIAN_POINT('Ctrl Pts',(-2.46565127526453,-6.07915800587697,-0.734348843944762));
#4361=CARTESIAN_POINT('Ctrl Pts',(-2.46565127526453,-6.07915800587697,-0.2));
#4362=CARTESIAN_POINT('Ctrl Pts',(-2.44634307337532,-6.02591950095943,-0.2));
#4363=CARTESIAN_POINT('Ctrl Pts',(-2.44634307337532,-6.02591950095943,0.353657045833968));
#4364=CARTESIAN_POINT('Ctrl Pts',(-3.00000011920929,-6.02591950095943,0.353657045833968));
#4365=CARTESIAN_POINT('Ctrl Pts',(-3.55365716504326,-6.02591950095943,0.353657045833968));
#4366=CARTESIAN_POINT('Ctrl Pts',(-3.55365716504326,-6.02591950095943,-0.2));
#4367=CARTESIAN_POINT('Ctrl Pts',(-3.55365716504326,-6.02591950095943,-0.753657045833968));
#4368=CARTESIAN_POINT('Ctrl Pts',(-3.00000011920929,-6.02591950095943,-0.753657045833968));
#4369=CARTESIAN_POINT('Ctrl Pts',(-2.44634307337532,-6.02591950095943,-0.753657045833968));
#4370=CARTESIAN_POINT('Ctrl Pts',(-2.44634307337532,-6.02591950095943,-0.2));
#4371=CARTESIAN_POINT('Ctrl Pts',(-2.41391882722705,-5.99193434821247,-0.2));
#4372=CARTESIAN_POINT('Ctrl Pts',(-2.41391882722705,-5.99193434821247,0.386081291982241));
#4373=CARTESIAN_POINT('Ctrl Pts',(-3.00000011920929,-5.99193434821247,0.386081291982241));
#4374=CARTESIAN_POINT('Ctrl Pts',(-3.58608141119153,-5.99193434821247,0.386081291982241));
#4375=CARTESIAN_POINT('Ctrl Pts',(-3.58608141119153,-5.99193434821247,-0.2));
#4376=CARTESIAN_POINT('Ctrl Pts',(-3.58608141119153,-5.99193434821247,-0.786081291982241));
#4377=CARTESIAN_POINT('Ctrl Pts',(-3.00000011920929,-5.99193434821247,-0.786081291982241));
#4378=CARTESIAN_POINT('Ctrl Pts',(-2.41391882722705,-5.99193434821247,-0.786081291982241));
#4379=CARTESIAN_POINT('Ctrl Pts',(-2.41391882722705,-5.99193434821247,-0.2));
#4380=CARTESIAN_POINT('Ctrl Pts',(-2.37718822432679,-5.97411746585252,-0.2));
#4381=CARTESIAN_POINT('Ctrl Pts',(-2.37718822432679,-5.97411746585252,0.422811894882502));
#4382=CARTESIAN_POINT('Ctrl Pts',(-3.00000011920929,-5.97411746585252,0.422811894882502));
#4383=CARTESIAN_POINT('Ctrl Pts',(-3.62281201409179,-5.97411746585252,0.422811894882502));
#4384=CARTESIAN_POINT('Ctrl Pts',(-3.62281201409179,-5.97411746585252,-0.2));
#4385=CARTESIAN_POINT('Ctrl Pts',(-3.62281201409179,-5.97411746585252,-0.822811894882502));
#4386=CARTESIAN_POINT('Ctrl Pts',(-3.00000011920929,-5.97411746585252,-0.822811894882502));
#4387=CARTESIAN_POINT('Ctrl Pts',(-2.37718822432679,-5.97411746585252,-0.822811894882502));
#4388=CARTESIAN_POINT('Ctrl Pts',(-2.37718822432679,-5.97411746585252,-0.2));
#4389=CARTESIAN_POINT('Ctrl Pts',(-2.34927921294992,-5.96362419797355,-0.2));
#4390=CARTESIAN_POINT('Ctrl Pts',(-2.34927921294993,-5.96362419797355,0.450720906259365));
#4391=CARTESIAN_POINT('Ctrl Pts',(-3.00000011920929,-5.96362419797355,0.450720906259365));
#4392=CARTESIAN_POINT('Ctrl Pts',(-3.65072102546866,-5.96362419797355,0.450720906259365));
#4393=CARTESIAN_POINT('Ctrl Pts',(-3.65072102546866,-5.96362419797355,-0.2));
#4394=CARTESIAN_POINT('Ctrl Pts',(-3.65072102546866,-5.96362419797355,-0.850720906259366));
#4395=CARTESIAN_POINT('Ctrl Pts',(-3.00000011920929,-5.96362419797355,-0.850720906259366));
#4396=CARTESIAN_POINT('Ctrl Pts',(-2.34927921294993,-5.96362419797355,-0.850720906259366));
#4397=CARTESIAN_POINT('Ctrl Pts',(-2.34927921294992,-5.96362419797355,-0.2));
#4398=CARTESIAN_POINT('Ctrl Pts',(-2.34232658996666,-5.94998398559517,-0.2));
#4399=CARTESIAN_POINT('Ctrl Pts',(-2.34232658996666,-5.94998398559517,0.457673529242631));
#4400=CARTESIAN_POINT('Ctrl Pts',(-3.00000011920929,-5.94998398559517,0.457673529242631));
#4401=CARTESIAN_POINT('Ctrl Pts',(-3.65767364845192,-5.94998398559517,0.457673529242631));
#4402=CARTESIAN_POINT('Ctrl Pts',(-3.65767364845192,-5.94998398559517,-0.2));
#4403=CARTESIAN_POINT('Ctrl Pts',(-3.65767364845192,-5.94998398559517,-0.857673529242631));
#4404=CARTESIAN_POINT('Ctrl Pts',(-3.00000011920929,-5.94998398559517,-0.857673529242632));
#4405=CARTESIAN_POINT('Ctrl Pts',(-2.34232658996666,-5.94998398559517,-0.857673529242631));
#4406=CARTESIAN_POINT('Ctrl Pts',(-2.34232658996666,-5.94998398559517,-0.2));
#4407=CARTESIAN_POINT('Ctrl Pts',(-2.3618746436658,-5.92534004079842,-0.2));
#4408=CARTESIAN_POINT('Ctrl Pts',(-2.3618746436658,-5.92534004079842,0.438125475543491));
#4409=CARTESIAN_POINT('Ctrl Pts',(-3.00000011920929,-5.92534004079842,0.438125475543491));
#4410=CARTESIAN_POINT('Ctrl Pts',(-3.63812559475278,-5.92534004079842,0.438125475543491));
#4411=CARTESIAN_POINT('Ctrl Pts',(-3.63812559475278,-5.92534004079842,-0.2));
#4412=CARTESIAN_POINT('Ctrl Pts',(-3.63812559475278,-5.92534004079842,-0.838125475543491));
#4413=CARTESIAN_POINT('Ctrl Pts',(-3.00000011920929,-5.92534004079842,-0.838125475543491));
#4414=CARTESIAN_POINT('Ctrl Pts',(-2.3618746436658,-5.92534004079842,-0.838125475543491));
#4415=CARTESIAN_POINT('Ctrl Pts',(-2.3618746436658,-5.92534004079842,-0.2));
#4416=CARTESIAN_POINT('Ctrl Pts',(-2.4025872577582,-5.88789662711686,-0.2));
#4417=CARTESIAN_POINT('Ctrl Pts',(-2.4025872577582,-5.88789662711686,0.397412861451088));
#4418=CARTESIAN_POINT('Ctrl Pts',(-3.00000011920929,-5.88789662711686,0.397412861451088));
#4419=CARTESIAN_POINT('Ctrl Pts',(-3.59741298066038,-5.88789662711686,0.397412861451088));
#4420=CARTESIAN_POINT('Ctrl Pts',(-3.59741298066038,-5.88789662711686,-0.2));
#4421=CARTESIAN_POINT('Ctrl Pts',(-3.59741298066038,-5.88789662711686,-0.797412861451089));
#4422=CARTESIAN_POINT('Ctrl Pts',(-3.00000011920929,-5.88789662711686,-0.797412861451089));
#4423=CARTESIAN_POINT('Ctrl Pts',(-2.4025872577582,-5.88789662711686,-0.797412861451089));
#4424=CARTESIAN_POINT('Ctrl Pts',(-2.4025872577582,-5.88789662711686,-0.2));
#4425=CARTESIAN_POINT('Ctrl Pts',(-2.45300190102027,-5.83969789078602,-0.2));
#4426=CARTESIAN_POINT('Ctrl Pts',(-2.45300190102027,-5.83969789078602,0.346998218189016));
#4427=CARTESIAN_POINT('Ctrl Pts',(-3.00000011920929,-5.83969789078602,0.346998218189016));
#4428=CARTESIAN_POINT('Ctrl Pts',(-3.54699833739831,-5.83969789078602,0.346998218189016));
#4429=CARTESIAN_POINT('Ctrl Pts',(-3.54699833739831,-5.83969789078602,-0.2));
#4430=CARTESIAN_POINT('Ctrl Pts',(-3.54699833739831,-5.83969789078602,-0.746998218189017));
#4431=CARTESIAN_POINT('Ctrl Pts',(-3.00000011920929,-5.83969789078602,-0.746998218189017));
#4432=CARTESIAN_POINT('Ctrl Pts',(-2.45300190102027,-5.83969789078602,-0.746998218189017));
#4433=CARTESIAN_POINT('Ctrl Pts',(-2.45300190102027,-5.83969789078602,-0.2));
#4434=CARTESIAN_POINT('Ctrl Pts',(-2.49924947536524,-5.78505599920329,-0.2));
#4435=CARTESIAN_POINT('Ctrl Pts',(-2.49924947536524,-5.78505599920329,0.30075064384405));
#4436=CARTESIAN_POINT('Ctrl Pts',(-3.00000011920929,-5.78505599920329,0.30075064384405));
#4437=CARTESIAN_POINT('Ctrl Pts',(-3.50075076305334,-5.78505599920329,0.30075064384405));
#4438=CARTESIAN_POINT('Ctrl Pts',(-3.50075076305334,-5.78505599920329,-0.2));
#4439=CARTESIAN_POINT('Ctrl Pts',(-3.50075076305334,-5.78505599920329,-0.700750643844051));
#4440=CARTESIAN_POINT('Ctrl Pts',(-3.00000011920929,-5.78505599920329,-0.700750643844051));
#4441=CARTESIAN_POINT('Ctrl Pts',(-2.49924947536524,-5.78505599920329,-0.700750643844051));
#4442=CARTESIAN_POINT('Ctrl Pts',(-2.49924947536524,-5.78505599920329,-0.2));
#4443=CARTESIAN_POINT('Ctrl Pts',(-2.52918890398635,-5.72872560332141,-0.2));
#4444=CARTESIAN_POINT('Ctrl Pts',(-2.52918890398635,-5.72872560332141,0.27081121522294));
#4445=CARTESIAN_POINT('Ctrl Pts',(-3.00000011920929,-5.72872560332141,0.27081121522294));
#4446=CARTESIAN_POINT('Ctrl Pts',(-3.47081133443223,-5.72872560332141,0.27081121522294));
#4447=CARTESIAN_POINT('Ctrl Pts',(-3.47081133443223,-5.72872560332141,-0.2));
#4448=CARTESIAN_POINT('Ctrl Pts',(-3.47081133443223,-5.72872560332141,-0.67081121522294));
#4449=CARTESIAN_POINT('Ctrl Pts',(-3.00000011920929,-5.72872560332141,-0.67081121522294));
#4450=CARTESIAN_POINT('Ctrl Pts',(-2.52918890398635,-5.72872560332141,-0.67081121522294));
#4451=CARTESIAN_POINT('Ctrl Pts',(-2.52918890398635,-5.72872560332141,-0.2));
#4452=CARTESIAN_POINT('Ctrl Pts',(-2.53630834381173,-5.67421328814352,-0.2));
#4453=CARTESIAN_POINT('Ctrl Pts',(-2.53630834381173,-5.67421328814352,0.263691775397556));
#4454=CARTESIAN_POINT('Ctrl Pts',(-3.00000011920929,-5.67421328814352,0.263691775397556));
#4455=CARTESIAN_POINT('Ctrl Pts',(-3.46369189460685,-5.67421328814352,0.263691775397556));
#4456=CARTESIAN_POINT('Ctrl Pts',(-3.46369189460685,-5.67421328814352,-0.2));
#4457=CARTESIAN_POINT('Ctrl Pts',(-3.46369189460685,-5.67421328814352,-0.663691775397556));
#4458=CARTESIAN_POINT('Ctrl Pts',(-3.00000011920929,-5.67421328814352,-0.663691775397556));
#4459=CARTESIAN_POINT('Ctrl Pts',(-2.53630834381173,-5.67421328814352,-0.663691775397556));
#4460=CARTESIAN_POINT('Ctrl Pts',(-2.53630834381173,-5.67421328814352,-0.2));
#4461=CARTESIAN_POINT('Ctrl Pts',(-2.52389800327472,-5.62196168887444,-0.2));
#4462=CARTESIAN_POINT('Ctrl Pts',(-2.52389800327472,-5.62196168887444,0.276102115934574));
#4463=CARTESIAN_POINT('Ctrl Pts',(-3.00000011920929,-5.62196168887444,0.276102115934575));
#4464=CARTESIAN_POINT('Ctrl Pts',(-3.47610223514386,-5.62196168887444,0.276102115934574));
#4465=CARTESIAN_POINT('Ctrl Pts',(-3.47610223514386,-5.62196168887444,-0.2));
#4466=CARTESIAN_POINT('Ctrl Pts',(-3.47610223514386,-5.62196168887444,-0.676102115934575));
#4467=CARTESIAN_POINT('Ctrl Pts',(-3.00000011920929,-5.62196168887444,-0.676102115934575));
#4468=CARTESIAN_POINT('Ctrl Pts',(-2.52389800327472,-5.62196168887444,-0.676102115934575));
#4469=CARTESIAN_POINT('Ctrl Pts',(-2.52389800327472,-5.62196168887444,-0.2));
#4470=CARTESIAN_POINT('Ctrl Pts',(-2.50161611369345,-5.57064797137948,-0.2));
#4471=CARTESIAN_POINT('Ctrl Pts',(-2.50161611369345,-5.57064797137948,0.298384005515842));
#4472=CARTESIAN_POINT('Ctrl Pts',(-3.00000011920929,-5.57064797137948,0.298384005515842));
#4473=CARTESIAN_POINT('Ctrl Pts',(-3.49838412472513,-5.57064797137948,0.298384005515842));
#4474=CARTESIAN_POINT('Ctrl Pts',(-3.49838412472513,-5.57064797137948,-0.2));
#4475=CARTESIAN_POINT('Ctrl Pts',(-3.49838412472513,-5.57064797137948,-0.698384005515842));
#4476=CARTESIAN_POINT('Ctrl Pts',(-3.00000011920929,-5.57064797137948,-0.698384005515842));
#4477=CARTESIAN_POINT('Ctrl Pts',(-2.50161611369345,-5.57064797137948,-0.698384005515842));
#4478=CARTESIAN_POINT('Ctrl Pts',(-2.50161611369345,-5.57064797137948,-0.2));
#4479=CARTESIAN_POINT('Ctrl Pts',(-2.48192589211899,-5.5185293886416,-0.2));
#4480=CARTESIAN_POINT('Ctrl Pts',(-2.48192589211899,-5.5185293886416,0.3180742270903));
#4481=CARTESIAN_POINT('Ctrl Pts',(-3.00000011920929,-5.5185293886416,0.318074227090301));
#4482=CARTESIAN_POINT('Ctrl Pts',(-3.51807434629959,-5.5185293886416,0.3180742270903));
#4483=CARTESIAN_POINT('Ctrl Pts',(-3.51807434629959,-5.5185293886416,-0.2));
#4484=CARTESIAN_POINT('Ctrl Pts',(-3.51807434629959,-5.5185293886416,-0.718074227090301));
#4485=CARTESIAN_POINT('Ctrl Pts',(-3.00000011920929,-5.5185293886416,-0.718074227090301));
#4486=CARTESIAN_POINT('Ctrl Pts',(-2.48192589211899,-5.5185293886416,-0.718074227090301));
#4487=CARTESIAN_POINT('Ctrl Pts',(-2.48192589211899,-5.5185293886416,-0.2));
#4488=CARTESIAN_POINT('Ctrl Pts',(-2.47651317054442,-5.46480957899681,-0.2));
#4489=CARTESIAN_POINT('Ctrl Pts',(-2.47651317054442,-5.46480957899681,0.323486948664875));
#4490=CARTESIAN_POINT('Ctrl Pts',(-3.00000011920929,-5.46480957899681,0.323486948664875));
#4491=CARTESIAN_POINT('Ctrl Pts',(-3.52348706787417,-5.46480957899681,0.323486948664875));
#4492=CARTESIAN_POINT('Ctrl Pts',(-3.52348706787417,-5.46480957899681,-0.2));
#4493=CARTESIAN_POINT('Ctrl Pts',(-3.52348706787417,-5.46480957899681,-0.723486948664875));
#4494=CARTESIAN_POINT('Ctrl Pts',(-3.00000011920929,-5.46480957899681,-0.723486948664875));
#4495=CARTESIAN_POINT('Ctrl Pts',(-2.47651317054442,-5.46480957899681,-0.723486948664875));
#4496=CARTESIAN_POINT('Ctrl Pts',(-2.47651317054442,-5.46480957899681,-0.2));
#4497=CARTESIAN_POINT('Ctrl Pts',(-2.49288777117107,-5.41090679797466,-0.2));
#4498=CARTESIAN_POINT('Ctrl Pts',(-2.49288777117107,-5.41090679797466,0.307112348038216));
#4499=CARTESIAN_POINT('Ctrl Pts',(-3.00000011920929,-5.41090679797466,0.307112348038216));
#4500=CARTESIAN_POINT('Ctrl Pts',(-3.50711246724751,-5.41090679797466,0.307112348038216));
#4501=CARTESIAN_POINT('Ctrl Pts',(-3.50711246724751,-5.41090679797466,-0.2));
#4502=CARTESIAN_POINT('Ctrl Pts',(-3.50711246724751,-5.41090679797466,-0.707112348038216));
#4503=CARTESIAN_POINT('Ctrl Pts',(-3.00000011920929,-5.41090679797466,-0.707112348038216));
#4504=CARTESIAN_POINT('Ctrl Pts',(-2.49288777117107,-5.41090679797466,-0.707112348038216));
#4505=CARTESIAN_POINT('Ctrl Pts',(-2.49288777117107,-5.41090679797466,-0.2));
#4506=CARTESIAN_POINT('Ctrl Pts',(-2.53043165062827,-5.36201112792693,-0.2));
#4507=CARTESIAN_POINT('Ctrl Pts',(-2.53043165062827,-5.36201112792693,0.269568468581015));
#4508=CARTESIAN_POINT('Ctrl Pts',(-3.00000011920929,-5.36201112792693,0.269568468581015));
#4509=CARTESIAN_POINT('Ctrl Pts',(-3.46956858779031,-5.36201112792693,0.269568468581015));
#4510=CARTESIAN_POINT('Ctrl Pts',(-3.46956858779031,-5.36201112792693,-0.2));
#4511=CARTESIAN_POINT('Ctrl Pts',(-3.46956858779031,-5.36201112792693,-0.669568468581015));
#4512=CARTESIAN_POINT('Ctrl Pts',(-3.00000011920929,-5.36201112792693,-0.669568468581015));
#4513=CARTESIAN_POINT('Ctrl Pts',(-2.53043165062827,-5.36201112792693,-0.669568468581015));
#4514=CARTESIAN_POINT('Ctrl Pts',(-2.53043165062827,-5.36201112792693,-0.2));
#4515=CARTESIAN_POINT('Ctrl Pts',(-2.58260064162177,-5.32544378137158,-0.2));
#4516=CARTESIAN_POINT('Ctrl Pts',(-2.58260064162177,-5.32544378137158,0.21739947758752));
#4517=CARTESIAN_POINT('Ctrl Pts',(-3.00000011920929,-5.32544378137158,0.21739947758752));
#4518=CARTESIAN_POINT('Ctrl Pts',(-3.41739959679681,-5.32544378137158,0.21739947758752));
#4519=CARTESIAN_POINT('Ctrl Pts',(-3.41739959679681,-5.32544378137158,-0.2));
#4520=CARTESIAN_POINT('Ctrl Pts',(-3.41739959679681,-5.32544378137158,-0.61739947758752));
#4521=CARTESIAN_POINT('Ctrl Pts',(-3.00000011920929,-5.32544378137158,-0.61739947758752));
#4522=CARTESIAN_POINT('Ctrl Pts',(-2.58260064162177,-5.32544378137158,-0.61739947758752));
#4523=CARTESIAN_POINT('Ctrl Pts',(-2.58260064162177,-5.32544378137158,-0.2));
#4524=CARTESIAN_POINT('Ctrl Pts',(-2.63985026825659,-5.30863915763904,-0.2));
#4525=CARTESIAN_POINT('Ctrl Pts',(-2.63985026825659,-5.30863915763904,0.160149850952703));
#4526=CARTESIAN_POINT('Ctrl Pts',(-3.00000011920929,-5.30863915763904,0.160149850952703));
#4527=CARTESIAN_POINT('Ctrl Pts',(-3.36014997016199,-5.30863915763904,0.160149850952703));
#4528=CARTESIAN_POINT('Ctrl Pts',(-3.36014997016199,-5.30863915763904,-0.2));
#4529=CARTESIAN_POINT('Ctrl Pts',(-3.36014997016199,-5.30863915763904,-0.560149850952704));
#4530=CARTESIAN_POINT('Ctrl Pts',(-3.00000011920929,-5.30863915763904,-0.560149850952704));
#4531=CARTESIAN_POINT('Ctrl Pts',(-2.63985026825659,-5.30863915763904,-0.560149850952704));
#4532=CARTESIAN_POINT('Ctrl Pts',(-2.63985026825659,-5.30863915763904,-0.2));
#4533=CARTESIAN_POINT('Ctrl Pts',(-2.69229683730963,-5.31725947333253,-0.2));
#4534=CARTESIAN_POINT('Ctrl Pts',(-2.69229683730963,-5.31725947333253,0.107703281899659));
#4535=CARTESIAN_POINT('Ctrl Pts',(-3.00000011920929,-5.31725947333253,0.10770328189966));
#4536=CARTESIAN_POINT('Ctrl Pts',(-3.30770340110895,-5.31725947333253,0.107703281899659));
#4537=CARTESIAN_POINT('Ctrl Pts',(-3.30770340110895,-5.31725947333253,-0.2));
#4538=CARTESIAN_POINT('Ctrl Pts',(-3.30770340110895,-5.31725947333253,-0.50770328189966));
#4539=CARTESIAN_POINT('Ctrl Pts',(-3.00000011920929,-5.31725947333253,-0.50770328189966));
#4540=CARTESIAN_POINT('Ctrl Pts',(-2.69229683730963,-5.31725947333253,-0.50770328189966));
#4541=CARTESIAN_POINT('Ctrl Pts',(-2.69229683730963,-5.31725947333253,-0.2));
#4542=CARTESIAN_POINT('Ctrl Pts',(-2.73247907111616,-5.35325667470004,-0.2));
#4543=CARTESIAN_POINT('Ctrl Pts',(-2.73247907111616,-5.35325667470004,0.0675210480931288));
#4544=CARTESIAN_POINT('Ctrl Pts',(-3.00000011920929,-5.35325667470004,0.0675210480931288));
#4545=CARTESIAN_POINT('Ctrl Pts',(-3.26752116730242,-5.35325667470004,0.0675210480931288));
#4546=CARTESIAN_POINT('Ctrl Pts',(-3.26752116730242,-5.35325667470004,-0.2));
#4547=CARTESIAN_POINT('Ctrl Pts',(-3.26752116730242,-5.35325667470004,-0.467521048093129));
#4548=CARTESIAN_POINT('Ctrl Pts',(-3.00000011920929,-5.35325667470004,-0.467521048093129));
#4549=CARTESIAN_POINT('Ctrl Pts',(-2.73247907111616,-5.35325667470004,-0.467521048093129));
#4550=CARTESIAN_POINT('Ctrl Pts',(-2.73247907111616,-5.35325667470004,-0.2));
#4551=CARTESIAN_POINT('Ctrl Pts',(-2.75810199664979,-5.41292858254885,-0.2));
#4552=CARTESIAN_POINT('Ctrl Pts',(-2.75810199664979,-5.41292858254885,0.0418981225595035));
#4553=CARTESIAN_POINT('Ctrl Pts',(-3.00000011920929,-5.41292858254885,0.0418981225595035));
#4554=CARTESIAN_POINT('Ctrl Pts',(-3.24189824176879,-5.41292858254885,0.0418981225595035));
#4555=CARTESIAN_POINT('Ctrl Pts',(-3.24189824176879,-5.41292858254885,-0.2));
#4556=CARTESIAN_POINT('Ctrl Pts',(-3.24189824176879,-5.41292858254885,-0.441898122559504));
#4557=CARTESIAN_POINT('Ctrl Pts',(-3.00000011920929,-5.41292858254885,-0.441898122559504));
#4558=CARTESIAN_POINT('Ctrl Pts',(-2.75810199664979,-5.41292858254885,-0.441898122559504));
#4559=CARTESIAN_POINT('Ctrl Pts',(-2.75810199664979,-5.41292858254885,-0.2));
#4560=CARTESIAN_POINT('Ctrl Pts',(-2.77083377336792,-5.48843910312336,-0.2));
#4561=CARTESIAN_POINT('Ctrl Pts',(-2.77083377336792,-5.48843910312336,0.029166345841369));
#4562=CARTESIAN_POINT('Ctrl Pts',(-3.00000011920929,-5.48843910312336,0.029166345841369));
#4563=CARTESIAN_POINT('Ctrl Pts',(-3.22916646505066,-5.48843910312336,0.029166345841369));
#4564=CARTESIAN_POINT('Ctrl Pts',(-3.22916646505066,-5.48843910312336,-0.2));
#4565=CARTESIAN_POINT('Ctrl Pts',(-3.22916646505066,-5.48843910312336,-0.429166345841369));
#4566=CARTESIAN_POINT('Ctrl Pts',(-3.00000011920929,-5.48843910312336,-0.429166345841369));
#4567=CARTESIAN_POINT('Ctrl Pts',(-2.77083377336792,-5.48843910312336,-0.429166345841369));
#4568=CARTESIAN_POINT('Ctrl Pts',(-2.77083377336792,-5.48843910312336,-0.2));
#4569=CARTESIAN_POINT('Ctrl Pts',(-2.77508698132669,-5.56934304659963,-0.2));
#4570=CARTESIAN_POINT('Ctrl Pts',(-2.77508698132669,-5.56934304659963,0.0249131378825969));
#4571=CARTESIAN_POINT('Ctrl Pts',(-3.00000011920929,-5.56934304659963,0.0249131378825969));
#4572=CARTESIAN_POINT('Ctrl Pts',(-3.22491325709189,-5.56934304659963,0.0249131378825969));
#4573=CARTESIAN_POINT('Ctrl Pts',(-3.22491325709189,-5.56934304659963,-0.2));
#4574=CARTESIAN_POINT('Ctrl Pts',(-3.22491325709189,-5.56934304659963,-0.424913137882597));
#4575=CARTESIAN_POINT('Ctrl Pts',(-3.00000011920929,-5.56934304659963,-0.424913137882597));
#4576=CARTESIAN_POINT('Ctrl Pts',(-2.77508698132669,-5.56934304659963,-0.424913137882597));
#4577=CARTESIAN_POINT('Ctrl Pts',(-2.77508698132669,-5.56934304659963,-0.2));
#4578=CARTESIAN_POINT('Ctrl Pts',(-2.77679761517128,-5.64412391542945,-0.2));
#4579=CARTESIAN_POINT('Ctrl Pts',(-2.77679761517128,-5.64412391542945,0.0232025040380122));
#4580=CARTESIAN_POINT('Ctrl Pts',(-3.00000011920929,-5.64412391542945,0.0232025040380122));
#4581=CARTESIAN_POINT('Ctrl Pts',(-3.2232026232473,-5.64412391542945,0.0232025040380122));
#4582=CARTESIAN_POINT('Ctrl Pts',(-3.2232026232473,-5.64412391542945,-0.2));
#4583=CARTESIAN_POINT('Ctrl Pts',(-3.2232026232473,-5.64412391542945,-0.423202504038012));
#4584=CARTESIAN_POINT('Ctrl Pts',(-3.00000011920929,-5.64412391542945,-0.423202504038012));
#4585=CARTESIAN_POINT('Ctrl Pts',(-2.77679761517128,-5.64412391542945,-0.423202504038012));
#4586=CARTESIAN_POINT('Ctrl Pts',(-2.77679761517128,-5.64412391542945,-0.2));
#4587=CARTESIAN_POINT('Ctrl Pts',(-2.78224940462285,-5.7016684521953,-0.2));
#4588=CARTESIAN_POINT('Ctrl Pts',(-2.78224940462285,-5.7016684521953,0.0177507145864422));
#4589=CARTESIAN_POINT('Ctrl Pts',(-3.00000011920929,-5.7016684521953,0.0177507145864422));
#4590=CARTESIAN_POINT('Ctrl Pts',(-3.21775083379573,-5.7016684521953,0.0177507145864422));
#4591=CARTESIAN_POINT('Ctrl Pts',(-3.21775083379573,-5.7016684521953,-0.2));
#4592=CARTESIAN_POINT('Ctrl Pts',(-3.21775083379573,-5.7016684521953,-0.417750714586443));
#4593=CARTESIAN_POINT('Ctrl Pts',(-3.00000011920929,-5.7016684521953,-0.417750714586443));
#4594=CARTESIAN_POINT('Ctrl Pts',(-2.78224940462285,-5.7016684521953,-0.417750714586443));
#4595=CARTESIAN_POINT('Ctrl Pts',(-2.78224940462285,-5.7016684521953,-0.2));
#4596=CARTESIAN_POINT('Ctrl Pts',(-2.79678796164665,-5.73289550054944,-0.2));
#4597=CARTESIAN_POINT('Ctrl Pts',(-2.79678796164665,-5.73289550054944,0.00321215756263468));
#4598=CARTESIAN_POINT('Ctrl Pts',(-3.00000011920929,-5.73289550054944,0.00321215756263468));
#4599=CARTESIAN_POINT('Ctrl Pts',(-3.20321227677193,-5.73289550054944,0.00321215756263468));
#4600=CARTESIAN_POINT('Ctrl Pts',(-3.20321227677193,-5.73289550054944,-0.2));
#4601=CARTESIAN_POINT('Ctrl Pts',(-3.20321227677193,-5.73289550054944,-0.403212157562635));
#4602=CARTESIAN_POINT('Ctrl Pts',(-3.00000011920929,-5.73289550054944,-0.403212157562635));
#4603=CARTESIAN_POINT('Ctrl Pts',(-2.79678796164665,-5.73289550054944,-0.403212157562635));
#4604=CARTESIAN_POINT('Ctrl Pts',(-2.79678796164665,-5.73289550054944,-0.2));
#4605=CARTESIAN_POINT('Ctrl Pts',(-2.82386175194881,-5.73193796954875,-0.2));
#4606=CARTESIAN_POINT('Ctrl Pts',(-2.82386175194881,-5.73193796954875,-0.0238616327395162));
#4607=CARTESIAN_POINT('Ctrl Pts',(-3.00000011920929,-5.73193796954875,-0.0238616327395162));
#4608=CARTESIAN_POINT('Ctrl Pts',(-3.17613848646977,-5.73193796954875,-0.0238616327395162));
#4609=CARTESIAN_POINT('Ctrl Pts',(-3.17613848646977,-5.73193796954875,-0.2));
#4610=CARTESIAN_POINT('Ctrl Pts',(-3.17613848646977,-5.73193796954875,-0.376138367260484));
#4611=CARTESIAN_POINT('Ctrl Pts',(-3.00000011920929,-5.73193796954875,-0.376138367260484));
#4612=CARTESIAN_POINT('Ctrl Pts',(-2.82386175194881,-5.73193796954875,-0.376138367260484));
#4613=CARTESIAN_POINT('Ctrl Pts',(-2.82386175194881,-5.73193796954875,-0.2));
#4614=CARTESIAN_POINT('Ctrl Pts',(-2.86554017184623,-5.69530176835829,-0.2));
#4615=CARTESIAN_POINT('Ctrl Pts',(-2.86554017184623,-5.69530176835829,-0.0655400526369437));
#4616=CARTESIAN_POINT('Ctrl Pts',(-3.00000011920929,-5.69530176835829,-0.0655400526369437));
#4617=CARTESIAN_POINT('Ctrl Pts',(-3.13446006657235,-5.69530176835829,-0.0655400526369437));
#4618=CARTESIAN_POINT('Ctrl Pts',(-3.13446006657235,-5.69530176835829,-0.2));
#4619=CARTESIAN_POINT('Ctrl Pts',(-3.13446006657235,-5.69530176835829,-0.334459947363057));
#4620=CARTESIAN_POINT('Ctrl Pts',(-3.00000011920929,-5.69530176835829,-0.334459947363057));
#4621=CARTESIAN_POINT('Ctrl Pts',(-2.86554017184623,-5.69530176835829,-0.334459947363057));
#4622=CARTESIAN_POINT('Ctrl Pts',(-2.86554017184623,-5.69530176835829,-0.2));
#4623=CARTESIAN_POINT('Ctrl Pts',(-2.91136584495519,-5.63611063988092,-0.2));
#4624=CARTESIAN_POINT('Ctrl Pts',(-2.91136584495519,-5.63611063988092,-0.1113657257459));
#4625=CARTESIAN_POINT('Ctrl Pts',(-3.00000011920929,-5.63611063988092,-0.1113657257459));
#4626=CARTESIAN_POINT('Ctrl Pts',(-3.08863439346339,-5.63611063988092,-0.1113657257459));
#4627=CARTESIAN_POINT('Ctrl Pts',(-3.08863439346339,-5.63611063988092,-0.2));
#4628=CARTESIAN_POINT('Ctrl Pts',(-3.08863439346339,-5.63611063988092,-0.288634274254101));
#4629=CARTESIAN_POINT('Ctrl Pts',(-3.00000011920929,-5.63611063988092,-0.288634274254101));
#4630=CARTESIAN_POINT('Ctrl Pts',(-2.91136584495519,-5.63611063988092,-0.288634274254101));
#4631=CARTESIAN_POINT('Ctrl Pts',(-2.91136584495519,-5.63611063988092,-0.2));
#4632=CARTESIAN_POINT('Ctrl Pts',(-2.95289901828319,-5.57467735104255,-0.2));
#4633=CARTESIAN_POINT('Ctrl Pts',(-2.95289901828319,-5.57467735104255,-0.152898899073897));
#4634=CARTESIAN_POINT('Ctrl Pts',(-3.00000011920929,-5.57467735104255,-0.152898899073897));
#4635=CARTESIAN_POINT('Ctrl Pts',(-3.04710122013539,-5.57467735104255,-0.152898899073897));
#4636=CARTESIAN_POINT('Ctrl Pts',(-3.04710122013539,-5.57467735104255,-0.2));
#4637=CARTESIAN_POINT('Ctrl Pts',(-3.04710122013539,-5.57467735104255,-0.247101100926103));
#4638=CARTESIAN_POINT('Ctrl Pts',(-3.00000011920929,-5.57467735104255,-0.247101100926103));
#4639=CARTESIAN_POINT('Ctrl Pts',(-2.95289901828319,-5.57467735104255,-0.247101100926103));
#4640=CARTESIAN_POINT('Ctrl Pts',(-2.95289901828319,-5.57467735104255,-0.2));
#4641=CARTESIAN_POINT('Ctrl Pts',(-2.98376946599399,-5.52615375722054,-0.2));
#4642=CARTESIAN_POINT('Ctrl Pts',(-2.98376946599399,-5.52615375722054,-0.183769346784699));
#4643=CARTESIAN_POINT('Ctrl Pts',(-3.00000011920929,-5.52615375722054,-0.183769346784699));
#4644=CARTESIAN_POINT('Ctrl Pts',(-3.01623077242459,-5.52615375722054,-0.183769346784699));
#4645=CARTESIAN_POINT('Ctrl Pts',(-3.01623077242459,-5.52615375722054,-0.2));
#4646=CARTESIAN_POINT('Ctrl Pts',(-3.01623077242459,-5.52615375722054,-0.216230653215301));
#4647=CARTESIAN_POINT('Ctrl Pts',(-3.00000011920929,-5.52615375722054,-0.216230653215301));
#4648=CARTESIAN_POINT('Ctrl Pts',(-2.98376946599399,-5.52615375722054,-0.216230653215301));
#4649=CARTESIAN_POINT('Ctrl Pts',(-2.98376946599399,-5.52615375722054,-0.2));
#4650=CARTESIAN_POINT('Ctrl Pts',(-3.00000011920929,-5.49999992549419,-0.2));
#4651=CARTESIAN_POINT('Ctrl Pts',(-3.00000011920929,-5.49999992549419,-0.2));
#4652=CARTESIAN_POINT('Ctrl Pts',(-3.00000011920929,-5.49999992549419,-0.2));
#4653=CARTESIAN_POINT('Ctrl Pts',(-3.00000011920929,-5.49999992549419,-0.2));
#4654=CARTESIAN_POINT('Ctrl Pts',(-3.00000011920929,-5.49999992549419,-0.2));
#4655=CARTESIAN_POINT('Ctrl Pts',(-3.00000011920929,-5.49999992549419,-0.2));
#4656=CARTESIAN_POINT('Ctrl Pts',(-3.00000011920929,-5.49999992549419,-0.2));
#4657=CARTESIAN_POINT('Ctrl Pts',(-3.00000011920929,-5.49999992549419,-0.2));
#4658=CARTESIAN_POINT('Ctrl Pts',(-3.00000011920929,-5.49999992549419,-0.2));
#4659=CARTESIAN_POINT('',(-3.00000011920929,-6.39999993890524,-0.2));
#4660=CARTESIAN_POINT('',(-3.00000011920929,-5.49999992549419,-0.2));
#4661=CARTESIAN_POINT('Ctrl Pts',(-3.00000011920929,-6.39999993890524,-0.2));
#4662=CARTESIAN_POINT('Ctrl Pts',(-2.98589181802533,-6.42677583280947,-0.2));
#4663=CARTESIAN_POINT('Ctrl Pts',(-2.95891608999162,-6.47636860036975,-0.2));
#4664=CARTESIAN_POINT('Ctrl Pts',(-2.92217506497687,-6.53888081756863,-0.2));
#4665=CARTESIAN_POINT('Ctrl Pts',(-2.8806375021305,-6.59845999807379,-0.2));
#4666=CARTESIAN_POINT('Ctrl Pts',(-2.84086326789708,-6.63397331979354,-0.2));
#4667=CARTESIAN_POINT('Ctrl Pts',(-2.81238726823361,-6.63263278099789,-0.2));
#4668=CARTESIAN_POINT('Ctrl Pts',(-2.7934561366002,-6.59880959205456,-0.2));
#4669=CARTESIAN_POINT('Ctrl Pts',(-2.78114481029503,-6.53982717765135,-0.2));
#4670=CARTESIAN_POINT('Ctrl Pts',(-2.7709369121293,-6.46699310042293,-0.2));
#4671=CARTESIAN_POINT('Ctrl Pts',(-2.75768618891372,-6.39348819984485,-0.2));
#4672=CARTESIAN_POINT('Ctrl Pts',(-2.73673028091984,-6.33189350365878,-0.2));
#4673=CARTESIAN_POINT('Ctrl Pts',(-2.70503473105045,-6.29168591235733,-0.2));
#4674=CARTESIAN_POINT('Ctrl Pts',(-2.66214001193525,-6.27709910633042,-0.2));
#4675=CARTESIAN_POINT('Ctrl Pts',(-2.61165821724169,-6.2839392909683,-0.2));
#4676=CARTESIAN_POINT('Ctrl Pts',(-2.56087837746923,-6.30000692412088,-0.2));
#4677=CARTESIAN_POINT('Ctrl Pts',(-2.51774495329836,-6.31052401060115,-0.2));
#4678=CARTESIAN_POINT('Ctrl Pts',(-2.48850645625927,-6.30228885285578,-0.2));
#4679=CARTESIAN_POINT('Ctrl Pts',(-2.47504472823738,-6.26841574378387,-0.2));
#4680=CARTESIAN_POINT('Ctrl Pts',(-2.47245656806623,-6.21264735616567,-0.2));
#4681=CARTESIAN_POINT('Ctrl Pts',(-2.47229664474682,-6.14525400524848,-0.2));
#4682=CARTESIAN_POINT('Ctrl Pts',(-2.46565127526453,-6.07915800587697,-0.2));
#4683=CARTESIAN_POINT('Ctrl Pts',(-2.44634307337532,-6.02591950095943,-0.2));
#4684=CARTESIAN_POINT('Ctrl Pts',(-2.41391882722705,-5.99193434821247,-0.2));
#4685=CARTESIAN_POINT('Ctrl Pts',(-2.37718822432679,-5.97411746585252,-0.2));
#4686=CARTESIAN_POINT('Ctrl Pts',(-2.34927921294992,-5.96362419797355,-0.2));
#4687=CARTESIAN_POINT('Ctrl Pts',(-2.34232658996666,-5.94998398559517,-0.2));
#4688=CARTESIAN_POINT('Ctrl Pts',(-2.3618746436658,-5.92534004079842,-0.2));
#4689=CARTESIAN_POINT('Ctrl Pts',(-2.4025872577582,-5.88789662711686,-0.2));
#4690=CARTESIAN_POINT('Ctrl Pts',(-2.45300190102027,-5.83969789078602,-0.2));
#4691=CARTESIAN_POINT('Ctrl Pts',(-2.49924947536524,-5.78505599920329,-0.2));
#4692=CARTESIAN_POINT('Ctrl Pts',(-2.52918890398635,-5.72872560332141,-0.2));
#4693=CARTESIAN_POINT('Ctrl Pts',(-2.53630834381173,-5.67421328814352,-0.2));
#4694=CARTESIAN_POINT('Ctrl Pts',(-2.52389800327472,-5.62196168887444,-0.2));
#4695=CARTESIAN_POINT('Ctrl Pts',(-2.50161611369345,-5.57064797137948,-0.2));
#4696=CARTESIAN_POINT('Ctrl Pts',(-2.48192589211899,-5.5185293886416,-0.2));
#4697=CARTESIAN_POINT('Ctrl Pts',(-2.47651317054442,-5.46480957899681,-0.2));
#4698=CARTESIAN_POINT('Ctrl Pts',(-2.49288777117107,-5.41090679797466,-0.2));
#4699=CARTESIAN_POINT('Ctrl Pts',(-2.53043165062827,-5.36201112792693,-0.2));
#4700=CARTESIAN_POINT('Ctrl Pts',(-2.58260064162177,-5.32544378137158,-0.2));
#4701=CARTESIAN_POINT('Ctrl Pts',(-2.63985026825659,-5.30863915763904,-0.2));
#4702=CARTESIAN_POINT('Ctrl Pts',(-2.69229683730963,-5.31725947333253,-0.2));
#4703=CARTESIAN_POINT('Ctrl Pts',(-2.73247907111616,-5.35325667470004,-0.2));
#4704=CARTESIAN_POINT('Ctrl Pts',(-2.75810199664979,-5.41292858254885,-0.2));
#4705=CARTESIAN_POINT('Ctrl Pts',(-2.77083377336792,-5.48843910312336,-0.2));
#4706=CARTESIAN_POINT('Ctrl Pts',(-2.77508698132669,-5.56934304659963,-0.2));
#4707=CARTESIAN_POINT('Ctrl Pts',(-2.77679761517128,-5.64412391542945,-0.2));
#4708=CARTESIAN_POINT('Ctrl Pts',(-2.78224940462285,-5.7016684521953,-0.2));
#4709=CARTESIAN_POINT('Ctrl Pts',(-2.79678796164665,-5.73289550054944,-0.2));
#4710=CARTESIAN_POINT('Ctrl Pts',(-2.82386175194881,-5.73193796954875,-0.2));
#4711=CARTESIAN_POINT('Ctrl Pts',(-2.86554017184623,-5.69530176835829,-0.2));
#4712=CARTESIAN_POINT('Ctrl Pts',(-2.91136584495519,-5.63611063988092,-0.2));
#4713=CARTESIAN_POINT('Ctrl Pts',(-2.95289901828319,-5.57467735104255,-0.2));
#4714=CARTESIAN_POINT('Ctrl Pts',(-2.98376946599399,-5.52615375722054,-0.2));
#4715=CARTESIAN_POINT('Ctrl Pts',(-3.00000011920929,-5.49999992549419,-0.2));
#4716=CARTESIAN_POINT('Ctrl Pts',(-3.00000011920929,-1.89999993890524,-0.2));
#4717=CARTESIAN_POINT('Ctrl Pts',(-3.00000011920929,-1.89999993890524,-0.2));
#4718=CARTESIAN_POINT('Ctrl Pts',(-3.00000011920929,-1.89999993890524,-0.2));
#4719=CARTESIAN_POINT('Ctrl Pts',(-3.00000011920929,-1.89999993890524,-0.2));
#4720=CARTESIAN_POINT('Ctrl Pts',(-3.00000011920929,-1.89999993890524,-0.2));
#4721=CARTESIAN_POINT('Ctrl Pts',(-3.00000011920929,-1.89999993890524,-0.2));
#4722=CARTESIAN_POINT('Ctrl Pts',(-3.00000011920929,-1.89999993890524,-0.2));
#4723=CARTESIAN_POINT('Ctrl Pts',(-3.00000011920929,-1.89999993890524,-0.2));
#4724=CARTESIAN_POINT('Ctrl Pts',(-3.00000011920929,-1.89999993890524,-0.2));
#4725=CARTESIAN_POINT('Ctrl Pts',(-2.98589181802533,-1.92677583280947,-0.2));
#4726=CARTESIAN_POINT('Ctrl Pts',(-2.98589181802533,-1.92677583280947,-0.185891698816036));
#4727=CARTESIAN_POINT('Ctrl Pts',(-3.00000011920929,-1.92677583280947,-0.185891698816036));
#4728=CARTESIAN_POINT('Ctrl Pts',(-3.01410842039326,-1.92677583280947,-0.185891698816036));
#4729=CARTESIAN_POINT('Ctrl Pts',(-3.01410842039326,-1.92677583280947,-0.2));
#4730=CARTESIAN_POINT('Ctrl Pts',(-3.01410842039326,-1.92677583280947,-0.214108301183965));
#4731=CARTESIAN_POINT('Ctrl Pts',(-3.00000011920929,-1.92677583280947,-0.214108301183965));
#4732=CARTESIAN_POINT('Ctrl Pts',(-2.98589181802533,-1.92677583280947,-0.214108301183965));
#4733=CARTESIAN_POINT('Ctrl Pts',(-2.98589181802533,-1.92677583280947,-0.2));
#4734=CARTESIAN_POINT('Ctrl Pts',(-2.95891608999162,-1.97636860036975,-0.2));
#4735=CARTESIAN_POINT('Ctrl Pts',(-2.95891608999162,-1.97636860036975,-0.158915970782329));
#4736=CARTESIAN_POINT('Ctrl Pts',(-3.00000011920929,-1.97636860036975,-0.158915970782329));
#4737=CARTESIAN_POINT('Ctrl Pts',(-3.04108414842696,-1.97636860036975,-0.158915970782329));
#4738=CARTESIAN_POINT('Ctrl Pts',(-3.04108414842696,-1.97636860036975,-0.2));
#4739=CARTESIAN_POINT('Ctrl Pts',(-3.04108414842696,-1.97636860036975,-0.241084029217671));
#4740=CARTESIAN_POINT('Ctrl Pts',(-3.00000011920929,-1.97636860036975,-0.241084029217671));
#4741=CARTESIAN_POINT('Ctrl Pts',(-2.95891608999162,-1.97636860036975,-0.241084029217671));
#4742=CARTESIAN_POINT('Ctrl Pts',(-2.95891608999162,-1.97636860036975,-0.2));
#4743=CARTESIAN_POINT('Ctrl Pts',(-2.92217506497687,-2.03888081756863,-0.2));
#4744=CARTESIAN_POINT('Ctrl Pts',(-2.92217506497687,-2.03888081756863,-0.122174945767584));
#4745=CARTESIAN_POINT('Ctrl Pts',(-3.00000011920929,-2.03888081756863,-0.122174945767584));
#4746=CARTESIAN_POINT('Ctrl Pts',(-3.07782517344171,-2.03888081756863,-0.122174945767584));
#4747=CARTESIAN_POINT('Ctrl Pts',(-3.07782517344171,-2.03888081756863,-0.2));
#4748=CARTESIAN_POINT('Ctrl Pts',(-3.07782517344171,-2.03888081756863,-0.277825054232416));
#4749=CARTESIAN_POINT('Ctrl Pts',(-3.00000011920929,-2.03888081756863,-0.277825054232416));
#4750=CARTESIAN_POINT('Ctrl Pts',(-2.92217506497687,-2.03888081756863,-0.277825054232416));
#4751=CARTESIAN_POINT('Ctrl Pts',(-2.92217506497687,-2.03888081756863,-0.2));
#4752=CARTESIAN_POINT('Ctrl Pts',(-2.8806375021305,-2.09845999807379,-0.2));
#4753=CARTESIAN_POINT('Ctrl Pts',(-2.8806375021305,-2.09845999807379,-0.0806373829212146));
#4754=CARTESIAN_POINT('Ctrl Pts',(-3.00000011920929,-2.09845999807379,-0.0806373829212146));
#4755=CARTESIAN_POINT('Ctrl Pts',(-3.11936273628808,-2.09845999807379,-0.0806373829212146));
#4756=CARTESIAN_POINT('Ctrl Pts',(-3.11936273628808,-2.09845999807379,-0.2));
#4757=CARTESIAN_POINT('Ctrl Pts',(-3.11936273628808,-2.09845999807379,-0.319362617078786));
#4758=CARTESIAN_POINT('Ctrl Pts',(-3.00000011920929,-2.09845999807379,-0.319362617078786));
#4759=CARTESIAN_POINT('Ctrl Pts',(-2.8806375021305,-2.09845999807379,-0.319362617078786));
#4760=CARTESIAN_POINT('Ctrl Pts',(-2.8806375021305,-2.09845999807379,-0.2));
#4761=CARTESIAN_POINT('Ctrl Pts',(-2.84086326789708,-2.13397331979354,-0.2));
#4762=CARTESIAN_POINT('Ctrl Pts',(-2.84086326789708,-2.13397331979354,-0.0408631486877946));
#4763=CARTESIAN_POINT('Ctrl Pts',(-3.00000011920929,-2.13397331979354,-0.0408631486877946));
#4764=CARTESIAN_POINT('Ctrl Pts',(-3.1591369705215,-2.13397331979354,-0.0408631486877946));
#4765=CARTESIAN_POINT('Ctrl Pts',(-3.1591369705215,-2.13397331979354,-0.2));
#4766=CARTESIAN_POINT('Ctrl Pts',(-3.1591369705215,-2.13397331979354,-0.359136851312206));
#4767=CARTESIAN_POINT('Ctrl Pts',(-3.00000011920929,-2.13397331979354,-0.359136851312206));
#4768=CARTESIAN_POINT('Ctrl Pts',(-2.84086326789708,-2.13397331979354,-0.359136851312206));
#4769=CARTESIAN_POINT('Ctrl Pts',(-2.84086326789708,-2.13397331979354,-0.2));
#4770=CARTESIAN_POINT('Ctrl Pts',(-2.81238726823361,-2.13263278099789,-0.2));
#4771=CARTESIAN_POINT('Ctrl Pts',(-2.81238726823361,-2.13263278099789,-0.012387149024323));
#4772=CARTESIAN_POINT('Ctrl Pts',(-3.00000011920929,-2.13263278099789,-0.012387149024323));
#4773=CARTESIAN_POINT('Ctrl Pts',(-3.18761297018497,-2.13263278099789,-0.012387149024323));
#4774=CARTESIAN_POINT('Ctrl Pts',(-3.18761297018497,-2.13263278099789,-0.2));
#4775=CARTESIAN_POINT('Ctrl Pts',(-3.18761297018497,-2.13263278099789,-0.387612850975677));
#4776=CARTESIAN_POINT('Ctrl Pts',(-3.00000011920929,-2.13263278099789,-0.387612850975677));
#4777=CARTESIAN_POINT('Ctrl Pts',(-2.81238726823361,-2.13263278099789,-0.387612850975677));
#4778=CARTESIAN_POINT('Ctrl Pts',(-2.81238726823361,-2.13263278099789,-0.2));
#4779=CARTESIAN_POINT('Ctrl Pts',(-2.7934561366002,-2.09880959205456,-0.2));
#4780=CARTESIAN_POINT('Ctrl Pts',(-2.7934561366002,-2.09880959205456,0.00654398260908517));
#4781=CARTESIAN_POINT('Ctrl Pts',(-3.00000011920929,-2.09880959205456,0.00654398260908517));
#4782=CARTESIAN_POINT('Ctrl Pts',(-3.20654410181838,-2.09880959205456,0.00654398260908517));
#4783=CARTESIAN_POINT('Ctrl Pts',(-3.20654410181838,-2.09880959205456,-0.2));
#4784=CARTESIAN_POINT('Ctrl Pts',(-3.20654410181838,-2.09880959205456,-0.406543982609086));
#4785=CARTESIAN_POINT('Ctrl Pts',(-3.00000011920929,-2.09880959205456,-0.406543982609086));
#4786=CARTESIAN_POINT('Ctrl Pts',(-2.7934561366002,-2.09880959205456,-0.406543982609086));
#4787=CARTESIAN_POINT('Ctrl Pts',(-2.7934561366002,-2.09880959205456,-0.2));
#4788=CARTESIAN_POINT('Ctrl Pts',(-2.78114481029503,-2.03982717765135,-0.2));
#4789=CARTESIAN_POINT('Ctrl Pts',(-2.78114481029503,-2.03982717765135,0.0188553089142579));
#4790=CARTESIAN_POINT('Ctrl Pts',(-3.00000011920929,-2.03982717765135,0.0188553089142579));
#4791=CARTESIAN_POINT('Ctrl Pts',(-3.21885542812355,-2.03982717765135,0.0188553089142579));
#4792=CARTESIAN_POINT('Ctrl Pts',(-3.21885542812355,-2.03982717765135,-0.2));
#4793=CARTESIAN_POINT('Ctrl Pts',(-3.21885542812355,-2.03982717765135,-0.418855308914258));
#4794=CARTESIAN_POINT('Ctrl Pts',(-3.00000011920929,-2.03982717765135,-0.418855308914258));
#4795=CARTESIAN_POINT('Ctrl Pts',(-2.78114481029503,-2.03982717765135,-0.418855308914258));
#4796=CARTESIAN_POINT('Ctrl Pts',(-2.78114481029503,-2.03982717765135,-0.2));
#4797=CARTESIAN_POINT('Ctrl Pts',(-2.7709369121293,-1.96699310042293,-0.2));
#4798=CARTESIAN_POINT('Ctrl Pts',(-2.7709369121293,-1.96699310042293,0.0290632070799869));
#4799=CARTESIAN_POINT('Ctrl Pts',(-3.00000011920929,-1.96699310042293,0.0290632070799869));
#4800=CARTESIAN_POINT('Ctrl Pts',(-3.22906332628928,-1.96699310042293,0.0290632070799869));
#4801=CARTESIAN_POINT('Ctrl Pts',(-3.22906332628928,-1.96699310042293,-0.2));
#4802=CARTESIAN_POINT('Ctrl Pts',(-3.22906332628928,-1.96699310042293,-0.429063207079987));
#4803=CARTESIAN_POINT('Ctrl Pts',(-3.00000011920929,-1.96699310042293,-0.429063207079987));
#4804=CARTESIAN_POINT('Ctrl Pts',(-2.7709369121293,-1.96699310042293,-0.429063207079987));
#4805=CARTESIAN_POINT('Ctrl Pts',(-2.7709369121293,-1.96699310042293,-0.2));
#4806=CARTESIAN_POINT('Ctrl Pts',(-2.75768618891372,-1.89348819984485,-0.2));
#4807=CARTESIAN_POINT('Ctrl Pts',(-2.75768618891372,-1.89348819984485,0.0423139302955738));
#4808=CARTESIAN_POINT('Ctrl Pts',(-3.00000011920929,-1.89348819984485,0.0423139302955738));
#4809=CARTESIAN_POINT('Ctrl Pts',(-3.24231404950486,-1.89348819984485,0.0423139302955738));
#4810=CARTESIAN_POINT('Ctrl Pts',(-3.24231404950486,-1.89348819984485,-0.2));
#4811=CARTESIAN_POINT('Ctrl Pts',(-3.24231404950486,-1.89348819984485,-0.442313930295574));
#4812=CARTESIAN_POINT('Ctrl Pts',(-3.00000011920929,-1.89348819984485,-0.442313930295574));
#4813=CARTESIAN_POINT('Ctrl Pts',(-2.75768618891372,-1.89348819984485,-0.442313930295574));
#4814=CARTESIAN_POINT('Ctrl Pts',(-2.75768618891372,-1.89348819984485,-0.2));
#4815=CARTESIAN_POINT('Ctrl Pts',(-2.73673028091984,-1.83189350365878,-0.2));
#4816=CARTESIAN_POINT('Ctrl Pts',(-2.73673028091984,-1.83189350365878,0.06326983828945));
#4817=CARTESIAN_POINT('Ctrl Pts',(-3.00000011920929,-1.83189350365878,0.06326983828945));
#4818=CARTESIAN_POINT('Ctrl Pts',(-3.26326995749874,-1.83189350365878,0.06326983828945));
#4819=CARTESIAN_POINT('Ctrl Pts',(-3.26326995749874,-1.83189350365878,-0.2));
#4820=CARTESIAN_POINT('Ctrl Pts',(-3.26326995749874,-1.83189350365878,-0.46326983828945));
#4821=CARTESIAN_POINT('Ctrl Pts',(-3.00000011920929,-1.83189350365878,-0.46326983828945));
#4822=CARTESIAN_POINT('Ctrl Pts',(-2.73673028091984,-1.83189350365878,-0.46326983828945));
#4823=CARTESIAN_POINT('Ctrl Pts',(-2.73673028091984,-1.83189350365878,-0.2));
#4824=CARTESIAN_POINT('Ctrl Pts',(-2.70503473105045,-1.79168591235733,-0.2));
#4825=CARTESIAN_POINT('Ctrl Pts',(-2.70503473105045,-1.79168591235733,0.094965388158837));
#4826=CARTESIAN_POINT('Ctrl Pts',(-3.00000011920929,-1.79168591235733,0.0949653881588371));
#4827=CARTESIAN_POINT('Ctrl Pts',(-3.29496550736813,-1.79168591235733,0.094965388158837));
#4828=CARTESIAN_POINT('Ctrl Pts',(-3.29496550736813,-1.79168591235733,-0.2));
#4829=CARTESIAN_POINT('Ctrl Pts',(-3.29496550736813,-1.79168591235733,-0.494965388158837));
#4830=CARTESIAN_POINT('Ctrl Pts',(-3.00000011920929,-1.79168591235733,-0.494965388158838));
#4831=CARTESIAN_POINT('Ctrl Pts',(-2.70503473105045,-1.79168591235733,-0.494965388158837));
#4832=CARTESIAN_POINT('Ctrl Pts',(-2.70503473105045,-1.79168591235733,-0.2));
#4833=CARTESIAN_POINT('Ctrl Pts',(-2.66214001193525,-1.77709910633042,-0.2));
#4834=CARTESIAN_POINT('Ctrl Pts',(-2.66214001193525,-1.77709910633042,0.13786010727404));
#4835=CARTESIAN_POINT('Ctrl Pts',(-3.00000011920929,-1.77709910633042,0.13786010727404));
#4836=CARTESIAN_POINT('Ctrl Pts',(-3.33786022648333,-1.77709910633042,0.13786010727404));
#4837=CARTESIAN_POINT('Ctrl Pts',(-3.33786022648333,-1.77709910633042,-0.2));
#4838=CARTESIAN_POINT('Ctrl Pts',(-3.33786022648333,-1.77709910633042,-0.537860107274041));
#4839=CARTESIAN_POINT('Ctrl Pts',(-3.00000011920929,-1.77709910633042,-0.537860107274041));
#4840=CARTESIAN_POINT('Ctrl Pts',(-2.66214001193525,-1.77709910633042,-0.537860107274041));
#4841=CARTESIAN_POINT('Ctrl Pts',(-2.66214001193525,-1.77709910633042,-0.2));
#4842=CARTESIAN_POINT('Ctrl Pts',(-2.61165821724169,-1.7839392909683,-0.2));
#4843=CARTESIAN_POINT('Ctrl Pts',(-2.61165821724169,-1.7839392909683,0.1883419019676));
#4844=CARTESIAN_POINT('Ctrl Pts',(-3.00000011920929,-1.7839392909683,0.1883419019676));
#4845=CARTESIAN_POINT('Ctrl Pts',(-3.38834202117689,-1.7839392909683,0.1883419019676));
#4846=CARTESIAN_POINT('Ctrl Pts',(-3.38834202117689,-1.7839392909683,-0.2));
#4847=CARTESIAN_POINT('Ctrl Pts',(-3.38834202117689,-1.7839392909683,-0.588341901967601));
#4848=CARTESIAN_POINT('Ctrl Pts',(-3.00000011920929,-1.7839392909683,-0.588341901967601));
#4849=CARTESIAN_POINT('Ctrl Pts',(-2.61165821724169,-1.7839392909683,-0.588341901967601));
#4850=CARTESIAN_POINT('Ctrl Pts',(-2.61165821724169,-1.7839392909683,-0.2));
#4851=CARTESIAN_POINT('Ctrl Pts',(-2.56087837746923,-1.80000692412088,-0.2));
#4852=CARTESIAN_POINT('Ctrl Pts',(-2.56087837746923,-1.80000692412088,0.239121741740062));
#4853=CARTESIAN_POINT('Ctrl Pts',(-3.00000011920929,-1.80000692412088,0.239121741740062));
#4854=CARTESIAN_POINT('Ctrl Pts',(-3.43912186094935,-1.80000692412088,0.239121741740062));
#4855=CARTESIAN_POINT('Ctrl Pts',(-3.43912186094935,-1.80000692412088,-0.2));
#4856=CARTESIAN_POINT('Ctrl Pts',(-3.43912186094935,-1.80000692412088,-0.639121741740063));
#4857=CARTESIAN_POINT('Ctrl Pts',(-3.00000011920929,-1.80000692412088,-0.639121741740063));
#4858=CARTESIAN_POINT('Ctrl Pts',(-2.56087837746923,-1.80000692412088,-0.639121741740063));
#4859=CARTESIAN_POINT('Ctrl Pts',(-2.56087837746923,-1.80000692412088,-0.2));
#4860=CARTESIAN_POINT('Ctrl Pts',(-2.51774495329836,-1.81052401060115,-0.2));
#4861=CARTESIAN_POINT('Ctrl Pts',(-2.51774495329836,-1.81052401060115,0.282255165910935));
#4862=CARTESIAN_POINT('Ctrl Pts',(-3.00000011920929,-1.81052401060115,0.282255165910935));
#4863=CARTESIAN_POINT('Ctrl Pts',(-3.48225528512023,-1.81052401060115,0.282255165910935));
#4864=CARTESIAN_POINT('Ctrl Pts',(-3.48225528512023,-1.81052401060115,-0.2));
#4865=CARTESIAN_POINT('Ctrl Pts',(-3.48225528512023,-1.81052401060115,-0.682255165910935));
#4866=CARTESIAN_POINT('Ctrl Pts',(-3.00000011920929,-1.81052401060115,-0.682255165910935));
#4867=CARTESIAN_POINT('Ctrl Pts',(-2.51774495329836,-1.81052401060115,-0.682255165910935));
#4868=CARTESIAN_POINT('Ctrl Pts',(-2.51774495329836,-1.81052401060115,-0.2));
#4869=CARTESIAN_POINT('Ctrl Pts',(-2.48850645625927,-1.80228885285578,-0.2));
#4870=CARTESIAN_POINT('Ctrl Pts',(-2.48850645625927,-1.80228885285578,0.311493662950019));
#4871=CARTESIAN_POINT('Ctrl Pts',(-3.00000011920929,-1.80228885285578,0.311493662950019));
#4872=CARTESIAN_POINT('Ctrl Pts',(-3.51149378215931,-1.80228885285578,0.311493662950019));
#4873=CARTESIAN_POINT('Ctrl Pts',(-3.51149378215931,-1.80228885285578,-0.2));
#4874=CARTESIAN_POINT('Ctrl Pts',(-3.51149378215931,-1.80228885285578,-0.711493662950019));
#4875=CARTESIAN_POINT('Ctrl Pts',(-3.00000011920929,-1.80228885285578,-0.711493662950019));
#4876=CARTESIAN_POINT('Ctrl Pts',(-2.48850645625927,-1.80228885285578,-0.711493662950019));
#4877=CARTESIAN_POINT('Ctrl Pts',(-2.48850645625927,-1.80228885285578,-0.2));
#4878=CARTESIAN_POINT('Ctrl Pts',(-2.47504472823738,-1.76841574378387,-0.2));
#4879=CARTESIAN_POINT('Ctrl Pts',(-2.47504472823738,-1.76841574378387,0.324955390971912));
#4880=CARTESIAN_POINT('Ctrl Pts',(-3.00000011920929,-1.76841574378387,0.324955390971912));
#4881=CARTESIAN_POINT('Ctrl Pts',(-3.5249555101812,-1.76841574378387,0.324955390971912));
#4882=CARTESIAN_POINT('Ctrl Pts',(-3.5249555101812,-1.76841574378387,-0.2));
#4883=CARTESIAN_POINT('Ctrl Pts',(-3.5249555101812,-1.76841574378387,-0.724955390971912));
#4884=CARTESIAN_POINT('Ctrl Pts',(-3.00000011920929,-1.76841574378387,-0.724955390971913));
#4885=CARTESIAN_POINT('Ctrl Pts',(-2.47504472823738,-1.76841574378387,-0.724955390971912));
#4886=CARTESIAN_POINT('Ctrl Pts',(-2.47504472823738,-1.76841574378387,-0.2));
#4887=CARTESIAN_POINT('Ctrl Pts',(-2.47245656806623,-1.71264735616567,-0.2));
#4888=CARTESIAN_POINT('Ctrl Pts',(-2.47245656806623,-1.71264735616567,0.327543551143064));
#4889=CARTESIAN_POINT('Ctrl Pts',(-3.00000011920929,-1.71264735616567,0.327543551143064));
#4890=CARTESIAN_POINT('Ctrl Pts',(-3.52754367035235,-1.71264735616567,0.327543551143064));
#4891=CARTESIAN_POINT('Ctrl Pts',(-3.52754367035235,-1.71264735616567,-0.2));
#4892=CARTESIAN_POINT('Ctrl Pts',(-3.52754367035235,-1.71264735616567,-0.727543551143064));
#4893=CARTESIAN_POINT('Ctrl Pts',(-3.00000011920929,-1.71264735616567,-0.727543551143064));
#4894=CARTESIAN_POINT('Ctrl Pts',(-2.47245656806623,-1.71264735616567,-0.727543551143064));
#4895=CARTESIAN_POINT('Ctrl Pts',(-2.47245656806623,-1.71264735616567,-0.2));
#4896=CARTESIAN_POINT('Ctrl Pts',(-2.47229664474682,-1.64525400524848,-0.2));
#4897=CARTESIAN_POINT('Ctrl Pts',(-2.47229664474682,-1.64525400524848,0.32770347446247));
#4898=CARTESIAN_POINT('Ctrl Pts',(-3.00000011920929,-1.64525400524848,0.32770347446247));
#4899=CARTESIAN_POINT('Ctrl Pts',(-3.52770359367176,-1.64525400524848,0.32770347446247));
#4900=CARTESIAN_POINT('Ctrl Pts',(-3.52770359367176,-1.64525400524848,-0.2));
#4901=CARTESIAN_POINT('Ctrl Pts',(-3.52770359367176,-1.64525400524848,-0.72770347446247));
#4902=CARTESIAN_POINT('Ctrl Pts',(-3.00000011920929,-1.64525400524848,-0.72770347446247));
#4903=CARTESIAN_POINT('Ctrl Pts',(-2.47229664474682,-1.64525400524848,-0.72770347446247));
#4904=CARTESIAN_POINT('Ctrl Pts',(-2.47229664474682,-1.64525400524848,-0.2));
#4905=CARTESIAN_POINT('Ctrl Pts',(-2.46565127526453,-1.57915800587697,-0.2));
#4906=CARTESIAN_POINT('Ctrl Pts',(-2.46565127526453,-1.57915800587697,0.334348843944761));
#4907=CARTESIAN_POINT('Ctrl Pts',(-3.00000011920929,-1.57915800587697,0.334348843944761));
#4908=CARTESIAN_POINT('Ctrl Pts',(-3.53434896315405,-1.57915800587697,0.334348843944761));
#4909=CARTESIAN_POINT('Ctrl Pts',(-3.53434896315405,-1.57915800587697,-0.2));
#4910=CARTESIAN_POINT('Ctrl Pts',(-3.53434896315405,-1.57915800587697,-0.734348843944762));
#4911=CARTESIAN_POINT('Ctrl Pts',(-3.00000011920929,-1.57915800587697,-0.734348843944762));
#4912=CARTESIAN_POINT('Ctrl Pts',(-2.46565127526453,-1.57915800587697,-0.734348843944762));
#4913=CARTESIAN_POINT('Ctrl Pts',(-2.46565127526453,-1.57915800587697,-0.2));
#4914=CARTESIAN_POINT('Ctrl Pts',(-2.44634307337532,-1.52591950095943,-0.2));
#4915=CARTESIAN_POINT('Ctrl Pts',(-2.44634307337532,-1.52591950095943,0.353657045833968));
#4916=CARTESIAN_POINT('Ctrl Pts',(-3.00000011920929,-1.52591950095943,0.353657045833968));
#4917=CARTESIAN_POINT('Ctrl Pts',(-3.55365716504326,-1.52591950095943,0.353657045833968));
#4918=CARTESIAN_POINT('Ctrl Pts',(-3.55365716504326,-1.52591950095943,-0.2));
#4919=CARTESIAN_POINT('Ctrl Pts',(-3.55365716504326,-1.52591950095943,-0.753657045833968));
#4920=CARTESIAN_POINT('Ctrl Pts',(-3.00000011920929,-1.52591950095943,-0.753657045833968));
#4921=CARTESIAN_POINT('Ctrl Pts',(-2.44634307337532,-1.52591950095943,-0.753657045833968));
#4922=CARTESIAN_POINT('Ctrl Pts',(-2.44634307337532,-1.52591950095943,-0.2));
#4923=CARTESIAN_POINT('Ctrl Pts',(-2.41391882722705,-1.49193434821247,-0.2));
#4924=CARTESIAN_POINT('Ctrl Pts',(-2.41391882722705,-1.49193434821247,0.386081291982241));
#4925=CARTESIAN_POINT('Ctrl Pts',(-3.00000011920929,-1.49193434821247,0.386081291982241));
#4926=CARTESIAN_POINT('Ctrl Pts',(-3.58608141119153,-1.49193434821247,0.386081291982241));
#4927=CARTESIAN_POINT('Ctrl Pts',(-3.58608141119153,-1.49193434821247,-0.2));
#4928=CARTESIAN_POINT('Ctrl Pts',(-3.58608141119153,-1.49193434821247,-0.786081291982241));
#4929=CARTESIAN_POINT('Ctrl Pts',(-3.00000011920929,-1.49193434821247,-0.786081291982241));
#4930=CARTESIAN_POINT('Ctrl Pts',(-2.41391882722705,-1.49193434821247,-0.786081291982241));
#4931=CARTESIAN_POINT('Ctrl Pts',(-2.41391882722705,-1.49193434821247,-0.2));
#4932=CARTESIAN_POINT('Ctrl Pts',(-2.37718822432679,-1.47411746585252,-0.2));
#4933=CARTESIAN_POINT('Ctrl Pts',(-2.37718822432679,-1.47411746585252,0.422811894882502));
#4934=CARTESIAN_POINT('Ctrl Pts',(-3.00000011920929,-1.47411746585252,0.422811894882502));
#4935=CARTESIAN_POINT('Ctrl Pts',(-3.62281201409179,-1.47411746585252,0.422811894882502));
#4936=CARTESIAN_POINT('Ctrl Pts',(-3.62281201409179,-1.47411746585252,-0.2));
#4937=CARTESIAN_POINT('Ctrl Pts',(-3.62281201409179,-1.47411746585252,-0.822811894882502));
#4938=CARTESIAN_POINT('Ctrl Pts',(-3.00000011920929,-1.47411746585252,-0.822811894882502));
#4939=CARTESIAN_POINT('Ctrl Pts',(-2.37718822432679,-1.47411746585252,-0.822811894882502));
#4940=CARTESIAN_POINT('Ctrl Pts',(-2.37718822432679,-1.47411746585252,-0.2));
#4941=CARTESIAN_POINT('Ctrl Pts',(-2.34927921294992,-1.46362419797355,-0.2));
#4942=CARTESIAN_POINT('Ctrl Pts',(-2.34927921294993,-1.46362419797355,0.450720906259365));
#4943=CARTESIAN_POINT('Ctrl Pts',(-3.00000011920929,-1.46362419797355,0.450720906259365));
#4944=CARTESIAN_POINT('Ctrl Pts',(-3.65072102546866,-1.46362419797355,0.450720906259365));
#4945=CARTESIAN_POINT('Ctrl Pts',(-3.65072102546866,-1.46362419797355,-0.2));
#4946=CARTESIAN_POINT('Ctrl Pts',(-3.65072102546866,-1.46362419797355,-0.850720906259366));
#4947=CARTESIAN_POINT('Ctrl Pts',(-3.00000011920929,-1.46362419797355,-0.850720906259366));
#4948=CARTESIAN_POINT('Ctrl Pts',(-2.34927921294993,-1.46362419797355,-0.850720906259366));
#4949=CARTESIAN_POINT('Ctrl Pts',(-2.34927921294992,-1.46362419797355,-0.2));
#4950=CARTESIAN_POINT('Ctrl Pts',(-2.34232658996666,-1.44998398559517,-0.2));
#4951=CARTESIAN_POINT('Ctrl Pts',(-2.34232658996666,-1.44998398559517,0.457673529242631));
#4952=CARTESIAN_POINT('Ctrl Pts',(-3.00000011920929,-1.44998398559517,0.457673529242631));
#4953=CARTESIAN_POINT('Ctrl Pts',(-3.65767364845192,-1.44998398559517,0.457673529242631));
#4954=CARTESIAN_POINT('Ctrl Pts',(-3.65767364845192,-1.44998398559517,-0.2));
#4955=CARTESIAN_POINT('Ctrl Pts',(-3.65767364845192,-1.44998398559517,-0.857673529242631));
#4956=CARTESIAN_POINT('Ctrl Pts',(-3.00000011920929,-1.44998398559517,-0.857673529242632));
#4957=CARTESIAN_POINT('Ctrl Pts',(-2.34232658996666,-1.44998398559517,-0.857673529242631));
#4958=CARTESIAN_POINT('Ctrl Pts',(-2.34232658996666,-1.44998398559517,-0.2));
#4959=CARTESIAN_POINT('Ctrl Pts',(-2.3618746436658,-1.42534004079842,-0.2));
#4960=CARTESIAN_POINT('Ctrl Pts',(-2.3618746436658,-1.42534004079842,0.438125475543491));
#4961=CARTESIAN_POINT('Ctrl Pts',(-3.00000011920929,-1.42534004079842,0.438125475543491));
#4962=CARTESIAN_POINT('Ctrl Pts',(-3.63812559475278,-1.42534004079842,0.438125475543491));
#4963=CARTESIAN_POINT('Ctrl Pts',(-3.63812559475278,-1.42534004079842,-0.2));
#4964=CARTESIAN_POINT('Ctrl Pts',(-3.63812559475278,-1.42534004079842,-0.838125475543491));
#4965=CARTESIAN_POINT('Ctrl Pts',(-3.00000011920929,-1.42534004079842,-0.838125475543491));
#4966=CARTESIAN_POINT('Ctrl Pts',(-2.3618746436658,-1.42534004079842,-0.838125475543491));
#4967=CARTESIAN_POINT('Ctrl Pts',(-2.3618746436658,-1.42534004079842,-0.2));
#4968=CARTESIAN_POINT('Ctrl Pts',(-2.4025872577582,-1.38789662711686,-0.2));
#4969=CARTESIAN_POINT('Ctrl Pts',(-2.4025872577582,-1.38789662711686,0.397412861451088));
#4970=CARTESIAN_POINT('Ctrl Pts',(-3.00000011920929,-1.38789662711686,0.397412861451088));
#4971=CARTESIAN_POINT('Ctrl Pts',(-3.59741298066038,-1.38789662711686,0.397412861451088));
#4972=CARTESIAN_POINT('Ctrl Pts',(-3.59741298066038,-1.38789662711686,-0.2));
#4973=CARTESIAN_POINT('Ctrl Pts',(-3.59741298066038,-1.38789662711686,-0.797412861451089));
#4974=CARTESIAN_POINT('Ctrl Pts',(-3.00000011920929,-1.38789662711686,-0.797412861451089));
#4975=CARTESIAN_POINT('Ctrl Pts',(-2.4025872577582,-1.38789662711686,-0.797412861451089));
#4976=CARTESIAN_POINT('Ctrl Pts',(-2.4025872577582,-1.38789662711686,-0.2));
#4977=CARTESIAN_POINT('Ctrl Pts',(-2.45300190102027,-1.33969789078602,-0.2));
#4978=CARTESIAN_POINT('Ctrl Pts',(-2.45300190102027,-1.33969789078602,0.346998218189016));
#4979=CARTESIAN_POINT('Ctrl Pts',(-3.00000011920929,-1.33969789078602,0.346998218189016));
#4980=CARTESIAN_POINT('Ctrl Pts',(-3.54699833739831,-1.33969789078602,0.346998218189016));
#4981=CARTESIAN_POINT('Ctrl Pts',(-3.54699833739831,-1.33969789078602,-0.2));
#4982=CARTESIAN_POINT('Ctrl Pts',(-3.54699833739831,-1.33969789078602,-0.746998218189017));
#4983=CARTESIAN_POINT('Ctrl Pts',(-3.00000011920929,-1.33969789078602,-0.746998218189017));
#4984=CARTESIAN_POINT('Ctrl Pts',(-2.45300190102027,-1.33969789078602,-0.746998218189017));
#4985=CARTESIAN_POINT('Ctrl Pts',(-2.45300190102027,-1.33969789078602,-0.2));
#4986=CARTESIAN_POINT('Ctrl Pts',(-2.49924947536524,-1.28505599920329,-0.2));
#4987=CARTESIAN_POINT('Ctrl Pts',(-2.49924947536524,-1.28505599920329,0.30075064384405));
#4988=CARTESIAN_POINT('Ctrl Pts',(-3.00000011920929,-1.28505599920329,0.30075064384405));
#4989=CARTESIAN_POINT('Ctrl Pts',(-3.50075076305334,-1.28505599920329,0.30075064384405));
#4990=CARTESIAN_POINT('Ctrl Pts',(-3.50075076305334,-1.28505599920329,-0.2));
#4991=CARTESIAN_POINT('Ctrl Pts',(-3.50075076305334,-1.28505599920329,-0.700750643844051));
#4992=CARTESIAN_POINT('Ctrl Pts',(-3.00000011920929,-1.28505599920329,-0.700750643844051));
#4993=CARTESIAN_POINT('Ctrl Pts',(-2.49924947536524,-1.28505599920329,-0.700750643844051));
#4994=CARTESIAN_POINT('Ctrl Pts',(-2.49924947536524,-1.28505599920329,-0.2));
#4995=CARTESIAN_POINT('Ctrl Pts',(-2.52918890398635,-1.22872560332141,-0.2));
#4996=CARTESIAN_POINT('Ctrl Pts',(-2.52918890398635,-1.22872560332141,0.27081121522294));
#4997=CARTESIAN_POINT('Ctrl Pts',(-3.00000011920929,-1.22872560332141,0.27081121522294));
#4998=CARTESIAN_POINT('Ctrl Pts',(-3.47081133443223,-1.22872560332141,0.27081121522294));
#4999=CARTESIAN_POINT('Ctrl Pts',(-3.47081133443223,-1.22872560332141,-0.2));
#5000=CARTESIAN_POINT('Ctrl Pts',(-3.47081133443223,-1.22872560332141,-0.67081121522294));
#5001=CARTESIAN_POINT('Ctrl Pts',(-3.00000011920929,-1.22872560332141,-0.67081121522294));
#5002=CARTESIAN_POINT('Ctrl Pts',(-2.52918890398635,-1.22872560332141,-0.67081121522294));
#5003=CARTESIAN_POINT('Ctrl Pts',(-2.52918890398635,-1.22872560332141,-0.2));
#5004=CARTESIAN_POINT('Ctrl Pts',(-2.53630834381173,-1.17421328814352,-0.2));
#5005=CARTESIAN_POINT('Ctrl Pts',(-2.53630834381173,-1.17421328814352,0.263691775397556));
#5006=CARTESIAN_POINT('Ctrl Pts',(-3.00000011920929,-1.17421328814352,0.263691775397556));
#5007=CARTESIAN_POINT('Ctrl Pts',(-3.46369189460685,-1.17421328814352,0.263691775397556));
#5008=CARTESIAN_POINT('Ctrl Pts',(-3.46369189460685,-1.17421328814352,-0.2));
#5009=CARTESIAN_POINT('Ctrl Pts',(-3.46369189460685,-1.17421328814352,-0.663691775397556));
#5010=CARTESIAN_POINT('Ctrl Pts',(-3.00000011920929,-1.17421328814352,-0.663691775397556));
#5011=CARTESIAN_POINT('Ctrl Pts',(-2.53630834381173,-1.17421328814352,-0.663691775397556));
#5012=CARTESIAN_POINT('Ctrl Pts',(-2.53630834381173,-1.17421328814352,-0.2));
#5013=CARTESIAN_POINT('Ctrl Pts',(-2.52389800327472,-1.12196168887444,-0.2));
#5014=CARTESIAN_POINT('Ctrl Pts',(-2.52389800327472,-1.12196168887444,0.276102115934574));
#5015=CARTESIAN_POINT('Ctrl Pts',(-3.00000011920929,-1.12196168887444,0.276102115934575));
#5016=CARTESIAN_POINT('Ctrl Pts',(-3.47610223514386,-1.12196168887444,0.276102115934574));
#5017=CARTESIAN_POINT('Ctrl Pts',(-3.47610223514386,-1.12196168887444,-0.2));
#5018=CARTESIAN_POINT('Ctrl Pts',(-3.47610223514386,-1.12196168887444,-0.676102115934575));
#5019=CARTESIAN_POINT('Ctrl Pts',(-3.00000011920929,-1.12196168887444,-0.676102115934575));
#5020=CARTESIAN_POINT('Ctrl Pts',(-2.52389800327472,-1.12196168887444,-0.676102115934575));
#5021=CARTESIAN_POINT('Ctrl Pts',(-2.52389800327472,-1.12196168887444,-0.2));
#5022=CARTESIAN_POINT('Ctrl Pts',(-2.50161611369345,-1.07064797137948,-0.2));
#5023=CARTESIAN_POINT('Ctrl Pts',(-2.50161611369345,-1.07064797137948,0.298384005515842));
#5024=CARTESIAN_POINT('Ctrl Pts',(-3.00000011920929,-1.07064797137948,0.298384005515842));
#5025=CARTESIAN_POINT('Ctrl Pts',(-3.49838412472513,-1.07064797137948,0.298384005515842));
#5026=CARTESIAN_POINT('Ctrl Pts',(-3.49838412472513,-1.07064797137948,-0.2));
#5027=CARTESIAN_POINT('Ctrl Pts',(-3.49838412472513,-1.07064797137948,-0.698384005515842));
#5028=CARTESIAN_POINT('Ctrl Pts',(-3.00000011920929,-1.07064797137948,-0.698384005515842));
#5029=CARTESIAN_POINT('Ctrl Pts',(-2.50161611369345,-1.07064797137948,-0.698384005515842));
#5030=CARTESIAN_POINT('Ctrl Pts',(-2.50161611369345,-1.07064797137948,-0.2));
#5031=CARTESIAN_POINT('Ctrl Pts',(-2.48192589211899,-1.0185293886416,-0.2));
#5032=CARTESIAN_POINT('Ctrl Pts',(-2.48192589211899,-1.0185293886416,0.3180742270903));
#5033=CARTESIAN_POINT('Ctrl Pts',(-3.00000011920929,-1.0185293886416,0.318074227090301));
#5034=CARTESIAN_POINT('Ctrl Pts',(-3.51807434629959,-1.0185293886416,0.3180742270903));
#5035=CARTESIAN_POINT('Ctrl Pts',(-3.51807434629959,-1.0185293886416,-0.2));
#5036=CARTESIAN_POINT('Ctrl Pts',(-3.51807434629959,-1.0185293886416,-0.718074227090301));
#5037=CARTESIAN_POINT('Ctrl Pts',(-3.00000011920929,-1.0185293886416,-0.718074227090301));
#5038=CARTESIAN_POINT('Ctrl Pts',(-2.48192589211899,-1.0185293886416,-0.718074227090301));
#5039=CARTESIAN_POINT('Ctrl Pts',(-2.48192589211899,-1.0185293886416,-0.2));
#5040=CARTESIAN_POINT('Ctrl Pts',(-2.47651317054442,-0.964809578996814,
-0.2));
#5041=CARTESIAN_POINT('Ctrl Pts',(-2.47651317054442,-0.964809578996814,
0.323486948664875));
#5042=CARTESIAN_POINT('Ctrl Pts',(-3.00000011920929,-0.964809578996814,
0.323486948664875));
#5043=CARTESIAN_POINT('Ctrl Pts',(-3.52348706787417,-0.964809578996814,
0.323486948664875));
#5044=CARTESIAN_POINT('Ctrl Pts',(-3.52348706787417,-0.964809578996814,
-0.2));
#5045=CARTESIAN_POINT('Ctrl Pts',(-3.52348706787417,-0.964809578996814,
-0.723486948664875));
#5046=CARTESIAN_POINT('Ctrl Pts',(-3.00000011920929,-0.964809578996814,
-0.723486948664875));
#5047=CARTESIAN_POINT('Ctrl Pts',(-2.47651317054442,-0.964809578996814,
-0.723486948664875));
#5048=CARTESIAN_POINT('Ctrl Pts',(-2.47651317054442,-0.964809578996814,
-0.2));
#5049=CARTESIAN_POINT('Ctrl Pts',(-2.49288777117107,-0.910906797974657,
-0.2));
#5050=CARTESIAN_POINT('Ctrl Pts',(-2.49288777117107,-0.910906797974657,
0.307112348038216));
#5051=CARTESIAN_POINT('Ctrl Pts',(-3.00000011920929,-0.910906797974657,
0.307112348038216));
#5052=CARTESIAN_POINT('Ctrl Pts',(-3.50711246724751,-0.910906797974657,
0.307112348038216));
#5053=CARTESIAN_POINT('Ctrl Pts',(-3.50711246724751,-0.910906797974657,
-0.2));
#5054=CARTESIAN_POINT('Ctrl Pts',(-3.50711246724751,-0.910906797974657,
-0.707112348038216));
#5055=CARTESIAN_POINT('Ctrl Pts',(-3.00000011920929,-0.910906797974657,
-0.707112348038216));
#5056=CARTESIAN_POINT('Ctrl Pts',(-2.49288777117107,-0.910906797974657,
-0.707112348038216));
#5057=CARTESIAN_POINT('Ctrl Pts',(-2.49288777117107,-0.910906797974657,
-0.2));
#5058=CARTESIAN_POINT('Ctrl Pts',(-2.53043165062827,-0.862011127926925,
-0.2));
#5059=CARTESIAN_POINT('Ctrl Pts',(-2.53043165062827,-0.862011127926925,
0.269568468581015));
#5060=CARTESIAN_POINT('Ctrl Pts',(-3.00000011920929,-0.862011127926925,
0.269568468581015));
#5061=CARTESIAN_POINT('Ctrl Pts',(-3.46956858779031,-0.862011127926925,
0.269568468581015));
#5062=CARTESIAN_POINT('Ctrl Pts',(-3.46956858779031,-0.862011127926925,
-0.2));
#5063=CARTESIAN_POINT('Ctrl Pts',(-3.46956858779031,-0.862011127926925,
-0.669568468581015));
#5064=CARTESIAN_POINT('Ctrl Pts',(-3.00000011920929,-0.862011127926925,
-0.669568468581015));
#5065=CARTESIAN_POINT('Ctrl Pts',(-2.53043165062827,-0.862011127926925,
-0.669568468581015));
#5066=CARTESIAN_POINT('Ctrl Pts',(-2.53043165062827,-0.862011127926925,
-0.2));
#5067=CARTESIAN_POINT('Ctrl Pts',(-2.58260064162177,-0.825443781371577,
-0.2));
#5068=CARTESIAN_POINT('Ctrl Pts',(-2.58260064162177,-0.825443781371577,
0.21739947758752));
#5069=CARTESIAN_POINT('Ctrl Pts',(-3.00000011920929,-0.825443781371577,
0.21739947758752));
#5070=CARTESIAN_POINT('Ctrl Pts',(-3.41739959679681,-0.825443781371577,
0.21739947758752));
#5071=CARTESIAN_POINT('Ctrl Pts',(-3.41739959679681,-0.825443781371577,
-0.2));
#5072=CARTESIAN_POINT('Ctrl Pts',(-3.41739959679681,-0.825443781371577,
-0.61739947758752));
#5073=CARTESIAN_POINT('Ctrl Pts',(-3.00000011920929,-0.825443781371577,
-0.61739947758752));
#5074=CARTESIAN_POINT('Ctrl Pts',(-2.58260064162177,-0.825443781371577,
-0.61739947758752));
#5075=CARTESIAN_POINT('Ctrl Pts',(-2.58260064162177,-0.825443781371577,
-0.2));
#5076=CARTESIAN_POINT('Ctrl Pts',(-2.63985026825659,-0.808639157639042,
-0.2));
#5077=CARTESIAN_POINT('Ctrl Pts',(-2.63985026825659,-0.808639157639042,
0.160149850952703));
#5078=CARTESIAN_POINT('Ctrl Pts',(-3.00000011920929,-0.808639157639042,
0.160149850952703));
#5079=CARTESIAN_POINT('Ctrl Pts',(-3.36014997016199,-0.808639157639042,
0.160149850952703));
#5080=CARTESIAN_POINT('Ctrl Pts',(-3.36014997016199,-0.808639157639042,
-0.2));
#5081=CARTESIAN_POINT('Ctrl Pts',(-3.36014997016199,-0.808639157639042,
-0.560149850952704));
#5082=CARTESIAN_POINT('Ctrl Pts',(-3.00000011920929,-0.808639157639042,
-0.560149850952704));
#5083=CARTESIAN_POINT('Ctrl Pts',(-2.63985026825659,-0.808639157639042,
-0.560149850952704));
#5084=CARTESIAN_POINT('Ctrl Pts',(-2.63985026825659,-0.808639157639042,
-0.2));
#5085=CARTESIAN_POINT('Ctrl Pts',(-2.69229683730963,-0.817259473332532,
-0.2));
#5086=CARTESIAN_POINT('Ctrl Pts',(-2.69229683730963,-0.817259473332532,
0.107703281899659));
#5087=CARTESIAN_POINT('Ctrl Pts',(-3.00000011920929,-0.817259473332532,
0.10770328189966));
#5088=CARTESIAN_POINT('Ctrl Pts',(-3.30770340110895,-0.817259473332532,
0.107703281899659));
#5089=CARTESIAN_POINT('Ctrl Pts',(-3.30770340110895,-0.817259473332532,
-0.2));
#5090=CARTESIAN_POINT('Ctrl Pts',(-3.30770340110895,-0.817259473332532,
-0.50770328189966));
#5091=CARTESIAN_POINT('Ctrl Pts',(-3.00000011920929,-0.817259473332532,
-0.50770328189966));
#5092=CARTESIAN_POINT('Ctrl Pts',(-2.69229683730963,-0.817259473332532,
-0.50770328189966));
#5093=CARTESIAN_POINT('Ctrl Pts',(-2.69229683730963,-0.817259473332532,
-0.2));
#5094=CARTESIAN_POINT('Ctrl Pts',(-2.73247907111616,-0.853256674700038,
-0.2));
#5095=CARTESIAN_POINT('Ctrl Pts',(-2.73247907111616,-0.853256674700038,
0.0675210480931288));
#5096=CARTESIAN_POINT('Ctrl Pts',(-3.00000011920929,-0.853256674700038,
0.0675210480931288));
#5097=CARTESIAN_POINT('Ctrl Pts',(-3.26752116730242,-0.853256674700038,
0.0675210480931288));
#5098=CARTESIAN_POINT('Ctrl Pts',(-3.26752116730242,-0.853256674700038,
-0.2));
#5099=CARTESIAN_POINT('Ctrl Pts',(-3.26752116730242,-0.853256674700038,
-0.467521048093129));
#5100=CARTESIAN_POINT('Ctrl Pts',(-3.00000011920929,-0.853256674700038,
-0.467521048093129));
#5101=CARTESIAN_POINT('Ctrl Pts',(-2.73247907111616,-0.853256674700038,
-0.467521048093129));
#5102=CARTESIAN_POINT('Ctrl Pts',(-2.73247907111616,-0.853256674700038,
-0.2));
#5103=CARTESIAN_POINT('Ctrl Pts',(-2.75810199664979,-0.912928582548846,
-0.2));
#5104=CARTESIAN_POINT('Ctrl Pts',(-2.75810199664979,-0.912928582548846,
0.0418981225595035));
#5105=CARTESIAN_POINT('Ctrl Pts',(-3.00000011920929,-0.912928582548846,
0.0418981225595035));
#5106=CARTESIAN_POINT('Ctrl Pts',(-3.24189824176879,-0.912928582548846,
0.0418981225595035));
#5107=CARTESIAN_POINT('Ctrl Pts',(-3.24189824176879,-0.912928582548846,
-0.2));
#5108=CARTESIAN_POINT('Ctrl Pts',(-3.24189824176879,-0.912928582548846,
-0.441898122559504));
#5109=CARTESIAN_POINT('Ctrl Pts',(-3.00000011920929,-0.912928582548846,
-0.441898122559504));
#5110=CARTESIAN_POINT('Ctrl Pts',(-2.75810199664979,-0.912928582548846,
-0.441898122559504));
#5111=CARTESIAN_POINT('Ctrl Pts',(-2.75810199664979,-0.912928582548846,
-0.2));
#5112=CARTESIAN_POINT('Ctrl Pts',(-2.77083377336792,-0.988439103123364,
-0.2));
#5113=CARTESIAN_POINT('Ctrl Pts',(-2.77083377336792,-0.988439103123364,
0.029166345841369));
#5114=CARTESIAN_POINT('Ctrl Pts',(-3.00000011920929,-0.988439103123364,
0.029166345841369));
#5115=CARTESIAN_POINT('Ctrl Pts',(-3.22916646505066,-0.988439103123364,
0.029166345841369));
#5116=CARTESIAN_POINT('Ctrl Pts',(-3.22916646505066,-0.988439103123364,
-0.2));
#5117=CARTESIAN_POINT('Ctrl Pts',(-3.22916646505066,-0.988439103123364,
-0.429166345841369));
#5118=CARTESIAN_POINT('Ctrl Pts',(-3.00000011920929,-0.988439103123364,
-0.429166345841369));
#5119=CARTESIAN_POINT('Ctrl Pts',(-2.77083377336792,-0.988439103123364,
-0.429166345841369));
#5120=CARTESIAN_POINT('Ctrl Pts',(-2.77083377336792,-0.988439103123364,
-0.2));
#5121=CARTESIAN_POINT('Ctrl Pts',(-2.77508698132669,-1.06934304659963,-0.2));
#5122=CARTESIAN_POINT('Ctrl Pts',(-2.77508698132669,-1.06934304659963,0.0249131378825969));
#5123=CARTESIAN_POINT('Ctrl Pts',(-3.00000011920929,-1.06934304659963,0.0249131378825969));
#5124=CARTESIAN_POINT('Ctrl Pts',(-3.22491325709189,-1.06934304659963,0.0249131378825969));
#5125=CARTESIAN_POINT('Ctrl Pts',(-3.22491325709189,-1.06934304659963,-0.2));
#5126=CARTESIAN_POINT('Ctrl Pts',(-3.22491325709189,-1.06934304659963,-0.424913137882597));
#5127=CARTESIAN_POINT('Ctrl Pts',(-3.00000011920929,-1.06934304659963,-0.424913137882597));
#5128=CARTESIAN_POINT('Ctrl Pts',(-2.77508698132669,-1.06934304659963,-0.424913137882597));
#5129=CARTESIAN_POINT('Ctrl Pts',(-2.77508698132669,-1.06934304659963,-0.2));
#5130=CARTESIAN_POINT('Ctrl Pts',(-2.77679761517128,-1.14412391542945,-0.2));
#5131=CARTESIAN_POINT('Ctrl Pts',(-2.77679761517128,-1.14412391542945,0.0232025040380122));
#5132=CARTESIAN_POINT('Ctrl Pts',(-3.00000011920929,-1.14412391542945,0.0232025040380122));
#5133=CARTESIAN_POINT('Ctrl Pts',(-3.2232026232473,-1.14412391542945,0.0232025040380122));
#5134=CARTESIAN_POINT('Ctrl Pts',(-3.2232026232473,-1.14412391542945,-0.2));
#5135=CARTESIAN_POINT('Ctrl Pts',(-3.2232026232473,-1.14412391542945,-0.423202504038012));
#5136=CARTESIAN_POINT('Ctrl Pts',(-3.00000011920929,-1.14412391542945,-0.423202504038012));
#5137=CARTESIAN_POINT('Ctrl Pts',(-2.77679761517128,-1.14412391542945,-0.423202504038012));
#5138=CARTESIAN_POINT('Ctrl Pts',(-2.77679761517128,-1.14412391542945,-0.2));
#5139=CARTESIAN_POINT('Ctrl Pts',(-2.78224940462285,-1.2016684521953,-0.2));
#5140=CARTESIAN_POINT('Ctrl Pts',(-2.78224940462285,-1.2016684521953,0.0177507145864422));
#5141=CARTESIAN_POINT('Ctrl Pts',(-3.00000011920929,-1.2016684521953,0.0177507145864422));
#5142=CARTESIAN_POINT('Ctrl Pts',(-3.21775083379573,-1.2016684521953,0.0177507145864422));
#5143=CARTESIAN_POINT('Ctrl Pts',(-3.21775083379573,-1.2016684521953,-0.2));
#5144=CARTESIAN_POINT('Ctrl Pts',(-3.21775083379573,-1.2016684521953,-0.417750714586443));
#5145=CARTESIAN_POINT('Ctrl Pts',(-3.00000011920929,-1.2016684521953,-0.417750714586443));
#5146=CARTESIAN_POINT('Ctrl Pts',(-2.78224940462285,-1.2016684521953,-0.417750714586443));
#5147=CARTESIAN_POINT('Ctrl Pts',(-2.78224940462285,-1.2016684521953,-0.2));
#5148=CARTESIAN_POINT('Ctrl Pts',(-2.79678796164665,-1.23289550054944,-0.2));
#5149=CARTESIAN_POINT('Ctrl Pts',(-2.79678796164665,-1.23289550054944,0.00321215756263468));
#5150=CARTESIAN_POINT('Ctrl Pts',(-3.00000011920929,-1.23289550054944,0.00321215756263468));
#5151=CARTESIAN_POINT('Ctrl Pts',(-3.20321227677193,-1.23289550054944,0.00321215756263468));
#5152=CARTESIAN_POINT('Ctrl Pts',(-3.20321227677193,-1.23289550054944,-0.2));
#5153=CARTESIAN_POINT('Ctrl Pts',(-3.20321227677193,-1.23289550054944,-0.403212157562635));
#5154=CARTESIAN_POINT('Ctrl Pts',(-3.00000011920929,-1.23289550054944,-0.403212157562635));
#5155=CARTESIAN_POINT('Ctrl Pts',(-2.79678796164665,-1.23289550054944,-0.403212157562635));
#5156=CARTESIAN_POINT('Ctrl Pts',(-2.79678796164665,-1.23289550054944,-0.2));
#5157=CARTESIAN_POINT('Ctrl Pts',(-2.82386175194881,-1.23193796954875,-0.2));
#5158=CARTESIAN_POINT('Ctrl Pts',(-2.82386175194881,-1.23193796954875,-0.0238616327395162));
#5159=CARTESIAN_POINT('Ctrl Pts',(-3.00000011920929,-1.23193796954875,-0.0238616327395162));
#5160=CARTESIAN_POINT('Ctrl Pts',(-3.17613848646977,-1.23193796954875,-0.0238616327395162));
#5161=CARTESIAN_POINT('Ctrl Pts',(-3.17613848646977,-1.23193796954875,-0.2));
#5162=CARTESIAN_POINT('Ctrl Pts',(-3.17613848646977,-1.23193796954875,-0.376138367260484));
#5163=CARTESIAN_POINT('Ctrl Pts',(-3.00000011920929,-1.23193796954875,-0.376138367260484));
#5164=CARTESIAN_POINT('Ctrl Pts',(-2.82386175194881,-1.23193796954875,-0.376138367260484));
#5165=CARTESIAN_POINT('Ctrl Pts',(-2.82386175194881,-1.23193796954875,-0.2));
#5166=CARTESIAN_POINT('Ctrl Pts',(-2.86554017184623,-1.19530176835829,-0.2));
#5167=CARTESIAN_POINT('Ctrl Pts',(-2.86554017184623,-1.19530176835829,-0.0655400526369437));
#5168=CARTESIAN_POINT('Ctrl Pts',(-3.00000011920929,-1.19530176835829,-0.0655400526369437));
#5169=CARTESIAN_POINT('Ctrl Pts',(-3.13446006657235,-1.19530176835829,-0.0655400526369437));
#5170=CARTESIAN_POINT('Ctrl Pts',(-3.13446006657235,-1.19530176835829,-0.2));
#5171=CARTESIAN_POINT('Ctrl Pts',(-3.13446006657235,-1.19530176835829,-0.334459947363057));
#5172=CARTESIAN_POINT('Ctrl Pts',(-3.00000011920929,-1.19530176835829,-0.334459947363057));
#5173=CARTESIAN_POINT('Ctrl Pts',(-2.86554017184623,-1.19530176835829,-0.334459947363057));
#5174=CARTESIAN_POINT('Ctrl Pts',(-2.86554017184623,-1.19530176835829,-0.2));
#5175=CARTESIAN_POINT('Ctrl Pts',(-2.91136584495519,-1.13611063988092,-0.2));
#5176=CARTESIAN_POINT('Ctrl Pts',(-2.91136584495519,-1.13611063988092,-0.1113657257459));
#5177=CARTESIAN_POINT('Ctrl Pts',(-3.00000011920929,-1.13611063988092,-0.1113657257459));
#5178=CARTESIAN_POINT('Ctrl Pts',(-3.08863439346339,-1.13611063988092,-0.1113657257459));
#5179=CARTESIAN_POINT('Ctrl Pts',(-3.08863439346339,-1.13611063988092,-0.2));
#5180=CARTESIAN_POINT('Ctrl Pts',(-3.08863439346339,-1.13611063988092,-0.288634274254101));
#5181=CARTESIAN_POINT('Ctrl Pts',(-3.00000011920929,-1.13611063988092,-0.288634274254101));
#5182=CARTESIAN_POINT('Ctrl Pts',(-2.91136584495519,-1.13611063988092,-0.288634274254101));
#5183=CARTESIAN_POINT('Ctrl Pts',(-2.91136584495519,-1.13611063988092,-0.2));
#5184=CARTESIAN_POINT('Ctrl Pts',(-2.95289901828319,-1.07467735104255,-0.2));
#5185=CARTESIAN_POINT('Ctrl Pts',(-2.95289901828319,-1.07467735104255,-0.152898899073897));
#5186=CARTESIAN_POINT('Ctrl Pts',(-3.00000011920929,-1.07467735104255,-0.152898899073897));
#5187=CARTESIAN_POINT('Ctrl Pts',(-3.04710122013539,-1.07467735104255,-0.152898899073897));
#5188=CARTESIAN_POINT('Ctrl Pts',(-3.04710122013539,-1.07467735104255,-0.2));
#5189=CARTESIAN_POINT('Ctrl Pts',(-3.04710122013539,-1.07467735104255,-0.247101100926103));
#5190=CARTESIAN_POINT('Ctrl Pts',(-3.00000011920929,-1.07467735104255,-0.247101100926103));
#5191=CARTESIAN_POINT('Ctrl Pts',(-2.95289901828319,-1.07467735104255,-0.247101100926103));
#5192=CARTESIAN_POINT('Ctrl Pts',(-2.95289901828319,-1.07467735104255,-0.2));
#5193=CARTESIAN_POINT('Ctrl Pts',(-2.98376946599399,-1.02615375722054,-0.2));
#5194=CARTESIAN_POINT('Ctrl Pts',(-2.98376946599399,-1.02615375722054,-0.183769346784699));
#5195=CARTESIAN_POINT('Ctrl Pts',(-3.00000011920929,-1.02615375722054,-0.183769346784699));
#5196=CARTESIAN_POINT('Ctrl Pts',(-3.01623077242459,-1.02615375722054,-0.183769346784699));
#5197=CARTESIAN_POINT('Ctrl Pts',(-3.01623077242459,-1.02615375722054,-0.2));
#5198=CARTESIAN_POINT('Ctrl Pts',(-3.01623077242459,-1.02615375722054,-0.216230653215301));
#5199=CARTESIAN_POINT('Ctrl Pts',(-3.00000011920929,-1.02615375722054,-0.216230653215301));
#5200=CARTESIAN_POINT('Ctrl Pts',(-2.98376946599399,-1.02615375722054,-0.216230653215301));
#5201=CARTESIAN_POINT('Ctrl Pts',(-2.98376946599399,-1.02615375722054,-0.2));
#5202=CARTESIAN_POINT('Ctrl Pts',(-3.00000011920929,-0.999999925494194,
-0.2));
#5203=CARTESIAN_POINT('Ctrl Pts',(-3.00000011920929,-0.999999925494194,
-0.2));
#5204=CARTESIAN_POINT('Ctrl Pts',(-3.00000011920929,-0.999999925494194,
-0.2));
#5205=CARTESIAN_POINT('Ctrl Pts',(-3.00000011920929,-0.999999925494194,
-0.2));
#5206=CARTESIAN_POINT('Ctrl Pts',(-3.00000011920929,-0.999999925494194,
-0.2));
#5207=CARTESIAN_POINT('Ctrl Pts',(-3.00000011920929,-0.999999925494194,
-0.2));
#5208=CARTESIAN_POINT('Ctrl Pts',(-3.00000011920929,-0.999999925494194,
-0.2));
#5209=CARTESIAN_POINT('Ctrl Pts',(-3.00000011920929,-0.999999925494194,
-0.2));
#5210=CARTESIAN_POINT('Ctrl Pts',(-3.00000011920929,-0.999999925494194,
-0.2));
#5211=CARTESIAN_POINT('',(-3.00000011920929,-1.89999993890524,-0.2));
#5212=CARTESIAN_POINT('',(-3.00000011920929,-0.999999925494194,-0.2));
#5213=CARTESIAN_POINT('Ctrl Pts',(-3.00000011920929,-1.89999993890524,-0.2));
#5214=CARTESIAN_POINT('Ctrl Pts',(-2.98589181802533,-1.92677583280947,-0.2));
#5215=CARTESIAN_POINT('Ctrl Pts',(-2.95891608999162,-1.97636860036975,-0.2));
#5216=CARTESIAN_POINT('Ctrl Pts',(-2.92217506497687,-2.03888081756863,-0.2));
#5217=CARTESIAN_POINT('Ctrl Pts',(-2.8806375021305,-2.09845999807379,-0.2));
#5218=CARTESIAN_POINT('Ctrl Pts',(-2.84086326789708,-2.13397331979354,-0.2));
#5219=CARTESIAN_POINT('Ctrl Pts',(-2.81238726823361,-2.13263278099789,-0.2));
#5220=CARTESIAN_POINT('Ctrl Pts',(-2.7934561366002,-2.09880959205456,-0.2));
#5221=CARTESIAN_POINT('Ctrl Pts',(-2.78114481029503,-2.03982717765135,-0.2));
#5222=CARTESIAN_POINT('Ctrl Pts',(-2.7709369121293,-1.96699310042293,-0.2));
#5223=CARTESIAN_POINT('Ctrl Pts',(-2.75768618891372,-1.89348819984485,-0.2));
#5224=CARTESIAN_POINT('Ctrl Pts',(-2.73673028091984,-1.83189350365878,-0.2));
#5225=CARTESIAN_POINT('Ctrl Pts',(-2.70503473105045,-1.79168591235733,-0.2));
#5226=CARTESIAN_POINT('Ctrl Pts',(-2.66214001193525,-1.77709910633042,-0.2));
#5227=CARTESIAN_POINT('Ctrl Pts',(-2.61165821724169,-1.7839392909683,-0.2));
#5228=CARTESIAN_POINT('Ctrl Pts',(-2.56087837746923,-1.80000692412088,-0.2));
#5229=CARTESIAN_POINT('Ctrl Pts',(-2.51774495329836,-1.81052401060115,-0.2));
#5230=CARTESIAN_POINT('Ctrl Pts',(-2.48850645625927,-1.80228885285578,-0.2));
#5231=CARTESIAN_POINT('Ctrl Pts',(-2.47504472823738,-1.76841574378387,-0.2));
#5232=CARTESIAN_POINT('Ctrl Pts',(-2.47245656806623,-1.71264735616567,-0.2));
#5233=CARTESIAN_POINT('Ctrl Pts',(-2.47229664474682,-1.64525400524848,-0.2));
#5234=CARTESIAN_POINT('Ctrl Pts',(-2.46565127526453,-1.57915800587697,-0.2));
#5235=CARTESIAN_POINT('Ctrl Pts',(-2.44634307337532,-1.52591950095943,-0.2));
#5236=CARTESIAN_POINT('Ctrl Pts',(-2.41391882722705,-1.49193434821247,-0.2));
#5237=CARTESIAN_POINT('Ctrl Pts',(-2.37718822432679,-1.47411746585252,-0.2));
#5238=CARTESIAN_POINT('Ctrl Pts',(-2.34927921294992,-1.46362419797355,-0.2));
#5239=CARTESIAN_POINT('Ctrl Pts',(-2.34232658996666,-1.44998398559517,-0.2));
#5240=CARTESIAN_POINT('Ctrl Pts',(-2.3618746436658,-1.42534004079842,-0.2));
#5241=CARTESIAN_POINT('Ctrl Pts',(-2.4025872577582,-1.38789662711686,-0.2));
#5242=CARTESIAN_POINT('Ctrl Pts',(-2.45300190102027,-1.33969789078602,-0.2));
#5243=CARTESIAN_POINT('Ctrl Pts',(-2.49924947536524,-1.28505599920329,-0.2));
#5244=CARTESIAN_POINT('Ctrl Pts',(-2.52918890398635,-1.22872560332141,-0.2));
#5245=CARTESIAN_POINT('Ctrl Pts',(-2.53630834381173,-1.17421328814352,-0.2));
#5246=CARTESIAN_POINT('Ctrl Pts',(-2.52389800327472,-1.12196168887444,-0.2));
#5247=CARTESIAN_POINT('Ctrl Pts',(-2.50161611369345,-1.07064797137948,-0.2));
#5248=CARTESIAN_POINT('Ctrl Pts',(-2.48192589211899,-1.0185293886416,-0.2));
#5249=CARTESIAN_POINT('Ctrl Pts',(-2.47651317054442,-0.964809578996814,
-0.2));
#5250=CARTESIAN_POINT('Ctrl Pts',(-2.49288777117107,-0.910906797974657,
-0.2));
#5251=CARTESIAN_POINT('Ctrl Pts',(-2.53043165062827,-0.862011127926925,
-0.2));
#5252=CARTESIAN_POINT('Ctrl Pts',(-2.58260064162177,-0.825443781371577,
-0.2));
#5253=CARTESIAN_POINT('Ctrl Pts',(-2.63985026825659,-0.808639157639042,
-0.2));
#5254=CARTESIAN_POINT('Ctrl Pts',(-2.69229683730963,-0.817259473332532,
-0.2));
#5255=CARTESIAN_POINT('Ctrl Pts',(-2.73247907111616,-0.853256674700038,
-0.2));
#5256=CARTESIAN_POINT('Ctrl Pts',(-2.75810199664979,-0.912928582548846,
-0.2));
#5257=CARTESIAN_POINT('Ctrl Pts',(-2.77083377336792,-0.988439103123364,
-0.2));
#5258=CARTESIAN_POINT('Ctrl Pts',(-2.77508698132669,-1.06934304659963,-0.2));
#5259=CARTESIAN_POINT('Ctrl Pts',(-2.77679761517128,-1.14412391542945,-0.2));
#5260=CARTESIAN_POINT('Ctrl Pts',(-2.78224940462285,-1.2016684521953,-0.2));
#5261=CARTESIAN_POINT('Ctrl Pts',(-2.79678796164665,-1.23289550054944,-0.2));
#5262=CARTESIAN_POINT('Ctrl Pts',(-2.82386175194881,-1.23193796954875,-0.2));
#5263=CARTESIAN_POINT('Ctrl Pts',(-2.86554017184623,-1.19530176835829,-0.2));
#5264=CARTESIAN_POINT('Ctrl Pts',(-2.91136584495519,-1.13611063988092,-0.2));
#5265=CARTESIAN_POINT('Ctrl Pts',(-2.95289901828319,-1.07467735104255,-0.2));
#5266=CARTESIAN_POINT('Ctrl Pts',(-2.98376946599399,-1.02615375722054,-0.2));
#5267=CARTESIAN_POINT('Ctrl Pts',(-3.00000011920929,-0.999999925494194,
-0.2));
#5268=CARTESIAN_POINT('Ctrl Pts',(-5.50000011920929,2.00000002980232,0.3));
#5269=CARTESIAN_POINT('Ctrl Pts',(-5.50000011920929,2.00000002980232,0.3));
#5270=CARTESIAN_POINT('Ctrl Pts',(-5.50000011920929,2.00000002980232,0.3));
#5271=CARTESIAN_POINT('Ctrl Pts',(-5.50000011920929,2.00000002980232,0.3));
#5272=CARTESIAN_POINT('Ctrl Pts',(-5.50000011920929,2.00000002980232,0.3));
#5273=CARTESIAN_POINT('Ctrl Pts',(-5.50000011920929,2.00000002980232,0.3));
#5274=CARTESIAN_POINT('Ctrl Pts',(-5.50000011920929,2.00000002980232,0.3));
#5275=CARTESIAN_POINT('Ctrl Pts',(-5.50000011920929,2.00000002980232,0.3));
#5276=CARTESIAN_POINT('Ctrl Pts',(-5.50000011920929,2.00000002980232,0.3));
#5277=CARTESIAN_POINT('Ctrl Pts',(-5.45297244859607,1.91074705012156,0.3));
#5278=CARTESIAN_POINT('Ctrl Pts',(-5.45297244859607,1.91074705012156,0.347027670613216));
#5279=CARTESIAN_POINT('Ctrl Pts',(-5.50000011920929,1.91074705012156,0.347027670613216));
#5280=CARTESIAN_POINT('Ctrl Pts',(-5.54702778982251,1.91074705012156,0.347027670613216));
#5281=CARTESIAN_POINT('Ctrl Pts',(-5.54702778982251,1.91074705012156,0.3));
#5282=CARTESIAN_POINT('Ctrl Pts',(-5.54702778982251,1.91074705012156,0.252972329386784));
#5283=CARTESIAN_POINT('Ctrl Pts',(-5.50000011920929,1.91074705012156,0.252972329386784));
#5284=CARTESIAN_POINT('Ctrl Pts',(-5.45297244859607,1.91074705012156,0.252972329386784));
#5285=CARTESIAN_POINT('Ctrl Pts',(-5.45297244859607,1.91074705012156,0.3));
#5286=CARTESIAN_POINT('Ctrl Pts',(-5.36305335515039,1.74543782492061,0.3));
#5287=CARTESIAN_POINT('Ctrl Pts',(-5.36305335515039,1.74543782492061,0.436946764058903));
#5288=CARTESIAN_POINT('Ctrl Pts',(-5.50000011920929,1.74543782492061,0.436946764058903));
#5289=CARTESIAN_POINT('Ctrl Pts',(-5.63694688326819,1.74543782492061,0.436946764058903));
#5290=CARTESIAN_POINT('Ctrl Pts',(-5.63694688326819,1.74543782492061,0.3));
#5291=CARTESIAN_POINT('Ctrl Pts',(-5.63694688326819,1.74543782492061,0.163053235941097));
#5292=CARTESIAN_POINT('Ctrl Pts',(-5.50000011920929,1.74543782492061,0.163053235941097));
#5293=CARTESIAN_POINT('Ctrl Pts',(-5.36305335515039,1.74543782492061,0.163053235941097));
#5294=CARTESIAN_POINT('Ctrl Pts',(-5.36305335515039,1.74543782492061,0.3));
#5295=CARTESIAN_POINT('Ctrl Pts',(-5.2405832717679,1.53706376759101,0.3));
#5296=CARTESIAN_POINT('Ctrl Pts',(-5.2405832717679,1.53706376759101,0.559416847441386));
#5297=CARTESIAN_POINT('Ctrl Pts',(-5.50000011920929,1.53706376759101,0.559416847441386));
#5298=CARTESIAN_POINT('Ctrl Pts',(-5.75941696665068,1.53706376759101,0.559416847441386));
#5299=CARTESIAN_POINT('Ctrl Pts',(-5.75941696665068,1.53706376759101,0.3));
#5300=CARTESIAN_POINT('Ctrl Pts',(-5.75941696665068,1.53706376759101,0.0405831525586139));
#5301=CARTESIAN_POINT('Ctrl Pts',(-5.50000011920929,1.53706376759101,0.0405831525586139));
#5302=CARTESIAN_POINT('Ctrl Pts',(-5.2405832717679,1.53706376759101,0.0405831525586139));
#5303=CARTESIAN_POINT('Ctrl Pts',(-5.2405832717679,1.53706376759101,0.3));
#5304=CARTESIAN_POINT('Ctrl Pts',(-5.10212472894667,1.33846649924048,0.3));
#5305=CARTESIAN_POINT('Ctrl Pts',(-5.10212472894667,1.33846649924048,0.697875390262619));
#5306=CARTESIAN_POINT('Ctrl Pts',(-5.50000011920929,1.33846649924048,0.697875390262619));
#5307=CARTESIAN_POINT('Ctrl Pts',(-5.89787550947191,1.33846649924048,0.697875390262619));
#5308=CARTESIAN_POINT('Ctrl Pts',(-5.89787550947191,1.33846649924048,0.3));
#5309=CARTESIAN_POINT('Ctrl Pts',(-5.89787550947191,1.33846649924048,-0.0978753902626187));
#5310=CARTESIAN_POINT('Ctrl Pts',(-5.50000011920929,1.33846649924048,-0.0978753902626187));
#5311=CARTESIAN_POINT('Ctrl Pts',(-5.10212472894667,1.33846649924048,-0.0978753902626187));
#5312=CARTESIAN_POINT('Ctrl Pts',(-5.10212472894667,1.33846649924048,0.3));
#5313=CARTESIAN_POINT('Ctrl Pts',(-4.9695439481686,1.22008876017465,0.3));
#5314=CARTESIAN_POINT('Ctrl Pts',(-4.9695439481686,1.22008876017465,0.830456171040685));
#5315=CARTESIAN_POINT('Ctrl Pts',(-5.50000011920929,1.22008876017465,0.830456171040685));
#5316=CARTESIAN_POINT('Ctrl Pts',(-6.03045629024997,1.22008876017465,0.830456171040685));
#5317=CARTESIAN_POINT('Ctrl Pts',(-6.03045629024997,1.22008876017465,0.3));
#5318=CARTESIAN_POINT('Ctrl Pts',(-6.03045629024997,1.22008876017465,-0.230456171040685));
#5319=CARTESIAN_POINT('Ctrl Pts',(-5.50000011920929,1.22008876017465,-0.230456171040685));
#5320=CARTESIAN_POINT('Ctrl Pts',(-4.9695439481686,1.22008876017465,-0.230456171040685));
#5321=CARTESIAN_POINT('Ctrl Pts',(-4.9695439481686,1.22008876017465,0.3));
#5322=CARTESIAN_POINT('Ctrl Pts',(-4.87462394929037,1.22455722282684,0.3));
#5323=CARTESIAN_POINT('Ctrl Pts',(-4.87462394929037,1.22455722282684,0.925376169918924));
#5324=CARTESIAN_POINT('Ctrl Pts',(-5.50000011920929,1.22455722282684,0.925376169918924));
#5325=CARTESIAN_POINT('Ctrl Pts',(-6.12537628912821,1.22455722282684,0.925376169918924));
#5326=CARTESIAN_POINT('Ctrl Pts',(-6.12537628912821,1.22455722282684,0.3));
#5327=CARTESIAN_POINT('Ctrl Pts',(-6.12537628912821,1.22455722282684,-0.325376169918924));
#5328=CARTESIAN_POINT('Ctrl Pts',(-5.50000011920929,1.22455722282684,-0.325376169918924));
#5329=CARTESIAN_POINT('Ctrl Pts',(-4.87462394929037,1.22455722282684,-0.325376169918924));
#5330=CARTESIAN_POINT('Ctrl Pts',(-4.87462394929037,1.22455722282684,0.3));
#5331=CARTESIAN_POINT('Ctrl Pts',(-4.81152017717901,1.33730118597127,0.3));
#5332=CARTESIAN_POINT('Ctrl Pts',(-4.81152017717901,1.33730118597127,0.988479942030285));
#5333=CARTESIAN_POINT('Ctrl Pts',(-5.50000011920929,1.33730118597127,0.988479942030285));
#5334=CARTESIAN_POINT('Ctrl Pts',(-6.18848006123957,1.33730118597127,0.988479942030285));
#5335=CARTESIAN_POINT('Ctrl Pts',(-6.18848006123957,1.33730118597127,0.3));
#5336=CARTESIAN_POINT('Ctrl Pts',(-6.18848006123957,1.33730118597127,-0.388479942030285));
#5337=CARTESIAN_POINT('Ctrl Pts',(-5.50000011920929,1.33730118597127,-0.388479942030285));
#5338=CARTESIAN_POINT('Ctrl Pts',(-4.81152017717901,1.33730118597127,-0.388479942030285));
#5339=CARTESIAN_POINT('Ctrl Pts',(-4.81152017717901,1.33730118597127,0.3));
#5340=CARTESIAN_POINT('Ctrl Pts',(-4.77048242282843,1.53390923398194,0.3));
#5341=CARTESIAN_POINT('Ctrl Pts',(-4.77048242282843,1.53390923398194,1.02951769638086));
#5342=CARTESIAN_POINT('Ctrl Pts',(-5.50000011920929,1.53390923398194,1.02951769638086));
#5343=CARTESIAN_POINT('Ctrl Pts',(-6.22951781559015,1.53390923398194,1.02951769638086));
#5344=CARTESIAN_POINT('Ctrl Pts',(-6.22951781559015,1.53390923398194,0.3));
#5345=CARTESIAN_POINT('Ctrl Pts',(-6.22951781559015,1.53390923398194,-0.42951769638086));
#5346=CARTESIAN_POINT('Ctrl Pts',(-5.50000011920929,1.53390923398194,-0.42951769638086));
#5347=CARTESIAN_POINT('Ctrl Pts',(-4.77048242282843,1.53390923398194,-0.42951769638086));
#5348=CARTESIAN_POINT('Ctrl Pts',(-4.77048242282843,1.53390923398194,0.3));
#5349=CARTESIAN_POINT('Ctrl Pts',(-4.73645609560933,1.77668949141001,0.3));
#5350=CARTESIAN_POINT('Ctrl Pts',(-4.73645609560933,1.77668949141001,1.06354402359996));
#5351=CARTESIAN_POINT('Ctrl Pts',(-5.50000011920929,1.77668949141001,1.06354402359996));
#5352=CARTESIAN_POINT('Ctrl Pts',(-6.26354414280925,1.77668949141001,1.06354402359996));
#5353=CARTESIAN_POINT('Ctrl Pts',(-6.26354414280925,1.77668949141001,0.3));
#5354=CARTESIAN_POINT('Ctrl Pts',(-6.26354414280925,1.77668949141001,-0.463544023599957));
#5355=CARTESIAN_POINT('Ctrl Pts',(-5.50000011920929,1.77668949141001,-0.463544023599957));
#5356=CARTESIAN_POINT('Ctrl Pts',(-4.73645609560933,1.77668949141001,-0.463544023599957));
#5357=CARTESIAN_POINT('Ctrl Pts',(-4.73645609560933,1.77668949141001,0.3));
#5358=CARTESIAN_POINT('Ctrl Pts',(-4.69228701822404,2.02170582667029,0.3));
#5359=CARTESIAN_POINT('Ctrl Pts',(-4.69228701822404,2.02170582667029,1.10771310098525));
#5360=CARTESIAN_POINT('Ctrl Pts',(-5.50000011920929,2.02170582667029,1.10771310098525));
#5361=CARTESIAN_POINT('Ctrl Pts',(-6.30771322019454,2.02170582667029,1.10771310098525));
#5362=CARTESIAN_POINT('Ctrl Pts',(-6.30771322019454,2.02170582667029,0.3));
#5363=CARTESIAN_POINT('Ctrl Pts',(-6.30771322019454,2.02170582667029,-0.507713100985247));
#5364=CARTESIAN_POINT('Ctrl Pts',(-5.50000011920929,2.02170582667029,-0.507713100985247));
#5365=CARTESIAN_POINT('Ctrl Pts',(-4.69228701822404,2.02170582667029,-0.507713100985247));
#5366=CARTESIAN_POINT('Ctrl Pts',(-4.69228701822404,2.02170582667029,0.3));
#5367=CARTESIAN_POINT('Ctrl Pts',(-4.62243399157779,2.22702148062386,0.3));
#5368=CARTESIAN_POINT('Ctrl Pts',(-4.62243399157779,2.22702148062386,1.1775661276315));
#5369=CARTESIAN_POINT('Ctrl Pts',(-5.50000011920929,2.22702148062386,1.1775661276315));
#5370=CARTESIAN_POINT('Ctrl Pts',(-6.37756624684079,2.22702148062386,1.1775661276315));
#5371=CARTESIAN_POINT('Ctrl Pts',(-6.37756624684079,2.22702148062386,0.3));
#5372=CARTESIAN_POINT('Ctrl Pts',(-6.37756624684079,2.22702148062386,-0.577566127631501));
#5373=CARTESIAN_POINT('Ctrl Pts',(-5.50000011920929,2.22702148062386,-0.577566127631501));
#5374=CARTESIAN_POINT('Ctrl Pts',(-4.62243399157779,2.22702148062386,-0.577566127631501));
#5375=CARTESIAN_POINT('Ctrl Pts',(-4.62243399157779,2.22702148062386,0.3));
#5376=CARTESIAN_POINT('Ctrl Pts',(-4.51678215867983,2.36104678496203,0.3));
#5377=CARTESIAN_POINT('Ctrl Pts',(-4.51678215867983,2.36104678496203,1.28321796052946));
#5378=CARTESIAN_POINT('Ctrl Pts',(-5.50000011920929,2.36104678496203,1.28321796052946));
#5379=CARTESIAN_POINT('Ctrl Pts',(-6.48321807973875,2.36104678496203,1.28321796052946));
#5380=CARTESIAN_POINT('Ctrl Pts',(-6.48321807973875,2.36104678496203,0.3));
#5381=CARTESIAN_POINT('Ctrl Pts',(-6.48321807973875,2.36104678496203,-0.683217960529457));
#5382=CARTESIAN_POINT('Ctrl Pts',(-5.50000011920929,2.36104678496203,-0.683217960529458));
#5383=CARTESIAN_POINT('Ctrl Pts',(-4.51678215867983,2.36104678496203,-0.683217960529457));
#5384=CARTESIAN_POINT('Ctrl Pts',(-4.51678215867983,2.36104678496203,0.3));
#5385=CARTESIAN_POINT('Ctrl Pts',(-4.37379976162915,2.40966947171839,0.3));
#5386=CARTESIAN_POINT('Ctrl Pts',(-4.37379976162915,2.40966947171839,1.42620035758013));
#5387=CARTESIAN_POINT('Ctrl Pts',(-5.50000011920929,2.40966947171839,1.42620035758013));
#5388=CARTESIAN_POINT('Ctrl Pts',(-6.62620047678942,2.40966947171839,1.42620035758013));
#5389=CARTESIAN_POINT('Ctrl Pts',(-6.62620047678942,2.40966947171839,0.3));
#5390=CARTESIAN_POINT('Ctrl Pts',(-6.62620047678942,2.40966947171839,-0.826200357580135));
#5391=CARTESIAN_POINT('Ctrl Pts',(-5.50000011920929,2.40966947171839,-0.826200357580135));
#5392=CARTESIAN_POINT('Ctrl Pts',(-4.37379976162915,2.40966947171839,-0.826200357580135));
#5393=CARTESIAN_POINT('Ctrl Pts',(-4.37379976162915,2.40966947171839,0.3));
#5394=CARTESIAN_POINT('Ctrl Pts',(-4.20552711265062,2.38686885625878,0.3));
#5395=CARTESIAN_POINT('Ctrl Pts',(-4.20552711265062,2.38686885625878,1.59447300655867));
#5396=CARTESIAN_POINT('Ctrl Pts',(-5.50000011920929,2.38686885625878,1.59447300655867));
#5397=CARTESIAN_POINT('Ctrl Pts',(-6.79447312576796,2.38686885625878,1.59447300655867));
#5398=CARTESIAN_POINT('Ctrl Pts',(-6.79447312576796,2.38686885625878,0.3));
#5399=CARTESIAN_POINT('Ctrl Pts',(-6.79447312576796,2.38686885625878,-0.994473006558668));
#5400=CARTESIAN_POINT('Ctrl Pts',(-5.50000011920929,2.38686885625878,-0.994473006558668));
#5401=CARTESIAN_POINT('Ctrl Pts',(-4.20552711265062,2.38686885625878,-0.994473006558668));
#5402=CARTESIAN_POINT('Ctrl Pts',(-4.20552711265062,2.38686885625878,0.3));
#5403=CARTESIAN_POINT('Ctrl Pts',(-4.03626098007575,2.33331007908352,0.3));
#5404=CARTESIAN_POINT('Ctrl Pts',(-4.03626098007575,2.33331007908352,1.76373913913354));
#5405=CARTESIAN_POINT('Ctrl Pts',(-5.50000011920929,2.33331007908352,1.76373913913354));
#5406=CARTESIAN_POINT('Ctrl Pts',(-6.96373925834283,2.33331007908352,1.76373913913354));
#5407=CARTESIAN_POINT('Ctrl Pts',(-6.96373925834283,2.33331007908352,0.3));
#5408=CARTESIAN_POINT('Ctrl Pts',(-6.96373925834283,2.33331007908352,-1.16373913913354));
#5409=CARTESIAN_POINT('Ctrl Pts',(-5.50000011920929,2.33331007908352,-1.16373913913354));
#5410=CARTESIAN_POINT('Ctrl Pts',(-4.03626098007575,2.33331007908352,-1.16373913913354));
#5411=CARTESIAN_POINT('Ctrl Pts',(-4.03626098007575,2.33331007908352,0.3));
#5412=CARTESIAN_POINT('Ctrl Pts',(-3.89248289950617,2.29825312414929,0.3));
#5413=CARTESIAN_POINT('Ctrl Pts',(-3.89248289950617,2.29825312414929,1.90751721970312));
#5414=CARTESIAN_POINT('Ctrl Pts',(-5.50000011920929,2.29825312414929,1.90751721970312));
#5415=CARTESIAN_POINT('Ctrl Pts',(-7.10751733891241,2.29825312414929,1.90751721970312));
#5416=CARTESIAN_POINT('Ctrl Pts',(-7.10751733891241,2.29825312414929,0.3));
#5417=CARTESIAN_POINT('Ctrl Pts',(-7.10751733891241,2.29825312414929,-1.30751721970312));
#5418=CARTESIAN_POINT('Ctrl Pts',(-5.50000011920929,2.29825312414929,-1.30751721970312));
#5419=CARTESIAN_POINT('Ctrl Pts',(-3.89248289950617,2.29825312414929,-1.30751721970312));
#5420=CARTESIAN_POINT('Ctrl Pts',(-3.89248289950617,2.29825312414929,0.3));
#5421=CARTESIAN_POINT('Ctrl Pts',(-3.79502124270923,2.32570364996719,0.3));
#5422=CARTESIAN_POINT('Ctrl Pts',(-3.79502124270923,2.32570364996719,2.00497887650006));
#5423=CARTESIAN_POINT('Ctrl Pts',(-5.50000011920929,2.32570364996719,2.00497887650006));
#5424=CARTESIAN_POINT('Ctrl Pts',(-7.20497899570935,2.32570364996719,2.00497887650006));
#5425=CARTESIAN_POINT('Ctrl Pts',(-7.20497899570935,2.32570364996719,0.3));
#5426=CARTESIAN_POINT('Ctrl Pts',(-7.20497899570935,2.32570364996719,-1.40497887650006));
#5427=CARTESIAN_POINT('Ctrl Pts',(-5.50000011920929,2.32570364996719,-1.40497887650006));
#5428=CARTESIAN_POINT('Ctrl Pts',(-3.79502124270923,2.32570364996719,-1.40497887650006));
#5429=CARTESIAN_POINT('Ctrl Pts',(-3.79502124270923,2.32570364996719,0.3));
#5430=CARTESIAN_POINT('Ctrl Pts',(-3.75014881596958,2.43861401354021,0.3));
#5431=CARTESIAN_POINT('Ctrl Pts',(-3.75014881596958,2.43861401354021,2.04985130323971));
#5432=CARTESIAN_POINT('Ctrl Pts',(-5.50000011920929,2.43861401354021,2.04985130323971));
#5433=CARTESIAN_POINT('Ctrl Pts',(-7.249851422449,2.43861401354021,2.04985130323971));
#5434=CARTESIAN_POINT('Ctrl Pts',(-7.249851422449,2.43861401354021,0.3));
#5435=CARTESIAN_POINT('Ctrl Pts',(-7.249851422449,2.43861401354021,-1.44985130323971));
#5436=CARTESIAN_POINT('Ctrl Pts',(-5.50000011920929,2.43861401354021,-1.44985130323971));
#5437=CARTESIAN_POINT('Ctrl Pts',(-3.75014881596958,2.43861401354021,-1.44985130323971));
#5438=CARTESIAN_POINT('Ctrl Pts',(-3.75014881596958,2.43861401354021,0.3));
#5439=CARTESIAN_POINT('Ctrl Pts',(-3.74152161539908,2.62450863893422,0.3));
#5440=CARTESIAN_POINT('Ctrl Pts',(-3.74152161539908,2.62450863893422,2.05847850381021));
#5441=CARTESIAN_POINT('Ctrl Pts',(-5.50000011920929,2.62450863893422,2.05847850381021));
#5442=CARTESIAN_POINT('Ctrl Pts',(-7.2584786230195,2.62450863893422,2.05847850381021));
#5443=CARTESIAN_POINT('Ctrl Pts',(-7.2584786230195,2.62450863893422,0.3));
#5444=CARTESIAN_POINT('Ctrl Pts',(-7.2584786230195,2.62450863893422,-1.45847850381021));
#5445=CARTESIAN_POINT('Ctrl Pts',(-5.50000011920929,2.62450863893422,-1.45847850381021));
#5446=CARTESIAN_POINT('Ctrl Pts',(-3.74152161539908,2.62450863893422,-1.45847850381021));
#5447=CARTESIAN_POINT('Ctrl Pts',(-3.74152161539908,2.62450863893422,0.3));
#5448=CARTESIAN_POINT('Ctrl Pts',(-3.74098853766772,2.84915314199151,0.3));
#5449=CARTESIAN_POINT('Ctrl Pts',(-3.74098853766772,2.84915314199151,2.05901158154157));
#5450=CARTESIAN_POINT('Ctrl Pts',(-5.50000011920929,2.84915314199151,2.05901158154157));
#5451=CARTESIAN_POINT('Ctrl Pts',(-7.25901170075086,2.84915314199151,2.05901158154157));
#5452=CARTESIAN_POINT('Ctrl Pts',(-7.25901170075086,2.84915314199151,0.3));
#5453=CARTESIAN_POINT('Ctrl Pts',(-7.25901170075086,2.84915314199151,-1.45901158154157));
#5454=CARTESIAN_POINT('Ctrl Pts',(-5.50000011920929,2.84915314199151,-1.45901158154157));
#5455=CARTESIAN_POINT('Ctrl Pts',(-3.74098853766772,2.84915314199151,-1.45901158154157));
#5456=CARTESIAN_POINT('Ctrl Pts',(-3.74098853766772,2.84915314199151,0.3));
#5457=CARTESIAN_POINT('Ctrl Pts',(-3.71883730606008,3.06947313989655,0.3));
#5458=CARTESIAN_POINT('Ctrl Pts',(-3.71883730606008,3.06947313989655,2.0811628131492));
#5459=CARTESIAN_POINT('Ctrl Pts',(-5.50000011920929,3.06947313989655,2.08116281314921));
#5460=CARTESIAN_POINT('Ctrl Pts',(-7.28116293235849,3.06947313989655,2.0811628131492));
#5461=CARTESIAN_POINT('Ctrl Pts',(-7.28116293235849,3.06947313989655,0.3));
#5462=CARTESIAN_POINT('Ctrl Pts',(-7.28116293235849,3.06947313989655,-1.4811628131492));
#5463=CARTESIAN_POINT('Ctrl Pts',(-5.50000011920929,3.06947313989655,-1.48116281314921));
#5464=CARTESIAN_POINT('Ctrl Pts',(-3.71883730606008,3.06947313989655,-1.4811628131492));
#5465=CARTESIAN_POINT('Ctrl Pts',(-3.71883730606008,3.06947313989655,0.3));
#5466=CARTESIAN_POINT('Ctrl Pts',(-3.65447663309606,3.24693482295502,0.3));
#5467=CARTESIAN_POINT('Ctrl Pts',(-3.65447663309606,3.24693482295502,2.14552348611323));
#5468=CARTESIAN_POINT('Ctrl Pts',(-5.50000011920929,3.24693482295502,2.14552348611323));
#5469=CARTESIAN_POINT('Ctrl Pts',(-7.34552360532252,3.24693482295502,2.14552348611323));
#5470=CARTESIAN_POINT('Ctrl Pts',(-7.34552360532252,3.24693482295502,0.3));
#5471=CARTESIAN_POINT('Ctrl Pts',(-7.34552360532252,3.24693482295502,-1.54552348611323));
#5472=CARTESIAN_POINT('Ctrl Pts',(-5.50000011920929,3.24693482295502,-1.54552348611323));
#5473=CARTESIAN_POINT('Ctrl Pts',(-3.65447663309606,3.24693482295502,-1.54552348611323));
#5474=CARTESIAN_POINT('Ctrl Pts',(-3.65447663309606,3.24693482295502,0.3));
#5475=CARTESIAN_POINT('Ctrl Pts',(-3.54639581260182,3.3602186654449,0.3));
#5476=CARTESIAN_POINT('Ctrl Pts',(-3.54639581260182,3.3602186654449,2.25360430660747));
#5477=CARTESIAN_POINT('Ctrl Pts',(-5.50000011920929,3.3602186654449,2.25360430660747));
#5478=CARTESIAN_POINT('Ctrl Pts',(-7.45360442581676,3.3602186654449,2.25360430660747));
#5479=CARTESIAN_POINT('Ctrl Pts',(-7.45360442581676,3.3602186654449,0.3));
#5480=CARTESIAN_POINT('Ctrl Pts',(-7.45360442581676,3.3602186654449,-1.65360430660747));
#5481=CARTESIAN_POINT('Ctrl Pts',(-5.50000011920929,3.3602186654449,-1.65360430660747));
#5482=CARTESIAN_POINT('Ctrl Pts',(-3.54639581260182,3.3602186654449,-1.65360430660747));
#5483=CARTESIAN_POINT('Ctrl Pts',(-3.54639581260182,3.3602186654449,0.3));
#5484=CARTESIAN_POINT('Ctrl Pts',(-3.42396046960095,3.41960827331138,0.3));
#5485=CARTESIAN_POINT('Ctrl Pts',(-3.42396046960095,3.41960827331138,2.37603964960834));
#5486=CARTESIAN_POINT('Ctrl Pts',(-5.50000011920929,3.41960827331138,2.37603964960834));
#5487=CARTESIAN_POINT('Ctrl Pts',(-7.57603976881763,3.41960827331138,2.37603964960834));
#5488=CARTESIAN_POINT('Ctrl Pts',(-7.57603976881763,3.41960827331138,0.3));
#5489=CARTESIAN_POINT('Ctrl Pts',(-7.57603976881763,3.41960827331138,-1.77603964960834));
#5490=CARTESIAN_POINT('Ctrl Pts',(-5.50000011920929,3.41960827331138,-1.77603964960834));
#5491=CARTESIAN_POINT('Ctrl Pts',(-3.42396046960095,3.41960827331138,-1.77603964960834));
#5492=CARTESIAN_POINT('Ctrl Pts',(-3.42396046960095,3.41960827331138,0.3));
#5493=CARTESIAN_POINT('Ctrl Pts',(-3.33093043167807,3.45458583290795,0.3));
#5494=CARTESIAN_POINT('Ctrl Pts',(-3.33093043167807,3.45458583290795,2.46906968753122));
#5495=CARTESIAN_POINT('Ctrl Pts',(-5.50000011920929,3.45458583290795,2.46906968753122));
#5496=CARTESIAN_POINT('Ctrl Pts',(-7.66906980674051,3.45458583290795,2.46906968753122));
#5497=CARTESIAN_POINT('Ctrl Pts',(-7.66906980674051,3.45458583290795,0.3));
#5498=CARTESIAN_POINT('Ctrl Pts',(-7.66906980674051,3.45458583290795,-1.86906968753122));
#5499=CARTESIAN_POINT('Ctrl Pts',(-5.50000011920929,3.45458583290795,-1.86906968753122));
#5500=CARTESIAN_POINT('Ctrl Pts',(-3.33093043167807,3.45458583290795,-1.86906968753122));
#5501=CARTESIAN_POINT('Ctrl Pts',(-3.33093043167807,3.45458583290795,0.3));
#5502=CARTESIAN_POINT('Ctrl Pts',(-3.30775502173385,3.50005320750255,0.3));
#5503=CARTESIAN_POINT('Ctrl Pts',(-3.30775502173385,3.50005320750255,2.49224509747544));
#5504=CARTESIAN_POINT('Ctrl Pts',(-5.50000011920929,3.50005320750255,2.49224509747544));
#5505=CARTESIAN_POINT('Ctrl Pts',(-7.69224521668473,3.50005320750255,2.49224509747544));
#5506=CARTESIAN_POINT('Ctrl Pts',(-7.69224521668473,3.50005320750255,0.3));
#5507=CARTESIAN_POINT('Ctrl Pts',(-7.69224521668473,3.50005320750255,-1.89224509747544));
#5508=CARTESIAN_POINT('Ctrl Pts',(-5.50000011920929,3.50005320750255,-1.89224509747544));
#5509=CARTESIAN_POINT('Ctrl Pts',(-3.30775502173385,3.50005320750255,-1.89224509747544));
#5510=CARTESIAN_POINT('Ctrl Pts',(-3.30775502173385,3.50005320750255,0.3));
#5511=CARTESIAN_POINT('Ctrl Pts',(-3.37291520073099,3.58219969015838,0.3));
#5512=CARTESIAN_POINT('Ctrl Pts',(-3.37291520073099,3.58219969015838,2.4270849184783));
#5513=CARTESIAN_POINT('Ctrl Pts',(-5.50000011920929,3.58219969015838,2.4270849184783));
#5514=CARTESIAN_POINT('Ctrl Pts',(-7.62708503768759,3.58219969015838,2.4270849184783));
#5515=CARTESIAN_POINT('Ctrl Pts',(-7.62708503768759,3.58219969015838,0.3));
#5516=CARTESIAN_POINT('Ctrl Pts',(-7.62708503768759,3.58219969015838,-1.8270849184783));
#5517=CARTESIAN_POINT('Ctrl Pts',(-5.50000011920929,3.58219969015838,-1.8270849184783));
#5518=CARTESIAN_POINT('Ctrl Pts',(-3.37291520073099,3.58219969015838,-1.8270849184783));
#5519=CARTESIAN_POINT('Ctrl Pts',(-3.37291520073099,3.58219969015838,0.3));
#5520=CARTESIAN_POINT('Ctrl Pts',(-3.50862391437233,3.70701106909692,0.3));
#5521=CARTESIAN_POINT('Ctrl Pts',(-3.50862391437233,3.70701106909692,2.29137620483696));
#5522=CARTESIAN_POINT('Ctrl Pts',(-5.50000011920929,3.70701106909692,2.29137620483696));
#5523=CARTESIAN_POINT('Ctrl Pts',(-7.49137632404625,3.70701106909692,2.29137620483696));
#5524=CARTESIAN_POINT('Ctrl Pts',(-7.49137632404625,3.70701106909692,0.3));
#5525=CARTESIAN_POINT('Ctrl Pts',(-7.49137632404625,3.70701106909692,-1.69137620483696));
#5526=CARTESIAN_POINT('Ctrl Pts',(-5.50000011920929,3.70701106909692,-1.69137620483696));
#5527=CARTESIAN_POINT('Ctrl Pts',(-3.50862391437233,3.70701106909692,-1.69137620483696));
#5528=CARTESIAN_POINT('Ctrl Pts',(-3.50862391437233,3.70701106909692,0.3));
#5529=CARTESIAN_POINT('Ctrl Pts',(-3.6766727252459,3.86767352353306,0.3));
#5530=CARTESIAN_POINT('Ctrl Pts',(-3.6766727252459,3.86767352353306,2.12332739396339));
#5531=CARTESIAN_POINT('Ctrl Pts',(-5.50000011920929,3.86767352353306,2.12332739396339));
#5532=CARTESIAN_POINT('Ctrl Pts',(-7.32332751317268,3.86767352353306,2.12332739396339));
#5533=CARTESIAN_POINT('Ctrl Pts',(-7.32332751317268,3.86767352353306,0.3));
#5534=CARTESIAN_POINT('Ctrl Pts',(-7.32332751317268,3.86767352353306,-1.52332739396339));
#5535=CARTESIAN_POINT('Ctrl Pts',(-5.50000011920929,3.86767352353306,-1.52332739396339));
#5536=CARTESIAN_POINT('Ctrl Pts',(-3.6766727252459,3.86767352353306,-1.52332739396339));
#5537=CARTESIAN_POINT('Ctrl Pts',(-3.6766727252459,3.86767352353306,0.3));
#5538=CARTESIAN_POINT('Ctrl Pts',(-3.83083130639579,4.04981316214215,0.3));
#5539=CARTESIAN_POINT('Ctrl Pts',(-3.83083130639579,4.04981316214215,1.9691688128135));
#5540=CARTESIAN_POINT('Ctrl Pts',(-5.50000011920929,4.04981316214215,1.9691688128135));
#5541=CARTESIAN_POINT('Ctrl Pts',(-7.16916893202279,4.04981316214215,1.9691688128135));
#5542=CARTESIAN_POINT('Ctrl Pts',(-7.16916893202279,4.04981316214215,0.3));
#5543=CARTESIAN_POINT('Ctrl Pts',(-7.16916893202279,4.04981316214215,-1.3691688128135));
#5544=CARTESIAN_POINT('Ctrl Pts',(-5.50000011920929,4.04981316214215,-1.3691688128135));
#5545=CARTESIAN_POINT('Ctrl Pts',(-3.83083130639579,4.04981316214215,-1.3691688128135));
#5546=CARTESIAN_POINT('Ctrl Pts',(-3.83083130639579,4.04981316214215,0.3));
#5547=CARTESIAN_POINT('Ctrl Pts',(-3.93062940179949,4.23758114841508,0.3));
#5548=CARTESIAN_POINT('Ctrl Pts',(-3.93062940179949,4.23758114841508,1.8693707174098));
#5549=CARTESIAN_POINT('Ctrl Pts',(-5.50000011920929,4.23758114841508,1.8693707174098));
#5550=CARTESIAN_POINT('Ctrl Pts',(-7.06937083661909,4.23758114841508,1.8693707174098));
#5551=CARTESIAN_POINT('Ctrl Pts',(-7.06937083661909,4.23758114841508,0.3));
#5552=CARTESIAN_POINT('Ctrl Pts',(-7.06937083661909,4.23758114841508,-1.2693707174098));
#5553=CARTESIAN_POINT('Ctrl Pts',(-5.50000011920929,4.23758114841508,-1.2693707174098));
#5554=CARTESIAN_POINT('Ctrl Pts',(-3.93062940179949,4.23758114841508,-1.2693707174098));
#5555=CARTESIAN_POINT('Ctrl Pts',(-3.93062940179949,4.23758114841508,0.3));
#5556=CARTESIAN_POINT('Ctrl Pts',(-3.9543608678841,4.41928886567474,0.3));
#5557=CARTESIAN_POINT('Ctrl Pts',(-3.9543608678841,4.41928886567474,1.84563925132519));
#5558=CARTESIAN_POINT('Ctrl Pts',(-5.50000011920929,4.41928886567474,1.84563925132519));
#5559=CARTESIAN_POINT('Ctrl Pts',(-7.04563937053448,4.41928886567474,1.84563925132519));
#5560=CARTESIAN_POINT('Ctrl Pts',(-7.04563937053448,4.41928886567474,0.3));
#5561=CARTESIAN_POINT('Ctrl Pts',(-7.04563937053448,4.41928886567474,-1.24563925132519));
#5562=CARTESIAN_POINT('Ctrl Pts',(-5.50000011920929,4.41928886567474,-1.24563925132519));
#5563=CARTESIAN_POINT('Ctrl Pts',(-3.9543608678841,4.41928886567474,-1.24563925132519));
#5564=CARTESIAN_POINT('Ctrl Pts',(-3.9543608678841,4.41928886567474,0.3));
#5565=CARTESIAN_POINT('Ctrl Pts',(-3.91299306609404,4.59346086323833,0.3));
#5566=CARTESIAN_POINT('Ctrl Pts',(-3.91299306609404,4.59346086323833,1.88700705311525));
#5567=CARTESIAN_POINT('Ctrl Pts',(-5.50000011920929,4.59346086323833,1.88700705311525));
#5568=CARTESIAN_POINT('Ctrl Pts',(-7.08700717232454,4.59346086323833,1.88700705311525));
#5569=CARTESIAN_POINT('Ctrl Pts',(-7.08700717232454,4.59346086323833,0.3));
#5570=CARTESIAN_POINT('Ctrl Pts',(-7.08700717232454,4.59346086323833,-1.28700705311525));
#5571=CARTESIAN_POINT('Ctrl Pts',(-5.50000011920929,4.59346086323833,-1.28700705311525));
#5572=CARTESIAN_POINT('Ctrl Pts',(-3.91299306609404,4.59346086323833,-1.28700705311525));
#5573=CARTESIAN_POINT('Ctrl Pts',(-3.91299306609404,4.59346086323833,0.3));
#5574=CARTESIAN_POINT('Ctrl Pts',(-3.83872010082315,4.76450658822152,0.3));
#5575=CARTESIAN_POINT('Ctrl Pts',(-3.83872010082315,4.76450658822152,1.96128001838614));
#5576=CARTESIAN_POINT('Ctrl Pts',(-5.50000011920929,4.76450658822152,1.96128001838614));
#5577=CARTESIAN_POINT('Ctrl Pts',(-7.16128013759543,4.76450658822152,1.96128001838614));
#5578=CARTESIAN_POINT('Ctrl Pts',(-7.16128013759543,4.76450658822152,0.3));
#5579=CARTESIAN_POINT('Ctrl Pts',(-7.16128013759543,4.76450658822152,-1.36128001838614));
#5580=CARTESIAN_POINT('Ctrl Pts',(-5.50000011920929,4.76450658822152,-1.36128001838614));
#5581=CARTESIAN_POINT('Ctrl Pts',(-3.83872010082315,4.76450658822152,-1.36128001838614));
#5582=CARTESIAN_POINT('Ctrl Pts',(-3.83872010082315,4.76450658822152,0.3));
#5583=CARTESIAN_POINT('Ctrl Pts',(-3.77308602890829,4.93823519734779,0.3));
#5584=CARTESIAN_POINT('Ctrl Pts',(-3.77308602890829,4.93823519734779,2.026914090301));
#5585=CARTESIAN_POINT('Ctrl Pts',(-5.50000011920929,4.93823519734779,2.026914090301));
#5586=CARTESIAN_POINT('Ctrl Pts',(-7.22691420951029,4.93823519734779,2.026914090301));
#5587=CARTESIAN_POINT('Ctrl Pts',(-7.22691420951029,4.93823519734779,0.3));
#5588=CARTESIAN_POINT('Ctrl Pts',(-7.22691420951029,4.93823519734779,-1.426914090301));
#5589=CARTESIAN_POINT('Ctrl Pts',(-5.50000011920929,4.93823519734779,-1.426914090301));
#5590=CARTESIAN_POINT('Ctrl Pts',(-3.77308602890829,4.93823519734779,-1.426914090301));
#5591=CARTESIAN_POINT('Ctrl Pts',(-3.77308602890829,4.93823519734779,0.3));
#5592=CARTESIAN_POINT('Ctrl Pts',(-3.75504362365971,5.11730122949707,0.3));
#5593=CARTESIAN_POINT('Ctrl Pts',(-3.75504362365971,5.11730122949707,2.04495649554958));
#5594=CARTESIAN_POINT('Ctrl Pts',(-5.50000011920929,5.11730122949707,2.04495649554958));
#5595=CARTESIAN_POINT('Ctrl Pts',(-7.24495661475887,5.11730122949707,2.04495649554958));
#5596=CARTESIAN_POINT('Ctrl Pts',(-7.24495661475887,5.11730122949707,0.3));
#5597=CARTESIAN_POINT('Ctrl Pts',(-7.24495661475887,5.11730122949707,-1.44495649554958));
#5598=CARTESIAN_POINT('Ctrl Pts',(-5.50000011920929,5.11730122949707,-1.44495649554958));
#5599=CARTESIAN_POINT('Ctrl Pts',(-3.75504362365971,5.11730122949707,-1.44495649554958));
#5600=CARTESIAN_POINT('Ctrl Pts',(-3.75504362365971,5.11730122949707,0.3));
#5601=CARTESIAN_POINT('Ctrl Pts',(-3.80962562574857,5.2969771662376,0.3));
#5602=CARTESIAN_POINT('Ctrl Pts',(-3.80962562574857,5.2969771662376,1.99037449346072));
#5603=CARTESIAN_POINT('Ctrl Pts',(-5.50000011920929,5.2969771662376,1.99037449346072));
#5604=CARTESIAN_POINT('Ctrl Pts',(-7.19037461267001,5.2969771662376,1.99037449346072));
#5605=CARTESIAN_POINT('Ctrl Pts',(-7.19037461267001,5.2969771662376,0.3));
#5606=CARTESIAN_POINT('Ctrl Pts',(-7.19037461267001,5.2969771662376,-1.39037449346072));
#5607=CARTESIAN_POINT('Ctrl Pts',(-5.50000011920929,5.2969771662376,-1.39037449346072));
#5608=CARTESIAN_POINT('Ctrl Pts',(-3.80962562574857,5.2969771662376,-1.39037449346072));
#5609=CARTESIAN_POINT('Ctrl Pts',(-3.80962562574857,5.2969771662376,0.3));
#5610=CARTESIAN_POINT('Ctrl Pts',(-3.93477189060591,5.45996273306337,0.3));
#5611=CARTESIAN_POINT('Ctrl Pts',(-3.93477189060591,5.45996273306337,1.86522822860338));
#5612=CARTESIAN_POINT('Ctrl Pts',(-5.50000011920929,5.45996273306337,1.86522822860338));
#5613=CARTESIAN_POINT('Ctrl Pts',(-7.06522834781267,5.45996273306337,1.86522822860338));
#5614=CARTESIAN_POINT('Ctrl Pts',(-7.06522834781267,5.45996273306337,0.3));
#5615=CARTESIAN_POINT('Ctrl Pts',(-7.06522834781267,5.45996273306337,-1.26522822860338));
#5616=CARTESIAN_POINT('Ctrl Pts',(-5.50000011920929,5.45996273306337,-1.26522822860338));
#5617=CARTESIAN_POINT('Ctrl Pts',(-3.93477189060591,5.45996273306337,-1.26522822860338));
#5618=CARTESIAN_POINT('Ctrl Pts',(-3.93477189060591,5.45996273306337,0.3));
#5619=CARTESIAN_POINT('Ctrl Pts',(-4.10866852725089,5.58185388824786,0.3));
#5620=CARTESIAN_POINT('Ctrl Pts',(-4.10866852725089,5.58185388824786,1.6913315919584));
#5621=CARTESIAN_POINT('Ctrl Pts',(-5.50000011920929,5.58185388824786,1.6913315919584));
#5622=CARTESIAN_POINT('Ctrl Pts',(-6.89133171116769,5.58185388824786,1.6913315919584));
#5623=CARTESIAN_POINT('Ctrl Pts',(-6.89133171116769,5.58185388824786,0.3));
#5624=CARTESIAN_POINT('Ctrl Pts',(-6.89133171116769,5.58185388824786,-1.0913315919584));
#5625=CARTESIAN_POINT('Ctrl Pts',(-5.50000011920929,5.58185388824786,-1.0913315919584));
#5626=CARTESIAN_POINT('Ctrl Pts',(-4.10866852725089,5.58185388824786,-1.0913315919584));
#5627=CARTESIAN_POINT('Ctrl Pts',(-4.10866852725089,5.58185388824786,0.3));
#5628=CARTESIAN_POINT('Ctrl Pts',(-4.29950061603361,5.63786930068965,0.3));
#5629=CARTESIAN_POINT('Ctrl Pts',(-4.29950061603361,5.63786930068965,1.50049950317568));
#5630=CARTESIAN_POINT('Ctrl Pts',(-5.50000011920929,5.63786930068965,1.50049950317568));
#5631=CARTESIAN_POINT('Ctrl Pts',(-6.70049962238497,5.63786930068965,1.50049950317568));
#5632=CARTESIAN_POINT('Ctrl Pts',(-6.70049962238497,5.63786930068965,0.3));
#5633=CARTESIAN_POINT('Ctrl Pts',(-6.70049962238497,5.63786930068965,-0.900499503175678));
#5634=CARTESIAN_POINT('Ctrl Pts',(-5.50000011920929,5.63786930068965,-0.900499503175678));
#5635=CARTESIAN_POINT('Ctrl Pts',(-4.29950061603361,5.63786930068965,-0.900499503175678));
#5636=CARTESIAN_POINT('Ctrl Pts',(-4.29950061603361,5.63786930068965,0.3));
#5637=CARTESIAN_POINT('Ctrl Pts',(-4.47432251287709,5.60913491504468,0.3));
#5638=CARTESIAN_POINT('Ctrl Pts',(-4.47432251287709,5.60913491504468,1.3256776063322));
#5639=CARTESIAN_POINT('Ctrl Pts',(-5.50000011920929,5.60913491504468,1.3256776063322));
#5640=CARTESIAN_POINT('Ctrl Pts',(-6.52567772554149,5.60913491504468,1.3256776063322));
#5641=CARTESIAN_POINT('Ctrl Pts',(-6.52567772554149,5.60913491504468,0.3));
#5642=CARTESIAN_POINT('Ctrl Pts',(-6.52567772554149,5.60913491504468,-0.725677606332199));
#5643=CARTESIAN_POINT('Ctrl Pts',(-5.50000011920929,5.60913491504468,-0.725677606332199));
#5644=CARTESIAN_POINT('Ctrl Pts',(-4.47432251287709,5.60913491504468,-0.725677606332199));
#5645=CARTESIAN_POINT('Ctrl Pts',(-4.47432251287709,5.60913491504468,0.3));
#5646=CARTESIAN_POINT('Ctrl Pts',(-4.60826329223219,5.48914424381966,0.3));
#5647=CARTESIAN_POINT('Ctrl Pts',(-4.60826329223219,5.48914424381966,1.1917368269771));
#5648=CARTESIAN_POINT('Ctrl Pts',(-5.50000011920929,5.48914424381966,1.1917368269771));
#5649=CARTESIAN_POINT('Ctrl Pts',(-6.39173694618639,5.48914424381966,1.1917368269771));
#5650=CARTESIAN_POINT('Ctrl Pts',(-6.39173694618639,5.48914424381966,0.3));
#5651=CARTESIAN_POINT('Ctrl Pts',(-6.39173694618639,5.48914424381966,-0.591736826977096));
#5652=CARTESIAN_POINT('Ctrl Pts',(-5.50000011920929,5.48914424381966,-0.591736826977096));
#5653=CARTESIAN_POINT('Ctrl Pts',(-4.60826329223219,5.48914424381966,-0.591736826977096));
#5654=CARTESIAN_POINT('Ctrl Pts',(-4.60826329223219,5.48914424381966,0.3));
#5655=CARTESIAN_POINT('Ctrl Pts',(-4.69367304401094,5.29023788432363,0.3));
#5656=CARTESIAN_POINT('Ctrl Pts',(-4.69367304401094,5.29023788432363,1.10632707519835));
#5657=CARTESIAN_POINT('Ctrl Pts',(-5.50000011920929,5.29023788432363,1.10632707519835));
#5658=CARTESIAN_POINT('Ctrl Pts',(-6.30632719440763,5.29023788432363,1.10632707519835));
#5659=CARTESIAN_POINT('Ctrl Pts',(-6.30632719440763,5.29023788432363,0.3));
#5660=CARTESIAN_POINT('Ctrl Pts',(-6.30632719440763,5.29023788432363,-0.506327075198345));
#5661=CARTESIAN_POINT('Ctrl Pts',(-5.50000011920929,5.29023788432363,-0.506327075198345));
#5662=CARTESIAN_POINT('Ctrl Pts',(-4.69367304401094,5.29023788432363,-0.506327075198345));
#5663=CARTESIAN_POINT('Ctrl Pts',(-4.69367304401094,5.29023788432363,0.3));
#5664=CARTESIAN_POINT('Ctrl Pts',(-4.73611229973806,5.03853614907524,0.3));
#5665=CARTESIAN_POINT('Ctrl Pts',(-4.73611229973806,5.03853614907524,1.06388781947123));
#5666=CARTESIAN_POINT('Ctrl Pts',(-5.50000011920929,5.03853614907524,1.06388781947123));
#5667=CARTESIAN_POINT('Ctrl Pts',(-6.26388793868052,5.03853614907524,1.06388781947123));
#5668=CARTESIAN_POINT('Ctrl Pts',(-6.26388793868052,5.03853614907524,0.3));
#5669=CARTESIAN_POINT('Ctrl Pts',(-6.26388793868052,5.03853614907524,-0.463887819471231));
#5670=CARTESIAN_POINT('Ctrl Pts',(-5.50000011920929,5.03853614907524,-0.463887819471231));
#5671=CARTESIAN_POINT('Ctrl Pts',(-4.73611229973806,5.03853614907524,-0.463887819471231));
#5672=CARTESIAN_POINT('Ctrl Pts',(-4.73611229973806,5.03853614907524,0.3));
#5673=CARTESIAN_POINT('Ctrl Pts',(-4.75028965960063,4.76885633748768,0.3));
#5674=CARTESIAN_POINT('Ctrl Pts',(-4.75028965960063,4.76885633748768,1.04971045960866));
#5675=CARTESIAN_POINT('Ctrl Pts',(-5.50000011920929,4.76885633748768,1.04971045960866));
#5676=CARTESIAN_POINT('Ctrl Pts',(-6.24971057881795,4.76885633748768,1.04971045960866));
#5677=CARTESIAN_POINT('Ctrl Pts',(-6.24971057881795,4.76885633748768,0.3));
#5678=CARTESIAN_POINT('Ctrl Pts',(-6.24971057881795,4.76885633748768,-0.449710459608657));
#5679=CARTESIAN_POINT('Ctrl Pts',(-5.50000011920929,4.76885633748768,-0.449710459608657));
#5680=CARTESIAN_POINT('Ctrl Pts',(-4.75028965960063,4.76885633748768,-0.449710459608657));
#5681=CARTESIAN_POINT('Ctrl Pts',(-4.75028965960063,4.76885633748768,0.3));
#5682=CARTESIAN_POINT('Ctrl Pts',(-4.75599177241592,4.51958677472163,0.3));
#5683=CARTESIAN_POINT('Ctrl Pts',(-4.75599177241592,4.51958677472163,1.04400834679337));
#5684=CARTESIAN_POINT('Ctrl Pts',(-5.50000011920929,4.51958677472163,1.04400834679337));
#5685=CARTESIAN_POINT('Ctrl Pts',(-6.24400846600266,4.51958677472163,1.04400834679337));
#5686=CARTESIAN_POINT('Ctrl Pts',(-6.24400846600266,4.51958677472163,0.3));
#5687=CARTESIAN_POINT('Ctrl Pts',(-6.24400846600266,4.51958677472163,-0.444008346793374));
#5688=CARTESIAN_POINT('Ctrl Pts',(-5.50000011920929,4.51958677472163,-0.444008346793374));
#5689=CARTESIAN_POINT('Ctrl Pts',(-4.75599177241592,4.51958677472163,-0.444008346793374));
#5690=CARTESIAN_POINT('Ctrl Pts',(-4.75599177241592,4.51958677472163,0.3));
#5691=CARTESIAN_POINT('Ctrl Pts',(-4.77416440392115,4.32777165216879,0.3));
#5692=CARTESIAN_POINT('Ctrl Pts',(-4.77416440392115,4.32777165216879,1.02583571528814));
#5693=CARTESIAN_POINT('Ctrl Pts',(-5.50000011920929,4.32777165216879,1.02583571528814));
#5694=CARTESIAN_POINT('Ctrl Pts',(-6.22583583449743,4.32777165216879,1.02583571528814));
#5695=CARTESIAN_POINT('Ctrl Pts',(-6.22583583449743,4.32777165216879,0.3));
#5696=CARTESIAN_POINT('Ctrl Pts',(-6.22583583449743,4.32777165216879,-0.425835715288141));
#5697=CARTESIAN_POINT('Ctrl Pts',(-5.50000011920929,4.32777165216879,-0.425835715288141));
#5698=CARTESIAN_POINT('Ctrl Pts',(-4.77416440392115,4.32777165216879,-0.425835715288141));
#5699=CARTESIAN_POINT('Ctrl Pts',(-4.77416440392115,4.32777165216879,0.3));
#5700=CARTESIAN_POINT('Ctrl Pts',(-4.82262626066717,4.22368149098834,0.3));
#5701=CARTESIAN_POINT('Ctrl Pts',(-4.82262626066717,4.22368149098834,0.977373858542116));
#5702=CARTESIAN_POINT('Ctrl Pts',(-5.50000011920929,4.22368149098834,0.977373858542116));
#5703=CARTESIAN_POINT('Ctrl Pts',(-6.17737397775141,4.22368149098834,0.977373858542116));
#5704=CARTESIAN_POINT('Ctrl Pts',(-6.17737397775141,4.22368149098834,0.3));
#5705=CARTESIAN_POINT('Ctrl Pts',(-6.17737397775141,4.22368149098834,-0.377373858542116));
#5706=CARTESIAN_POINT('Ctrl Pts',(-5.50000011920929,4.22368149098834,-0.377373858542116));
#5707=CARTESIAN_POINT('Ctrl Pts',(-4.82262626066717,4.22368149098834,-0.377373858542116));
#5708=CARTESIAN_POINT('Ctrl Pts',(-4.82262626066717,4.22368149098834,0.3));
#5709=CARTESIAN_POINT('Ctrl Pts',(-4.91287222834101,4.22687326099061,0.3));
#5710=CARTESIAN_POINT('Ctrl Pts',(-4.91287222834101,4.22687326099061,0.88712789086828));
#5711=CARTESIAN_POINT('Ctrl Pts',(-5.50000011920929,4.22687326099061,0.88712789086828));
#5712=CARTESIAN_POINT('Ctrl Pts',(-6.08712801007757,4.22687326099061,0.88712789086828));
#5713=CARTESIAN_POINT('Ctrl Pts',(-6.08712801007757,4.22687326099061,0.3));
#5714=CARTESIAN_POINT('Ctrl Pts',(-6.08712801007757,4.22687326099061,-0.28712789086828));
#5715=CARTESIAN_POINT('Ctrl Pts',(-5.50000011920929,4.22687326099061,-0.28712789086828));
#5716=CARTESIAN_POINT('Ctrl Pts',(-4.91287222834101,4.22687326099061,-0.28712789086828));
#5717=CARTESIAN_POINT('Ctrl Pts',(-4.91287222834101,4.22687326099061,0.3));
#5718=CARTESIAN_POINT('Ctrl Pts',(-5.05180029466577,4.34899393162547,0.3));
#5719=CARTESIAN_POINT('Ctrl Pts',(-5.05180029466577,4.34899393162547,0.748199824543522));
#5720=CARTESIAN_POINT('Ctrl Pts',(-5.50000011920929,4.34899393162547,0.748199824543522));
#5721=CARTESIAN_POINT('Ctrl Pts',(-5.94819994375281,4.34899393162547,0.748199824543522));
#5722=CARTESIAN_POINT('Ctrl Pts',(-5.94819994375281,4.34899393162547,0.3));
#5723=CARTESIAN_POINT('Ctrl Pts',(-5.94819994375281,4.34899393162547,-0.148199824543521));
#5724=CARTESIAN_POINT('Ctrl Pts',(-5.50000011920929,4.34899393162547,-0.148199824543521));
#5725=CARTESIAN_POINT('Ctrl Pts',(-5.05180029466577,4.34899393162547,-0.148199824543521));
#5726=CARTESIAN_POINT('Ctrl Pts',(-5.05180029466577,4.34899393162547,0.3));
#5727=CARTESIAN_POINT('Ctrl Pts',(-5.20455253836229,4.54629769321672,0.3));
#5728=CARTESIAN_POINT('Ctrl Pts',(-5.20455253836229,4.54629769321672,0.595447580847001));
#5729=CARTESIAN_POINT('Ctrl Pts',(-5.50000011920929,4.54629769321672,0.595447580847001));
#5730=CARTESIAN_POINT('Ctrl Pts',(-5.79544770005629,4.54629769321672,0.595447580847001));
#5731=CARTESIAN_POINT('Ctrl Pts',(-5.79544770005629,4.54629769321672,0.3));
#5732=CARTESIAN_POINT('Ctrl Pts',(-5.79544770005629,4.54629769321672,0.00455241915299859));
#5733=CARTESIAN_POINT('Ctrl Pts',(-5.50000011920929,4.54629769321672,0.00455241915299859));
#5734=CARTESIAN_POINT('Ctrl Pts',(-5.20455253836229,4.54629769321672,0.00455241915299859));
#5735=CARTESIAN_POINT('Ctrl Pts',(-5.20455253836229,4.54629769321672,0.3));
#5736=CARTESIAN_POINT('Ctrl Pts',(-5.34299644945561,4.75107532267796,0.3));
#5737=CARTESIAN_POINT('Ctrl Pts',(-5.34299644945561,4.75107532267796,0.457003669753677));
#5738=CARTESIAN_POINT('Ctrl Pts',(-5.50000011920929,4.75107532267796,0.457003669753677));
#5739=CARTESIAN_POINT('Ctrl Pts',(-5.65700378896297,4.75107532267796,0.457003669753677));
#5740=CARTESIAN_POINT('Ctrl Pts',(-5.65700378896297,4.75107532267796,0.3));
#5741=CARTESIAN_POINT('Ctrl Pts',(-5.65700378896297,4.75107532267796,0.142996330246323));
#5742=CARTESIAN_POINT('Ctrl Pts',(-5.50000011920929,4.75107532267796,0.142996330246323));
#5743=CARTESIAN_POINT('Ctrl Pts',(-5.34299644945561,4.75107532267796,0.142996330246323));
#5744=CARTESIAN_POINT('Ctrl Pts',(-5.34299644945561,4.75107532267796,0.3));
#5745=CARTESIAN_POINT('Ctrl Pts',(-5.44589794182495,4.912820635418,0.3));
#5746=CARTESIAN_POINT('Ctrl Pts',(-5.44589794182495,4.912820635418,0.354102177384338));
#5747=CARTESIAN_POINT('Ctrl Pts',(-5.50000011920929,4.912820635418,0.354102177384338));
#5748=CARTESIAN_POINT('Ctrl Pts',(-5.55410229659363,4.912820635418,0.354102177384338));
#5749=CARTESIAN_POINT('Ctrl Pts',(-5.55410229659363,4.912820635418,0.3));
#5750=CARTESIAN_POINT('Ctrl Pts',(-5.55410229659363,4.912820635418,0.245897822615662));
#5751=CARTESIAN_POINT('Ctrl Pts',(-5.50000011920929,4.912820635418,0.245897822615662));
#5752=CARTESIAN_POINT('Ctrl Pts',(-5.44589794182495,4.912820635418,0.245897822615662));
#5753=CARTESIAN_POINT('Ctrl Pts',(-5.44589794182495,4.912820635418,0.3));
#5754=CARTESIAN_POINT('Ctrl Pts',(-5.50000011920929,5.00000007450581,0.3));
#5755=CARTESIAN_POINT('Ctrl Pts',(-5.50000011920929,5.00000007450581,0.3));
#5756=CARTESIAN_POINT('Ctrl Pts',(-5.50000011920929,5.00000007450581,0.3));
#5757=CARTESIAN_POINT('Ctrl Pts',(-5.50000011920929,5.00000007450581,0.3));
#5758=CARTESIAN_POINT('Ctrl Pts',(-5.50000011920929,5.00000007450581,0.3));
#5759=CARTESIAN_POINT('Ctrl Pts',(-5.50000011920929,5.00000007450581,0.3));
#5760=CARTESIAN_POINT('Ctrl Pts',(-5.50000011920929,5.00000007450581,0.3));
#5761=CARTESIAN_POINT('Ctrl Pts',(-5.50000011920929,5.00000007450581,0.3));
#5762=CARTESIAN_POINT('Ctrl Pts',(-5.50000011920929,5.00000007450581,0.3));
#5763=CARTESIAN_POINT('',(-5.50000011920929,2.00000002980232,0.3));
#5764=CARTESIAN_POINT('',(-5.50000011920929,5.00000007450581,0.3));
#5765=CARTESIAN_POINT('Ctrl Pts',(-5.50000011920929,2.00000002980232,0.3));
#5766=CARTESIAN_POINT('Ctrl Pts',(-5.45297244859607,1.91074705012156,0.3));
#5767=CARTESIAN_POINT('Ctrl Pts',(-5.36305335515039,1.74543782492061,0.3));
#5768=CARTESIAN_POINT('Ctrl Pts',(-5.2405832717679,1.53706376759101,0.3));
#5769=CARTESIAN_POINT('Ctrl Pts',(-5.10212472894667,1.33846649924048,0.3));
#5770=CARTESIAN_POINT('Ctrl Pts',(-4.9695439481686,1.22008876017465,0.3));
#5771=CARTESIAN_POINT('Ctrl Pts',(-4.87462394929037,1.22455722282684,0.3));
#5772=CARTESIAN_POINT('Ctrl Pts',(-4.81152017717901,1.33730118597127,0.3));
#5773=CARTESIAN_POINT('Ctrl Pts',(-4.77048242282843,1.53390923398194,0.3));
#5774=CARTESIAN_POINT('Ctrl Pts',(-4.73645609560933,1.77668949141001,0.3));
#5775=CARTESIAN_POINT('Ctrl Pts',(-4.69228701822404,2.02170582667029,0.3));
#5776=CARTESIAN_POINT('Ctrl Pts',(-4.62243399157779,2.22702148062386,0.3));
#5777=CARTESIAN_POINT('Ctrl Pts',(-4.51678215867983,2.36104678496203,0.3));
#5778=CARTESIAN_POINT('Ctrl Pts',(-4.37379976162915,2.40966947171839,0.3));
#5779=CARTESIAN_POINT('Ctrl Pts',(-4.20552711265062,2.38686885625878,0.3));
#5780=CARTESIAN_POINT('Ctrl Pts',(-4.03626098007575,2.33331007908352,0.3));
#5781=CARTESIAN_POINT('Ctrl Pts',(-3.89248289950617,2.29825312414929,0.3));
#5782=CARTESIAN_POINT('Ctrl Pts',(-3.79502124270923,2.32570364996719,0.3));
#5783=CARTESIAN_POINT('Ctrl Pts',(-3.75014881596958,2.43861401354021,0.3));
#5784=CARTESIAN_POINT('Ctrl Pts',(-3.74152161539908,2.62450863893422,0.3));
#5785=CARTESIAN_POINT('Ctrl Pts',(-3.74098853766772,2.84915314199151,0.3));
#5786=CARTESIAN_POINT('Ctrl Pts',(-3.71883730606008,3.06947313989655,0.3));
#5787=CARTESIAN_POINT('Ctrl Pts',(-3.65447663309606,3.24693482295502,0.3));
#5788=CARTESIAN_POINT('Ctrl Pts',(-3.54639581260182,3.3602186654449,0.3));
#5789=CARTESIAN_POINT('Ctrl Pts',(-3.42396046960095,3.41960827331138,0.3));
#5790=CARTESIAN_POINT('Ctrl Pts',(-3.33093043167807,3.45458583290795,0.3));
#5791=CARTESIAN_POINT('Ctrl Pts',(-3.30775502173385,3.50005320750255,0.3));
#5792=CARTESIAN_POINT('Ctrl Pts',(-3.37291520073099,3.58219969015838,0.3));
#5793=CARTESIAN_POINT('Ctrl Pts',(-3.50862391437233,3.70701106909692,0.3));
#5794=CARTESIAN_POINT('Ctrl Pts',(-3.6766727252459,3.86767352353306,0.3));
#5795=CARTESIAN_POINT('Ctrl Pts',(-3.83083130639579,4.04981316214215,0.3));
#5796=CARTESIAN_POINT('Ctrl Pts',(-3.93062940179949,4.23758114841508,0.3));
#5797=CARTESIAN_POINT('Ctrl Pts',(-3.9543608678841,4.41928886567474,0.3));
#5798=CARTESIAN_POINT('Ctrl Pts',(-3.91299306609404,4.59346086323833,0.3));
#5799=CARTESIAN_POINT('Ctrl Pts',(-3.83872010082315,4.76450658822152,0.3));
#5800=CARTESIAN_POINT('Ctrl Pts',(-3.77308602890829,4.93823519734779,0.3));
#5801=CARTESIAN_POINT('Ctrl Pts',(-3.75504362365971,5.11730122949707,0.3));
#5802=CARTESIAN_POINT('Ctrl Pts',(-3.80962562574857,5.2969771662376,0.3));
#5803=CARTESIAN_POINT('Ctrl Pts',(-3.93477189060591,5.45996273306337,0.3));
#5804=CARTESIAN_POINT('Ctrl Pts',(-4.10866852725089,5.58185388824786,0.3));
#5805=CARTESIAN_POINT('Ctrl Pts',(-4.29950061603361,5.63786930068965,0.3));
#5806=CARTESIAN_POINT('Ctrl Pts',(-4.47432251287709,5.60913491504468,0.3));
#5807=CARTESIAN_POINT('Ctrl Pts',(-4.60826329223219,5.48914424381966,0.3));
#5808=CARTESIAN_POINT('Ctrl Pts',(-4.69367304401094,5.29023788432363,0.3));
#5809=CARTESIAN_POINT('Ctrl Pts',(-4.73611229973806,5.03853614907524,0.3));
#5810=CARTESIAN_POINT('Ctrl Pts',(-4.75028965960063,4.76885633748768,0.3));
#5811=CARTESIAN_POINT('Ctrl Pts',(-4.75599177241592,4.51958677472163,0.3));
#5812=CARTESIAN_POINT('Ctrl Pts',(-4.77416440392115,4.32777165216879,0.3));
#5813=CARTESIAN_POINT('Ctrl Pts',(-4.82262626066717,4.22368149098834,0.3));
#5814=CARTESIAN_POINT('Ctrl Pts',(-4.91287222834101,4.22687326099061,0.3));
#5815=CARTESIAN_POINT('Ctrl Pts',(-5.05180029466577,4.34899393162547,0.3));
#5816=CARTESIAN_POINT('Ctrl Pts',(-5.20455253836229,4.54629769321672,0.3));
#5817=CARTESIAN_POINT('Ctrl Pts',(-5.34299644945561,4.75107532267796,0.3));
#5818=CARTESIAN_POINT('Ctrl Pts',(-5.44589794182495,4.912820635418,0.3));
#5819=CARTESIAN_POINT('Ctrl Pts',(-5.50000011920929,5.00000007450581,0.3));
#5820=UNCERTAINTY_MEASURE_WITH_UNIT(LENGTH_MEASURE(0.01),#5824,
'DISTANCE_ACCURACY_VALUE',
'Maximum model space distance between geometric entities at asserted c
onnectivities');
#5821=UNCERTAINTY_MEASURE_WITH_UNIT(LENGTH_MEASURE(0.01),#5824,
'DISTANCE_ACCURACY_VALUE',
'Maximum model space distance between geometric entities at asserted c
onnectivities');
#5822=(
GEOMETRIC_REPRESENTATION_CONTEXT(3)
GLOBAL_UNCERTAINTY_ASSIGNED_CONTEXT((#5820))
GLOBAL_UNIT_ASSIGNED_CONTEXT((#5824,#5826,#5827))
REPRESENTATION_CONTEXT('','3D')
);
#5823=(
GEOMETRIC_REPRESENTATION_CONTEXT(3)
GLOBAL_UNCERTAINTY_ASSIGNED_CONTEXT((#5821))
GLOBAL_UNIT_ASSIGNED_CONTEXT((#5824,#5826,#5827))
REPRESENTATION_CONTEXT('','3D')
);
#5824=(
LENGTH_UNIT()
NAMED_UNIT(*)
SI_UNIT(.MILLI.,.METRE.)
);
#5825=(
LENGTH_UNIT()
NAMED_UNIT(*)
SI_UNIT($,.METRE.)
);
#5826=(
NAMED_UNIT(*)
PLANE_ANGLE_UNIT()
SI_UNIT($,.RADIAN.)
);
#5827=(
NAMED_UNIT(*)
SI_UNIT($,.STERADIAN.)
SOLID_ANGLE_UNIT()
);
#5828=SHAPE_DEFINITION_REPRESENTATION(#5829,#5830);
#5829=PRODUCT_DEFINITION_SHAPE('',$,#5832);
#5830=SHAPE_REPRESENTATION('',(#240),#5822);
#5831=PRODUCT_DEFINITION_CONTEXT('part definition',#5836,'design');
#5832=PRODUCT_DEFINITION('random_voids','random_voids',#5833,#5831);
#5833=PRODUCT_DEFINITION_FORMATION('',$,#5838);
#5834=PRODUCT_RELATED_PRODUCT_CATEGORY('random_voids','random_voids',(#5838));
#5835=APPLICATION_PROTOCOL_DEFINITION('international standard',
'automotive_design',2009,#5836);
#5836=APPLICATION_CONTEXT(
'Core Data for Automotive Mechanical Design Process');
#5837=PRODUCT_CONTEXT('part definition',#5836,'mechanical');
#5838=PRODUCT('random_voids','random_voids',$,(#5837));
#5839=PRESENTATION_STYLE_ASSIGNMENT((#5840));
#5840=SURFACE_STYLE_USAGE(.BOTH.,#5841);
#5841=SURFACE_SIDE_STYLE('',(#5842));
#5842=SURFACE_STYLE_FILL_AREA(#5843);
#5843=FILL_AREA_STYLE('Steel - Satin',(#5844));
#5844=FILL_AREA_STYLE_COLOUR('Steel - Satin',#5845);
#5845=COLOUR_RGB('Steel - Satin',0.627450980392157,0.627450980392157,0.627450980392157);
ENDSEC;
END-ISO-10303-21;
